id;data_inversa;dia_semana;horario;uf;br;km;municipio;causa_acidente;tipo_acidente;classificacao_acidente;fase_dia;sentido_via;condicao_metereologica;tipo_pista;tracado_via;area_urbana;pessoas;mortos;feridos_leves;feridos_graves;ilesos;ignorados;feridos;veiculos;latitude;longitude;regional;delegacia;uop
260749;04/01/2020;sábado;07:00:00;RS;470;156;NOVA PRATA;Velocidade Incompatível;Colisão lateral;Com Vítimas Feridas;Pleno dia;Decrescente;Céu Claro;Simples;Reta;Não;6;0;1;0;3;2;1;5;-28,78874508;-51,61532195;SPRF-RS;DEL06-RS;UOP02-DEL06-RS
263303;17/01/2020;sexta-feira;07:00:00;RS;470;227;GARIBALDI;Falta de Atenção à Condução;Saída de leito carroçável;Sem Vítimas;Pleno dia;Decrescente;Céu Claro;Simples;Reta;Não;1;0;0;0;1;0;0;1;-29,21657705;-51,51722624;SPRF-RS;DEL06-RS;UOP01-DEL06-RS
264219;21/01/2020;terça-feira;12:25:00;RS;470;194,8;BENTO GONCALVES;Velocidade Incompatível;Colisão frontal;Com Vítimas Feridas;Pleno dia;Decrescente;Chuva;Simples;Curva;Não;3;0;1;0;1;1;1;3;-29,05030203;-51,57387285;SPRF-RS;DEL06-RS;UOP02-DEL06-RS
264232;21/01/2020;terça-feira;14:25:00;RS;116;153;CAXIAS DO SUL;Defeito Mecânico no Veículo;Colisão traseira;Sem Vítimas;Pleno dia;Crescente;Nublado;Dupla;Reta;Sim;2;0;0;0;2;0;0;2;-29,18579758;-51,17713005;SPRF-RS;DEL05-RS;UOP01-DEL05-RS
264556;23/01/2020;quinta-feira;06:55:00;RS;470;218,9;BENTO GONCALVES;Falta de Atenção à Condução;Colisão frontal;Com Vítimas Feridas;Pleno dia;Crescente;Céu Claro;Dupla;Curva;Não;3;0;0;1;2;0;1;3;-29,17292214;-51,52424936;SPRF-RS;DEL06-RS;UOP01-DEL06-RS
267274;05/02/2020;quarta-feira;13:20:00;RS;470;155,6;NOVA PRATA;Mal Súbito;Colisão frontal;Com Vítimas Feridas;Pleno dia;Crescente;Céu Claro;Simples;Curva;Sim;2;0;0;1;1;0;1;2;-28,775727;-51,611836;SPRF-RS;DEL06-RS;UOP02-DEL06-RS
267778;07/02/2020;sexta-feira;14:15:00;RS;470;217;BENTO GONCALVES;Falta de Atenção à Condução;Colisão transversal;Com Vítimas Feridas;Pleno dia;Crescente;Céu Claro;Simples;Retorno Regulamentado;Sim;2;0;1;0;1;0;1;2;-29,16462512;-51,52551964;SPRF-RS;DEL06-RS;UOP01-DEL06-RS
268268;09/02/2020;domingo;17:30:00;RS;116;95,4;SAO MARCOS;Desobediência às normas de trânsito pelo condutor;Colisão traseira;Sem Vítimas;Pleno dia;Crescente;Nublado;Simples;"Curva;Aclive";Não;3;0;0;0;1;2;0;3;-28,88035499;-51,14594959;SPRF-RS;DEL05-RS;UOP03-DEL05-RS
269060;13/02/2020;quinta-feira;17:30:00;RS;116;143,7;CAXIAS DO SUL;Desobediência às normas de trânsito pelo condutor;Colisão lateral;Com Vítimas Feridas;Pleno dia;Decrescente;Céu Claro;Dupla;Curva;Não;3;0;1;0;2;0;1;2;-29,1201739;-51,12260651;SPRF-RS;DEL05-RS;UOP01-DEL05-RS
270237;19/02/2020;quarta-feira;13:52:00;RS;470;204;BENTO GONCALVES;Desobediência às normas de trânsito pelo condutor;Colisão lateral;Com Vítimas Feridas;Pleno dia;Crescente;Céu Claro;Simples;Reta;Não;4;0;1;0;2;1;1;2;-29,07878136;-51,5682871;SPRF-RS;DEL06-RS;UOP01-DEL06-RS
271677;25/02/2020;terça-feira;19:30:00;RS;470;218,7;BENTO GONCALVES;Velocidade Incompatível;Colisão frontal;Com Vítimas Fatais;Plena Noite;Crescente;Garoa/Chuvisco;Simples;Curva;Sim;5;1;0;2;2;0;2;3;-29,18736273;-51,52078455;SPRF-RS;DEL06-RS;UOP01-DEL06-RS
271807;26/02/2020;quarta-feira;12:30:00;RS;116;147,4;CAXIAS DO SUL;Não guardar distância de segurança;Colisão traseira;Com Vítimas Feridas;Pleno dia;Decrescente;Chuva;Dupla;Reta;Sim;3;0;1;0;2;0;1;2;-29,14908014;-51,1429969;SPRF-RS;DEL05-RS;UOP01-DEL05-RS
271947;27/02/2020;quinta-feira;00:50:00;RS;470;187,5;VERANOPOLIS;Desobediência às normas de trânsito pelo condutor;Saída de leito carroçável;Com Vítimas Feridas;Plena Noite;Decrescente;Céu Claro;Simples;"Curva;Aclive";Não;1;0;1;0;0;0;1;1;-29,00751109;-51,55777697;SPRF-RS;DEL06-RS;UOP02-DEL06-RS
272724;01/03/2020;domingo;22:45:00;RS;116;118,2;SAO MARCOS;Defeito Mecânico no Veículo;Tombamento;Com Vítimas Feridas;Plena Noite;Crescente;Céu Claro;Simples;Curva;Não;5;0;2;1;1;1;3;3;-28,99135902;-51,06761399;SPRF-RS;DEL05-RS;UOP01-DEL05-RS
274609;10/03/2020;terça-feira;21:20:00;RS;116;99,2;SAO MARCOS;Velocidade Incompatível;Tombamento;Com Vítimas Feridas;Plena Noite;Decrescente;Céu Claro;Simples;"Declive;Curva";Não;2;0;1;0;0;1;1;2;-28,88092792;-51,12782799;SPRF-RS;DEL05-RS;UOP01-DEL05-RS
276204;18/03/2020;quarta-feira;17:25:00;RS;470;175,4;VERANOPOLIS;Falta de Atenção à Condução;Colisão traseira;Com Vítimas Feridas;Pleno dia;Decrescente;Nublado;Simples;Curva;Sim;9;0;1;0;7;3;1;9;-28,92409163;-51,53831363;SPRF-RS;DEL06-RS;UOP02-DEL06-RS
276317;19/03/2020;quinta-feira;06:30:00;RS;116;121,7;SAO MARCOS;Falta de Atenção à Condução;Tombamento;Com Vítimas Feridas;Amanhecer;Crescente;Céu Claro;Dupla;Curva;Não;2;0;1;0;0;2;1;3;-29,00573128;-51,06932906;SPRF-RS;DEL05-RS;UOP01-DEL05-RS
278765;07/04/2020;terça-feira;07:50:00;RS;470;192,5;VERANOPOLIS;Não guardar distância de segurança;Saída de leito carroçável;Sem Vítimas;Pleno dia;Decrescente;Nublado;Simples;Reta;Não;2;0;0;0;2;0;0;1;-29,03826903;-51,56647017;SPRF-RS;DEL06-RS;UOP02-DEL06-RS
279660;13/04/2020;segunda-feira;13:21:00;RS;116;150,4;CAXIAS DO SUL;Desobediência às normas de trânsito pelo condutor;Colisão lateral;Com Vítimas Feridas;Pleno dia;Decrescente;Céu Claro;Dupla;Reta;Sim;3;0;1;0;1;1;1;3;-29,168428;-51,158337;SPRF-RS;DEL05-RS;UOP01-DEL05-RS
279782;14/04/2020;terça-feira;10:35:00;RS;470;232;CARLOS BARBOSA;Velocidade Incompatível;Tombamento;Sem Vítimas;Pleno dia;Decrescente;Nublado;Simples;Retorno Regulamentado;Não;1;0;0;0;1;0;0;1;-29,29846516;-51,4810664;SPRF-RS;DEL06-RS;UOP01-DEL06-RS
279964;15/04/2020;quarta-feira;18:40:00;RS;116;118;SAO MARCOS;Ingestão de Álcool;Colisão lateral;Sem Vítimas;Plena Noite;Crescente;Céu Claro;Simples;Curva;Não;3;0;0;0;2;1;0;3;-28,99135902;-51,06761399;SPRF-RS;DEL05-RS;UOP01-DEL05-RS
280408;18/04/2020;sábado;15:20:00;RS;470;160;NOVA PRATA;Falta de Atenção à Condução;Colisão transversal;Com Vítimas Feridas;Pleno dia;Crescente;Céu Claro;Simples;Interseção de Vias;Não;4;0;0;1;3;0;1;2;-28,81066741;-51,60061401;SPRF-RS;DEL06-RS;UOP02-DEL06-RS
282106;30/04/2020;quinta-feira;02:30:00;RS;116;115,3;SAO MARCOS;Ingestão de Álcool;Saída de leito carroçável;Sem Vítimas;Plena Noite;Decrescente;Nublado;Simples;"Declive;Curva";Sim;1;0;0;0;1;0;0;1;-28,9712;-51,072197;SPRF-RS;DEL05-RS;UOP01-DEL05-RS
283304;07/05/2020;quinta-feira;15:20:00;RS;116;108;SAO MARCOS;Desobediência às normas de trânsito pelo condutor;Colisão transversal;Com Vítimas Feridas;Pleno dia;Crescente;Sol;Simples;Curva;Não;3;0;1;0;1;1;1;3;-28,92514807;-51,09447449;SPRF-RS;DEL05-RS;UOP01-DEL05-RS
283389;08/05/2020;sexta-feira;11:20:00;RS;116;149;CAXIAS DO SUL;Falta de Atenção à Condução;Atropelamento de Pedestre;Com Vítimas Feridas;Pleno dia;Crescente;Céu Claro;Dupla;"Declive;Curva";Sim;2;0;1;0;1;0;1;2;-29,15996905;-51,15645292;SPRF-RS;DEL05-RS;UOP01-DEL05-RS
284512;15/05/2020;sexta-feira;06:50:00;RS;470;155;NOVA PRATA;Falta de Atenção à Condução;Colisão transversal;Com Vítimas Feridas;Amanhecer;Crescente;Sol;Dupla;Interseção de Vias;Sim;2;0;1;0;1;0;1;2;-28,78243906;-51,61511825;SPRF-RS;DEL06-RS;UOP02-DEL06-RS
285518;21/05/2020;quinta-feira;07:50:00;RS;116;180,3;NOVA PETROPOLIS;Desobediência às normas de trânsito pelo condutor;Colisão lateral;Com Vítimas Feridas;Pleno dia;Decrescente;Céu Claro;Simples;Reta;Não;2;0;1;0;1;0;1;2;-29,364582;-51,130638;SPRF-RS;DEL05-RS;UOP02-DEL05-RS
285715;22/05/2020;sexta-feira;10:45:00;RS;470;178;VERANOPOLIS;Falta de Atenção à Condução;Colisão traseira;Com Vítimas Feridas;Pleno dia;Crescente;Nublado;Simples;Reta;Sim;2;0;1;0;1;0;1;2;-28,94753484;-51,55413312;SPRF-RS;DEL06-RS;UOP02-DEL06-RS
285792;22/05/2020;sexta-feira;16:40:00;RS;470;223;GARIBALDI;Ingestão de Álcool;Colisão transversal;Sem Vítimas;Pleno dia;Decrescente;Garoa/Chuvisco;Simples;Reta;Não;2;0;0;0;2;0;0;2;-29,21249203;-51,51794436;SPRF-RS;DEL06-RS;UOP01-DEL06-RS
286261;25/05/2020;segunda-feira;12:00:00;RS;470;218;BENTO GONCALVES;Velocidade Incompatível;Tombamento;Com Vítimas Feridas;Pleno dia;Crescente;Sol;Simples;"Declive;Curva";Sim;1;0;1;0;0;0;1;1;-29,185905;-51,520755;SPRF-RS;DEL06-RS;UOP01-DEL06-RS
286534;26/05/2020;terça-feira;18:50:00;RS;470;215,5;BENTO GONCALVES;Falta de Atenção à Condução;Colisão frontal;Com Vítimas Feridas;Plena Noite;Crescente;Céu Claro;Simples;"Curva;Aclive";Sim;6;0;1;1;4;0;2;3;-29,150635;-51,530241;SPRF-RS;DEL06-RS;UOP01-DEL06-RS
286801;28/05/2020;quinta-feira;11:05:00;RS;116;143,2;CAXIAS DO SUL;Desobediência às normas de trânsito pelo condutor;Colisão lateral;Com Vítimas Feridas;Pleno dia;Crescente;Céu Claro;Dupla;Declive;Sim;3;0;1;0;1;1;1;3;-29,1201739;-51,12260651;SPRF-RS;DEL05-RS;UOP01-DEL05-RS
288372;05/06/2020;sexta-feira;16:00:00;RS;116;164,2;CAXIAS DO SUL;Pista Escorregadia;Derramamento de carga;Sem Vítimas;Pleno dia;Crescente;Chuva;Simples;"Declive;Curva";Não;2;0;0;0;1;1;0;2;-29,26344857;-51,16113999;SPRF-RS;DEL05-RS;UOP02-DEL05-RS
288894;08/06/2020;segunda-feira;12:40:00;RS;470;229;GARIBALDI;Mal Súbito;Colisão lateral;Com Vítimas Feridas;Pleno dia;Decrescente;Céu Claro;Simples;Reta;Sim;3;0;1;0;2;0;1;2;-29,218603;-51,51677;SPRF-RS;DEL06-RS;UOP01-DEL06-RS
288989;08/06/2020;segunda-feira;21:40:00;RS;470;203;BENTO GONCALVES;Ingestão de Álcool;Colisão frontal;Com Vítimas Feridas;Plena Noite;Crescente;Nublado;Dupla;Curva;Sim;2;0;1;0;1;0;1;2;-29,07878136;-51,5682871;SPRF-RS;DEL06-RS;UOP02-DEL06-RS
289147;09/06/2020;terça-feira;19:00:00;RS;470;194;BENTO GONCALVES;Velocidade Incompatível;Tombamento;Com Vítimas Feridas;Plena Noite;Crescente;Céu Claro;Simples;Curva;Não;2;0;1;0;0;1;1;2;-29,04871437;-51,5699352;SPRF-RS;DEL06-RS;UOP02-DEL06-RS
291389;22/06/2020;segunda-feira;10:15:00;RS;470;232,6;CARLOS BARBOSA;Defeito Mecânico no Veículo;Tombamento;Sem Vítimas;Pleno dia;Decrescente;Céu Claro;Simples;Rotatória;Não;1;0;0;0;1;0;0;1;-29,23579206;-51,51193423;SPRF-RS;DEL06-RS;UOP01-DEL06-RS
291724;24/06/2020;quarta-feira;15:00:00;RS;470;231,7;CARLOS BARBOSA;Falta de Atenção à Condução;Danos eventuais;Sem Vítimas;Pleno dia;Crescente;Céu Claro;Simples;Curva;Não;2;0;0;0;1;1;0;2;-29,23579206;-51,51193423;SPRF-RS;DEL06-RS;UOP01-DEL06-RS
292815;30/06/2020;terça-feira;15:50:00;RS;470;154,9;NOVA PRATA;Falta de Atenção à Condução;Saída de leito carroçável;Com Vítimas Feridas;Pleno dia;Decrescente;Garoa/Chuvisco;Simples;Reta;Sim;2;0;1;0;0;1;1;2;-28,77221461;-51,61657156;SPRF-RS;DEL06-RS;UOP02-DEL06-RS
292918;01/07/2020;quarta-feira;11:30:00;RS;470;172;VERANOPOLIS;Falta de Atenção à Condução;Colisão transversal;Sem Vítimas;Pleno dia;Decrescente;Garoa/Chuvisco;Simples;Reta;Sim;3;0;0;0;1;2;0;3;-28,89106431;-51,54975736;SPRF-RS;DEL06-RS;UOP02-DEL06-RS
295275;13/07/2020;segunda-feira;18:15:00;RS;0;0;CAXIAS DO SUL;Falta de Atenção à Condução;Colisão com objeto estático;Sem Vítimas;Plena Noite;Não Informado;Céu Claro;Simples;Curva;Sim;3;0;0;0;1;2;0;3;-29,1825899;-51,16604447;SPRF-RS;DEL05-RS;UOP01-DEL05-RS
295396;14/07/2020;terça-feira;13:15:00;RS;116;210,5;MORRO REUTER;Desobediência às normas de trânsito pelo condutor;Colisão lateral;Com Vítimas Feridas;Pleno dia;Crescente;Sol;Simples;Curva;Não;4;0;2;0;2;0;2;2;-29,50599374;-51,0997709;SPRF-RS;DEL05-RS;UOP02-DEL05-RS
295701;16/07/2020;quinta-feira;14:00:00;RS;470;205,9;BENTO GONCALVES;Falta de Atenção à Condução;Saída de leito carroçável;Sem Vítimas;Pleno dia;Crescente;Chuva;Simples;Curva;Não;1;0;0;0;1;0;0;1;-29,08977;-51,556176;SPRF-RS;DEL06-RS;UOP01-DEL06-RS
296785;21/07/2020;terça-feira;14:15:00;RS;470;208,8;BENTO GONCALVES;Carga excessiva e/ou mal acondicionada;Tombamento;Com Vítimas Feridas;Pleno dia;Decrescente;Céu Claro;Simples;Curva;Não;5;0;4;0;0;1;4;2;-29,11323174;-51,5437746;SPRF-RS;DEL06-RS;UOP01-DEL06-RS
296929;22/07/2020;quarta-feira;20:00:00;RS;470;174;VERANOPOLIS;Falta de Atenção à Condução;Colisão transversal;Com Vítimas Feridas;Plena Noite;Decrescente;Céu Claro;Simples;Retorno Regulamentado;Sim;4;0;1;0;2;1;1;3;-28,90964993;-51,54526793;SPRF-RS;DEL06-RS;UOP02-DEL06-RS
297923;27/07/2020;segunda-feira;19:55:00;RS;470;221,9;GARIBALDI;Desobediência às normas de trânsito pelo condutor;Colisão transversal;Com Vítimas Feridas;Plena Noite;Decrescente;Garoa/Chuvisco;Simples;Reta;Sim;3;0;0;2;1;0;2;2;-29,19516365;-51,51950463;SPRF-RS;DEL06-RS;UOP01-DEL06-RS
297989;28/07/2020;terça-feira;08:15:00;RS;470;227;GARIBALDI;Carga excessiva e/ou mal acondicionada;Tombamento;Sem Vítimas;Pleno dia;Decrescente;Chuva;Simples;"Aclive;Reta";Sim;2;0;0;0;1;1;0;2;-29,26235744;-51,5053476;SPRF-RS;DEL06-RS;UOP01-DEL06-RS
298197;29/07/2020;quarta-feira;13:30:00;RS;116;105,6;SAO MARCOS;Carga excessiva e/ou mal acondicionada;Derramamento de carga;Com Vítimas Fatais;Pleno dia;Decrescente;Céu Claro;Simples;Curva;Não;3;1;0;1;1;0;1;2;-28,91254612;-51,11046562;SPRF-RS;DEL05-RS;UOP01-DEL05-RS
298424;30/07/2020;quinta-feira;14:50:00;RS;116;217;MORRO REUTER;Defeito Mecânico no Veículo;Colisão transversal;Com Vítimas Feridas;Pleno dia;Crescente;Céu Claro;Múltipla;Interseção de Vias;Sim;2;0;0;1;1;0;1;2;-29,5381046;-51,07878685;SPRF-RS;DEL05-RS;UOP02-DEL05-RS
299263;03/08/2020;segunda-feira;16:15:00;RS;470;219;BENTO GONCALVES;Não guardar distância de segurança;Colisão lateral;Com Vítimas Feridas;Pleno dia;Decrescente;Céu Claro;Simples;"Curva;Aclive";Não;2;0;1;0;1;0;1;2;-29,17909489;-51,51855675;SPRF-RS;DEL06-RS;UOP01-DEL06-RS
299661;05/08/2020;quarta-feira;19:15:00;RS;116;149,7;CAXIAS DO SUL;Não guardar distância de segurança;Colisão lateral;Com Vítimas Feridas;Plena Noite;Decrescente;Céu Claro;Dupla;Aclive;Sim;3;0;2;0;1;0;2;2;-29,15996905;-51,15645292;SPRF-RS;DEL05-RS;UOP01-DEL05-RS
299667;05/08/2020;quarta-feira;20:40:00;RS;116;133;CAXIAS DO SUL;Ultrapassagem Indevida;Colisão lateral;Com Vítimas Feridas;Plena Noite;Crescente;Céu Claro;Simples;Reta;Não;4;0;1;0;1;2;1;3;-29,05590302;-51,09689605;SPRF-RS;DEL05-RS;UOP01-DEL05-RS
299958;07/08/2020;sexta-feira;14:20:00;RS;470;202;BENTO GONCALVES;Ingestão de Álcool;Saída de leito carroçável;Sem Vítimas;Pleno dia;Crescente;Céu Claro;Simples;Curva;Não;1;0;0;0;1;0;0;1;-29,07677887;-51,58496599;SPRF-RS;DEL06-RS;UOP02-DEL06-RS
300799;10/06/2020;quarta-feira;17:35:00;RS;470;224,5;GARIBALDI;Falta de Atenção à Condução;Colisão frontal;Com Vítimas Feridas;Plena Noite;Crescente;Chuva;Simples;Declive;Não;8;0;1;3;1;3;4;5;-29,23428286;-51,51609421;SPRF-RS;DEL06-RS;UOP01-DEL06-RS
300960;12/08/2020;quarta-feira;07:20:00;RS;470;193,4;BENTO GONCALVES;Velocidade Incompatível;Saída de leito carroçável;Com Vítimas Feridas;Pleno dia;Crescente;Chuva;Simples;"Declive;Curva";Não;1;0;0;1;0;0;1;1;-29,04507912;-51,56926298;SPRF-RS;DEL06-RS;UOP02-DEL06-RS
302485;20/08/2020;quinta-feira;06:50:00;RS;116;157,5;CAXIAS DO SUL;Velocidade Incompatível;Colisão frontal;Com Vítimas Feridas;Pleno dia;Crescente;Céu Claro;Simples;Curva;Não;3;0;2;0;1;0;2;2;-29,21630566;-51,17405891;SPRF-RS;DEL05-RS;UOP01-DEL05-RS
302848;22/08/2020;sábado;02:10:00;RS;470;162;NOVA PRATA;Velocidade Incompatível;Colisão frontal;Com Vítimas Feridas;Plena Noite;Crescente;Céu Claro;Simples;"Reta;Ponte";Não;3;0;1;0;2;0;1;2;-28,82307548;-51,58652902;SPRF-RS;DEL06-RS;UOP02-DEL06-RS
304963;01/09/2020;terça-feira;08:45:00;RS;470;232;CARLOS BARBOSA;Defeito Mecânico no Veículo;Colisão lateral;Sem Vítimas;Pleno dia;Decrescente;Nevoeiro/Neblina;Simples;"Interseção de Vias;Declive;Retorno Regulamentado";Não;2;0;0;0;2;0;0;2;-29,29875009;-51,48086071;SPRF-RS;DEL06-RS;UOP01-DEL06-RS
306137;06/09/2020;domingo;10:40:00;RS;470;157,2;NOVA PRATA;Velocidade Incompatível;Saída de leito carroçável;Com Vítimas Feridas;Pleno dia;Crescente;Chuva;Simples;Curva;Não;2;0;1;0;0;1;1;2;-28,7880694;-51,6142885;SPRF-RS;DEL06-RS;UOP02-DEL06-RS
306988;10/09/2020;quinta-feira;10:10:00;RS;470;168;VILA FLORES;Falta de Atenção à Condução;Colisão transversal;Com Vítimas Feridas;Pleno dia;Decrescente;Céu Claro;Simples;Reta;Não;3;0;1;0;1;1;1;3;-28,85711814;-51,55698016;SPRF-RS;DEL06-RS;UOP02-DEL06-RS
308007;15/09/2020;terça-feira;04:30:00;RS;470;194;BENTO GONCALVES;Velocidade Incompatível;Saída de leito carroçável;Com Vítimas Feridas;Plena Noite;Decrescente;Nublado;Simples;Curva;Não;2;0;1;0;0;2;1;3;-29,05030203;-51,57387285;SPRF-RS;DEL06-RS;UOP02-DEL06-RS
309224;20/09/2020;domingo;21:40:00;RS;116;162,3;CAXIAS DO SUL;Defeito Mecânico no Veículo;Incêndio;Sem Vítimas;Plena Noite;Decrescente;Céu Claro;Simples;Curva;Não;2;0;0;0;1;1;0;2;-29,24754637;-51,15737756;SPRF-RS;DEL05-RS;UOP02-DEL05-RS
309738;23/09/2020;quarta-feira;11:50:00;RS;470;211;BENTO GONCALVES;Velocidade Incompatível;Tombamento;Com Vítimas Feridas;Pleno dia;Crescente;Céu Claro;Simples;"Curva;Aclive";Não;2;0;1;0;0;1;1;2;-29,12453775;-51,54360394;SPRF-RS;DEL06-RS;UOP01-DEL06-RS
311628;02/10/2020;sexta-feira;13:57:00;RS;470;155,4;NOVA PRATA;Falta de Atenção à Condução;Colisão com objeto estático;Com Vítimas Feridas;Pleno dia;Crescente;Nublado;Simples;Interseção de Vias;Não;8;0;2;0;1;5;2;4;-28,77443539;-51,61362117;SPRF-RS;DEL06-RS;UOP02-DEL06-RS
314560;13/10/2020;terça-feira;14:50:00;RS;470;219,4;BENTO GONCALVES;Velocidade Incompatível;Tombamento;Com Vítimas Feridas;Pleno dia;Decrescente;Sol;Simples;"Curva;Aclive";Não;2;0;1;0;0;1;1;2;-29,17909489;-51,51855675;SPRF-RS;DEL06-RS;UOP01-DEL06-RS
314563;13/10/2020;terça-feira;14:30:00;RS;116;149,8;CAXIAS DO SUL;Falta de Atenção à Condução;Colisão lateral;Com Vítimas Feridas;Pleno dia;Decrescente;Céu Claro;Dupla;Reta;Sim;3;0;1;0;2;0;1;2;-29,15996905;-51,15645292;SPRF-RS;DEL05-RS;UOP01-DEL05-RS
315026;16/10/2020;sexta-feira;00:25:00;RS;470;214,5;BENTO GONCALVES;Desobediência às normas de trânsito pelo condutor;Colisão traseira;Sem Vítimas;Plena Noite;Crescente;Céu Claro;Simples;Curva;Sim;3;0;0;0;1;2;0;3;-29,14408811;-51,53555411;SPRF-RS;DEL06-RS;UOP01-DEL06-RS
315808;19/10/2020;segunda-feira;19:10:00;RS;470;213;BENTO GONCALVES;Ingestão de Álcool;Colisão transversal;Com Vítimas Feridas;Plena Noite;Crescente;Céu Claro;Simples;Desvio Temporário;Sim;2;0;1;0;1;0;1;2;-29,138703;-51,542708;SPRF-RS;DEL06-RS;UOP01-DEL06-RS
316863;24/10/2020;sábado;21:38:00;RS;116;141;CAXIAS DO SUL;Ingestão de Álcool;Colisão frontal;Sem Vítimas;Plena Noite;Crescente;Céu Claro;Simples;Curva;Sim;2;0;0;0;2;0;0;2;-29,11012912;-51,10944986;SPRF-RS;DEL05-RS;UOP01-DEL05-RS
317377;26/10/2020;segunda-feira;15:15:00;RS;470;188,6;VERANOPOLIS;Falta de Atenção à Condução;Saída de leito carroçável;Sem Vítimas;Pleno dia;Crescente;Garoa/Chuvisco;Simples;Curva;Não;2;0;0;0;1;1;0;2;-29,0073217;-51,56247228;SPRF-RS;DEL06-RS;UOP02-DEL06-RS
319463;28/04/2020;terça-feira;17:00:00;RS;470;155;NOVA PRATA;Não guardar distância de segurança;Engavetamento;Com Vítimas Feridas;Anoitecer;Decrescente;Céu Claro;Simples;Reta;Sim;8;0;0;2;5;1;2;6;-28,77159195;-51,61759637;SPRF-RS;DEL06-RS;UOP02-DEL06-RS
319537;06/11/2020;sexta-feira;10:30:00;RS;470;154;NOVA PRATA;Desobediência às normas de trânsito pelo pedestre;Colisão lateral;Com Vítimas Feridas;Pleno dia;Crescente;Céu Claro;Simples;Reta;Sim;2;0;1;0;1;0;1;2;-28,77711311;-51,61126545;SPRF-RS;DEL06-RS;UOP02-DEL06-RS
322340;19/11/2020;quinta-feira;06:20:00;RS;116;146,7;CAXIAS DO SUL;Não guardar distância de segurança;Colisão lateral;Com Vítimas Feridas;Pleno dia;Crescente;Sol;Dupla;Reta;Sim;3;0;1;0;1;1;1;3;-29,14228897;-51,13622202;SPRF-RS;DEL05-RS;UOP01-DEL05-RS
322960;21/11/2020;sábado;23:13:00;RS;470;201;BENTO GONCALVES;Velocidade Incompatível;Tombamento;Com Vítimas Feridas;Plena Noite;Decrescente;Céu Claro;Simples;Curva;Não;1;0;1;0;0;0;1;1;-29,07245097;-51,58569103;SPRF-RS;DEL06-RS;UOP02-DEL06-RS
323566;24/11/2020;terça-feira;11:35:00;RS;116;217;MORRO REUTER;Falta de Atenção à Condução;Colisão traseira;Com Vítimas Feridas;Pleno dia;Crescente;Sol;Simples;Rotatória;Sim;3;0;1;0;1;1;1;3;-29,54396389;-51,08555876;SPRF-RS;DEL05-RS;UOP02-DEL05-RS
323723;25/11/2020;quarta-feira;13:40:00;RS;470;154,5;NOVA PRATA;Não guardar distância de segurança;Engavetamento;Com Vítimas Feridas;Pleno dia;Decrescente;Céu Claro;Simples;Reta;Sim;4;0;1;0;2;1;1;4;-28,78243906;-51,61511825;SPRF-RS;DEL06-RS;UOP02-DEL06-RS
325293;03/12/2020;quinta-feira;07:45:00;RS;116;123,4;SAO MARCOS;Desobediência às normas de trânsito pelo condutor;Colisão transversal;Com Vítimas Feridas;Pleno dia;Crescente;Nublado;Simples;Reta;Sim;3;0;1;0;1;1;1;3;-29,01872689;-51,07577621;SPRF-RS;DEL05-RS;UOP01-DEL05-RS
326297;07/12/2020;segunda-feira;11:20:00;RS;470;232;CARLOS BARBOSA;Falta de Atenção à Condução;Colisão transversal;Com Vítimas Feridas;Pleno dia;Decrescente;Ignorado;Simples;Interseção de Vias;Não;3;0;0;1;1;1;1;3;-29,29950562;-51,48007482;SPRF-RS;DEL06-RS;UOP01-DEL06-RS
326334;07/12/2020;segunda-feira;14:20:00;RS;470;237;CARLOS BARBOSA;Desobediência às normas de trânsito pelo condutor;Colisão transversal;Com Vítimas Feridas;Pleno dia;Decrescente;Nublado;Simples;Reta;Não;3;0;1;0;1;1;1;3;-29,33383057;-51,50051594;SPRF-RS;DEL06-RS;UOP01-DEL06-RS
326888;10/12/2020;quinta-feira;10:35:00;RS;470;215,1;BENTO GONCALVES;Desobediência às normas de trânsito pelo condutor;Colisão lateral;Com Vítimas Feridas;Pleno dia;Crescente;Céu Claro;Simples;Reta;Sim;2;0;1;0;1;0;1;2;-29,150635;-51,530241;SPRF-RS;DEL06-RS;UOP01-DEL06-RS
328275;16/12/2020;quarta-feira;14:30:00;RS;116;134,4;CAXIAS DO SUL;Velocidade Incompatível;Tombamento;Com Vítimas Feridas;Pleno dia;Decrescente;Céu Claro;Simples;Curva;Não;2;0;1;0;0;2;1;3;-29,06329012;-51,09842716;SPRF-RS;DEL05-RS;UOP01-DEL05-RS
328603;18/12/2020;sexta-feira;05:50:00;RS;470;215,4;BENTO GONCALVES;Falta de Atenção à Condução;Colisão transversal;Com Vítimas Feridas;Pleno dia;Decrescente;Céu Claro;Simples;Retorno Regulamentado;Sim;5;0;0;1;1;3;1;4;-29,16134841;-51,5262348;SPRF-RS;DEL06-RS;UOP01-DEL06-RS
330992;23/12/2020;quarta-feira;15:30:00;RS;470;250,7;BARAO;Falta de Atenção à Condução;Colisão transversal;Com Vítimas Feridas;Pleno dia;Decrescente;Céu Claro;Simples;Interseção de Vias;Não;3;0;2;0;1;0;2;2;-29,38948;-51,494038;SPRF-RS;DEL06-RS;UOP01-DEL06-RS
331029;28/12/2020;segunda-feira;13:45:00;RS;470;212,3;BENTO GONCALVES;Condutor Dormindo;Tombamento;Com Vítimas Feridas;Pleno dia;Crescente;Nublado;Simples;Reta;Não;1;0;1;0;0;0;1;1;-29,14100749;-51,54090285;SPRF-RS;DEL06-RS;UOP01-DEL06-RS
319318;05/11/2020;quinta-feira;15:15:00;RS;116;150;CAXIAS DO SUL;Falta de Atenção à Condução;Colisão traseira;Sem Vítimas;Pleno dia;Decrescente;Céu Claro;Múltipla;Reta;Sim;3;0;0;0;2;1;0;3;-29,168428;-51,158337;SPRF-RS;DEL05-RS;UOP01-DEL05-RS
260716;04/01/2020;sábado;02:40:00;RS;116;143,4;CAXIAS DO SUL;Velocidade Incompatível;Colisão com objeto estático;Com Vítimas Feridas;Plena Noite;Crescente;Céu Claro;Dupla;Curva;Sim;2;0;0;1;0;1;1;2;-29,1201739;-51,12260651;SPRF-RS;DEL05-RS;UOP01-DEL05-RS
260819;04/01/2020;sábado;15:10:00;RS;116;164,9;CAXIAS DO SUL;Desobediência às normas de trânsito pelo condutor;Colisão com objeto estático;Com Vítimas Feridas;Pleno dia;Crescente;Chuva;Dupla;Curva;Não;2;0;1;0;1;0;1;1;-29,26344857;-51,16113999;SPRF-RS;DEL05-RS;UOP02-DEL05-RS
261134;06/01/2020;segunda-feira;07:25:00;RS;470;219,9;BENTO GONCALVES;Desobediência às normas de trânsito pelo condutor;Colisão transversal;Com Vítimas Feridas;Pleno dia;Crescente;Céu Claro;Simples;Interseção de Vias;Não;2;0;1;1;0;0;2;2;-29,17909489;-51,51855675;SPRF-RS;DEL06-RS;UOP01-DEL06-RS
261176;06/01/2020;segunda-feira;11:30:00;RS;470;159;NOVA PRATA;Desobediência às normas de trânsito pelo condutor;Colisão transversal;Com Vítimas Feridas;Pleno dia;Decrescente;Céu Claro;Simples;"Interseção de Vias;Reta";Sim;3;0;1;0;2;0;1;2;-28,80493769;-51,60799926;SPRF-RS;DEL06-RS;UOP02-DEL06-RS
261236;06/01/2020;segunda-feira;18:05:00;RS;470;217;BENTO GONCALVES;Falta de Atenção à Condução;Colisão frontal;Com Vítimas Feridas;Pleno dia;Crescente;Céu Claro;Simples;"Interseção de Vias;Curva";Sim;7;0;4;2;1;0;6;2;-29,17856981;-51,51819885;SPRF-RS;DEL06-RS;UOP01-DEL06-RS
261429;07/01/2020;terça-feira;20:30:00;RS;116;115,9;SAO MARCOS;Desobediência às normas de trânsito pelo condutor;Colisão lateral;Com Vítimas Feridas;Plena Noite;Crescente;Céu Claro;Simples;Reta;Sim;2;0;1;0;1;0;1;2;-28,9712;-51,072197;SPRF-RS;DEL05-RS;UOP01-DEL05-RS
261513;08/01/2020;quarta-feira;11:10:00;RS;116;150;CAXIAS DO SUL;Desobediência às normas de trânsito pelo pedestre;Atropelamento de Pedestre;Com Vítimas Feridas;Pleno dia;Decrescente;Sol;Dupla;Reta;Sim;2;0;2;0;0;0;2;2;-29,16875387;-51,15844846;SPRF-RS;DEL05-RS;UOP01-DEL05-RS
261617;09/01/2020;quinta-feira;04:00:00;RS;116;134,8;CAXIAS DO SUL;Condutor Dormindo;Colisão com objeto estático;Com Vítimas Feridas;Plena Noite;Crescente;Céu Claro;Simples;Aclive;Não;1;0;1;0;0;0;1;1;-29,06329012;-51,09842716;SPRF-RS;DEL05-RS;UOP01-DEL05-RS
262025;11/01/2020;sábado;00:40:00;RS;116;148,4;CAXIAS DO SUL;Velocidade Incompatível;Saída de leito carroçável;Sem Vítimas;Plena Noite;Crescente;Nublado;Dupla;"Declive;Curva";Não;1;0;0;0;0;1;0;1;-29,15444539;-51,15101681;SPRF-RS;DEL05-RS;UOP01-DEL05-RS
262070;11/01/2020;sábado;09:00:00;RS;116;149,4;CAXIAS DO SUL;Ingestão de Álcool;Colisão traseira;Com Vítimas Feridas;Pleno dia;Decrescente;Chuva;Dupla;Reta;Sim;3;0;0;1;2;0;1;3;-29,15996905;-51,15645292;SPRF-RS;DEL05-RS;UOP01-DEL05-RS
262112;11/01/2020;sábado;11:20:00;RS;470;218;BENTO GONCALVES;Falta de Atenção à Condução;Colisão transversal;Com Vítimas Feridas;Pleno dia;Decrescente;Nublado;Simples;Interseção de Vias;Sim;4;0;1;0;3;0;1;2;-29,18236765;-51,5201399;SPRF-RS;DEL06-RS;UOP01-DEL06-RS
262132;11/01/2020;sábado;13:25:00;RS;116;142,4;CAXIAS DO SUL;Falta de Atenção à Condução;Colisão com objeto estático;Com Vítimas Feridas;Pleno dia;Crescente;Nublado;Dupla;Curva;Sim;1;0;1;0;0;0;1;1;-29,11727;-51,115208;SPRF-RS;DEL05-RS;UOP01-DEL05-RS
262153;11/01/2020;sábado;15:40:00;RS;116;190,5;NOVA PETROPOLIS;Velocidade Incompatível;Colisão traseira;Com Vítimas Feridas;Pleno dia;Crescente;Céu Claro;Simples;Curva;Não;2;0;0;1;1;0;1;2;-29,42252397;-51,13228812;SPRF-RS;DEL05-RS;UOP02-DEL05-RS
262216;11/01/2020;sábado;21:00:00;RS;116;119,9;SAO MARCOS;Ingestão de Álcool;Colisão frontal;Com Vítimas Feridas;Plena Noite;Crescente;Nublado;Simples;Curva;Não;3;0;1;0;2;0;1;2;-28,9961971;-51,07362295;SPRF-RS;DEL05-RS;UOP01-DEL05-RS
262257;12/01/2020;domingo;02:00:00;RS;470;166,1;VILA FLORES;Ingestão de Álcool;Capotamento;Com Vítimas Feridas;Plena Noite;Decrescente;Nublado;Dupla;Curva;Não;2;0;1;1;0;0;2;1;-28,84766792;-51,57122398;SPRF-RS;DEL06-RS;UOP02-DEL06-RS
262630;13/01/2020;segunda-feira;17:00:00;RS;116;146,1;CAXIAS DO SUL;Desobediência às normas de trânsito pelo condutor;Colisão transversal;Com Vítimas Feridas;Pleno dia;Crescente;Sol;Dupla;Reta;Sim;4;0;3;0;1;0;3;2;-29,14228897;-51,13622202;SPRF-RS;DEL05-RS;UOP01-DEL05-RS
262654;13/01/2020;segunda-feira;19:00:00;RS;116;153,7;CAXIAS DO SUL;Desobediência às normas de trânsito pelo condutor;Colisão transversal;Com Vítimas Feridas;Pleno dia;Crescente;Céu Claro;Dupla;Interseção de Vias;Sim;2;0;1;0;1;0;1;2;-29,18791023;-51,182127;SPRF-RS;DEL05-RS;UOP01-DEL05-RS
262982;15/01/2020;quarta-feira;16:20:00;RS;116;159,5;CAXIAS DO SUL;Desobediência às normas de trânsito pelo condutor;Colisão transversal;Com Vítimas Feridas;Pleno dia;Decrescente;Nublado;Simples;Reta;Sim;2;0;0;1;1;0;1;2;-29,22511711;-51,16049118;SPRF-RS;DEL05-RS;UOP01-DEL05-RS
263105;15/01/2020;quarta-feira;22:10:00;RS;0;0;VILA FLORES;Pista Escorregadia;Colisão com objeto estático;Sem Vítimas;Plena Noite;Não Informado;Garoa/Chuvisco;Simples;"Reta;Declive";Não;3;0;0;0;3;0;0;1;-28,87876815;-51,53875535;SPRF-RS;DEL06-RS;N/A
263134;16/01/2020;quinta-feira;11:30:00;RS;116;148;CAXIAS DO SUL;Pista Escorregadia;Colisão transversal;Com Vítimas Feridas;Pleno dia;Crescente;Chuva;Dupla;Curva;Sim;4;0;2;2;0;0;4;2;-29,15444539;-51,15101681;SPRF-RS;DEL05-RS;UOP01-DEL05-RS
263284;17/01/2020;sexta-feira;06:50:00;RS;470;169,3;VILA FLORES;Falta de Atenção à Condução;Colisão transversal;Com Vítimas Fatais;Pleno dia;Decrescente;Céu Claro;Simples;Reta;Sim;2;1;0;0;1;0;0;2;-28,87127096;-51,55072873;SPRF-RS;DEL06-RS;UOP02-DEL06-RS
263604;18/01/2020;sábado;14:50:00;RS;470;174,7;VERANOPOLIS;Ingestão de Álcool;Capotamento;Sem Vítimas;Pleno dia;Crescente;Céu Claro;Simples;Reta;Sim;1;0;0;0;1;0;0;1;-28,90964993;-51,54526793;SPRF-RS;DEL06-RS;UOP02-DEL06-RS
263679;18/01/2020;sábado;22:00:00;RS;290;153,2;NOVA PRATA;Ingestão de Álcool;Colisão transversal;Com Vítimas Feridas;Plena Noite;Decrescente;Céu Claro;Simples;Reta;Não;6;0;0;2;4;0;2;2;-28,75959988;-51,62679803;SPRF-RS;DEL02-RS;UOP01-DEL02-RS
263729;19/01/2020;domingo;05:00:00;RS;116;141,1;CAXIAS DO SUL;Ingestão de Álcool;Colisão com objeto estático;Com Vítimas Feridas;Amanhecer;Crescente;Céu Claro;Simples;Curva;Não;1;0;1;0;0;0;1;1;-29,11161425;-51,11040472;SPRF-RS;DEL05-RS;UOP01-DEL05-RS
263771;19/01/2020;domingo;10:48:00;RS;470;175;VERANOPOLIS;Falta de Atenção à Condução;Colisão traseira;Com Vítimas Feridas;Pleno dia;Crescente;Céu Claro;Simples;Reta;Não;2;0;2;0;0;0;2;2;-28,91648502;-51,53938651;SPRF-RS;DEL06-RS;UOP02-DEL06-RS
263809;19/01/2020;domingo;15:30:00;RS;116;200,2;PICADA CAFE;Pista Escorregadia;Tombamento;Com Vítimas Feridas;Pleno dia;Decrescente;Céu Claro;Simples;Curva;Não;2;0;2;0;0;0;2;1;-29,48890588;-51,13828706;SPRF-RS;DEL05-RS;UOP02-DEL05-RS
264068;20/01/2020;segunda-feira;16:20:00;RS;116;142,7;CAXIAS DO SUL;Desobediência às normas de trânsito pelo condutor;Colisão lateral;Com Vítimas Feridas;Pleno dia;Decrescente;Nublado;Dupla;"Interseção de Vias;Curva";Sim;2;0;1;0;1;0;1;2;-29,11727;-51,115208;SPRF-RS;DEL05-RS;UOP01-DEL05-RS
264839;24/01/2020;sexta-feira;15:10:00;RS;470;216,6;BENTO GONCALVES;Desobediência às normas de trânsito pelo condutor;Colisão transversal;Com Vítimas Feridas;Pleno dia;Decrescente;Céu Claro;Dupla;Reta;Sim;4;0;2;0;2;0;2;2;-29,15887096;-51,53142395;SPRF-RS;DEL06-RS;UOP01-DEL06-RS
264910;25/01/2020;sábado;00:00:00;RS;470;213;BENTO GONCALVES;Desobediência às normas de trânsito pelo condutor;Colisão transversal;Com Vítimas Feridas;Plena Noite;Crescente;Céu Claro;Múltipla;Reta;Sim;5;0;1;2;2;0;3;2;-29,138703;-51,542708;SPRF-RS;DEL06-RS;UOP01-DEL06-RS
265133;25/01/2020;sábado;21:50:00;RS;470;232;CARLOS BARBOSA;Ingestão de Álcool;Queda de ocupante de veículo;Com Vítimas Feridas;Plena Noite;Crescente;Céu Claro;Simples;Reta;Não;1;0;1;0;0;0;1;1;-29,23579206;-51,51193423;SPRF-RS;DEL06-RS;UOP01-DEL06-RS
265162;26/01/2020;domingo;05:00:00;RS;116;193,1;PICADA CAFE;Ingestão de Álcool;Colisão frontal;Com Vítimas Feridas;Amanhecer;Crescente;Céu Claro;Simples;Curva;Sim;4;0;3;0;1;0;3;2;-29,44460951;-51,13861322;SPRF-RS;DEL05-RS;UOP02-DEL05-RS
265187;26/01/2020;domingo;05:45:00;RS;470;161,7;NOVA PRATA;Falta de Atenção à Condução;Saída de leito carroçável;Com Vítimas Feridas;Amanhecer;Crescente;Céu Claro;Simples;Curva;Não;1;0;1;0;0;0;1;1;-28,817015;-51,594917;SPRF-RS;DEL06-RS;UOP02-DEL06-RS
265535;27/01/2020;segunda-feira;19:15:00;RS;116;153,7;CAXIAS DO SUL;Pista Escorregadia;Tombamento;Com Vítimas Feridas;Anoitecer;Crescente;Céu Claro;Dupla;Rotatória;Sim;1;0;1;0;0;0;1;1;-29,18579758;-51,17713005;SPRF-RS;DEL05-RS;UOP01-DEL05-RS
265711;28/01/2020;terça-feira;16:05:00;RS;116;168,5;CAXIAS DO SUL;Ultrapassagem Indevida;Tombamento;Com Vítimas Feridas;Pleno dia;Decrescente;Céu Claro;Simples;Curva;Não;4;0;1;0;0;3;1;3;-29,28313396;-51,16252272;SPRF-RS;DEL05-RS;UOP02-DEL05-RS
265850;29/01/2020;quarta-feira;11:35:00;RS;470;165,9;VILA FLORES;Avarias e/ou desgaste excessivo no pneu;Saída de leito carroçável;Com Vítimas Feridas;Pleno dia;Crescente;Chuva;Simples;Reta;Sim;1;0;1;0;0;0;1;1;-28,84716192;-51,57022211;SPRF-RS;DEL06-RS;UOP02-DEL06-RS
265954;30/01/2020;quinta-feira;07:00:00;RS;470;175;VERANOPOLIS;Falta de Atenção à Condução;Colisão transversal;Com Vítimas Feridas;Pleno dia;Crescente;Céu Claro;Simples;Curva;Sim;2;0;2;0;0;0;2;2;-28,91926201;-51,53914905;SPRF-RS;DEL06-RS;UOP02-DEL06-RS
266445;01/02/2020;sábado;15:59:00;RS;470;231;CARLOS BARBOSA;Ingestão de Álcool;Saída de leito carroçável;Com Vítimas Feridas;Pleno dia;Decrescente;Céu Claro;Simples;Reta;Não;1;0;1;0;0;0;1;1;-29,28808324;-51,48845673;SPRF-RS;DEL06-RS;UOP01-DEL06-RS
266466;01/02/2020;sábado;17:30:00;RS;116;215,8;MORRO REUTER;Desobediência às normas de trânsito pelo condutor;Colisão lateral;Com Vítimas Feridas;Pleno dia;Decrescente;Céu Claro;Simples;"Aclive;Reta";Não;3;0;0;1;2;0;1;2;-29,53533417;-51,08499002;SPRF-RS;DEL05-RS;UOP02-DEL05-RS
266621;02/02/2020;domingo;14:00:00;RS;470;195;BENTO GONCALVES;Defeito Mecânico no Veículo;Tombamento;Com Vítimas Feridas;Pleno dia;Decrescente;Céu Claro;Simples;Curva;Não;2;0;2;0;0;0;2;1;-29,05164064;-51,58124339;SPRF-RS;DEL06-RS;UOP02-DEL06-RS
266718;02/02/2020;domingo;20:15:00;RS;470;182,2;VERANOPOLIS;Velocidade Incompatível;Colisão frontal;Com Vítimas Feridas;Plena Noite;Crescente;Nublado;Simples;Reta;Não;5;0;0;3;1;1;3;3;-28,97203565;-51,56315893;SPRF-RS;DEL06-RS;UOP02-DEL06-RS
266754;02/02/2020;domingo;22:40:00;RS;116;149,2;CAXIAS DO SUL;Desobediência às normas de trânsito pelo condutor;Colisão transversal;Com Vítimas Feridas;Plena Noite;Crescente;Céu Claro;Dupla;Interseção de Vias;Sim;4;0;2;0;2;0;2;2;-29,15996905;-51,15645292;SPRF-RS;DEL05-RS;UOP01-DEL05-RS
266767;02/02/2020;domingo;23:45:00;RS;470;226;GARIBALDI;Velocidade Incompatível;Saída de leito carroçável;Com Vítimas Fatais;Plena Noite;Crescente;Céu Claro;Simples;"Declive;Curva";Não;1;1;0;0;0;0;0;1;-29,25201041;-51,51331544;SPRF-RS;DEL06-RS;UOP01-DEL06-RS
266797;03/02/2020;segunda-feira;04:50:00;RS;470;165;VERANOPOLIS;Ingestão de Álcool;Saída de leito carroçável;Com Vítimas Feridas;Amanhecer;Decrescente;Céu Claro;Simples;Curva;Não;1;0;0;1;0;0;1;1;-28,84517264;-51,57523524;SPRF-RS;DEL06-RS;UOP02-DEL06-RS
267494;06/02/2020;quinta-feira;12:45:00;RS;116;149;CAXIAS DO SUL;Falta de Atenção à Condução;Colisão lateral;Com Vítimas Feridas;Pleno dia;Crescente;Sol;Dupla;Interseção de Vias;Sim;2;0;1;0;1;0;1;2;-29,15996905;-51,15645292;SPRF-RS;DEL05-RS;UOP01-DEL05-RS
267640;06/02/2020;quinta-feira;22:50:00;RS;470;241,7;BARAO;Ingestão de álcool e/ou substâncias psicoativas pelo pedestre;Saída de leito carroçável;Sem Vítimas;Plena Noite;Crescente;Céu Claro;Simples;Curva;Não;1;0;0;0;1;0;0;1;-29,34599282;-51,5089762;SPRF-RS;DEL06-RS;UOP01-DEL06-RS
267826;07/02/2020;sexta-feira;18:15:00;RS;116;143,9;CAXIAS DO SUL;Pista Escorregadia;Colisão traseira;Com Vítimas Feridas;Pleno dia;Crescente;Garoa/Chuvisco;Dupla;Curva;Sim;2;0;1;0;1;0;1;2;-29,1201739;-51,12260651;SPRF-RS;DEL05-RS;UOP01-DEL05-RS
267882;07/02/2020;sexta-feira;20:05:00;RS;470;224;GARIBALDI;Não guardar distância de segurança;Colisão traseira;Com Vítimas Feridas;Plena Noite;Decrescente;Céu Claro;Simples;Reta;Não;8;0;5;0;3;0;5;3;-29,21556004;-51,51743821;SPRF-RS;DEL06-RS;UOP01-DEL06-RS
267917;08/02/2020;sábado;02:35:00;RS;470;197;BENTO GONCALVES;Velocidade Incompatível;Saída de leito carroçável;Sem Vítimas;Plena Noite;Crescente;Céu Claro;Simples;Curva;Não;1;0;0;0;0;1;0;1;-29,0539052;-51,59563964;SPRF-RS;DEL06-RS;UOP02-DEL06-RS
268100;08/02/2020;sábado;20:30:00;RS;116;145;CAXIAS DO SUL;Desobediência às normas de trânsito pelo condutor;Colisão lateral;Sem Vítimas;Plena Noite;Decrescente;Chuva;Simples;Curva;Sim;2;0;0;0;1;1;0;2;-29,1350217;-51,1302779;SPRF-RS;DEL05-RS;UOP01-DEL05-RS
268152;09/02/2020;domingo;05:40:00;RS;116;133;CAXIAS DO SUL;Defeito Mecânico no Veículo;Tombamento;Com Vítimas Feridas;Amanhecer;Decrescente;Garoa/Chuvisco;Simples;Curva;Não;5;0;1;0;2;2;1;2;-29,05590302;-51,09689605;SPRF-RS;DEL05-RS;UOP01-DEL05-RS
268295;09/02/2020;domingo;19:15:00;RS;470;202;BENTO GONCALVES;Ingestão de Álcool;Saída de leito carroçável;Com Vítimas Feridas;Plena Noite;Crescente;Nublado;Simples;Reta;Não;2;0;1;0;0;1;1;2;-29,07677887;-51,58496599;SPRF-RS;DEL06-RS;UOP02-DEL06-RS
268727;12/02/2020;quarta-feira;02:10:00;RS;470;220;BENTO GONCALVES;Ultrapassagem Indevida;Colisão lateral;Com Vítimas Feridas;Plena Noite;Decrescente;Céu Claro;Simples;Declive;Sim;2;0;1;0;0;1;1;2;-29,19825038;-51,5185833;SPRF-RS;DEL06-RS;UOP01-DEL06-RS
268742;11/02/2020;terça-feira;23:15:00;RS;470;187;VERANOPOLIS;Ingestão de Álcool;Saída de leito carroçável;Sem Vítimas;Plena Noite;Crescente;Céu Claro;Simples;"Declive;Curva";Não;2;0;0;0;2;0;0;1;-29,00603857;-51,55574799;SPRF-RS;DEL06-RS;UOP02-DEL06-RS
269428;15/02/2020;sábado;15:00:00;RS;116;153;CAXIAS DO SUL;Defeito Mecânico no Veículo;Tombamento;Com Vítimas Feridas;Pleno dia;Crescente;Céu Claro;Dupla;Curva;Sim;2;0;2;0;0;0;2;1;-29,18579758;-51,17713005;SPRF-RS;DEL05-RS;UOP01-DEL05-RS
269431;15/02/2020;sábado;16:10:00;RS;470;204;BENTO GONCALVES;Ingestão de Álcool;Colisão frontal;Com Vítimas Feridas;Pleno dia;Crescente;Céu Claro;Simples;Reta;Sim;6;0;5;1;0;0;6;2;-29,07878136;-51,5682871;SPRF-RS;DEL06-RS;UOP01-DEL06-RS
269492;15/02/2020;sábado;22:30:00;RS;116;148;CAXIAS DO SUL;Falta de Atenção à Condução;Saída de leito carroçável;Com Vítimas Feridas;Plena Noite;Decrescente;Céu Claro;Dupla;Curva;Sim;1;0;1;0;0;0;1;1;-29,15444539;-51,15101681;SPRF-RS;DEL05-RS;UOP01-DEL05-RS
269541;16/02/2020;domingo;03:30:00;RS;116;151,1;CAXIAS DO SUL;Ingestão de Álcool;Colisão com objeto estático;Com Vítimas Feridas;Plena Noite;Decrescente;Céu Claro;Dupla;Reta;Sim;1;0;0;1;0;0;1;1;-29,17694502;-51,16173896;SPRF-RS;DEL05-RS;UOP01-DEL05-RS
269924;17/02/2020;segunda-feira;17:45:00;RS;116;114,4;SAO MARCOS;Falta de Atenção à Condução;Colisão transversal;Com Vítimas Feridas;Pleno dia;Decrescente;Chuva;Simples;Curva;Sim;3;0;2;0;1;0;2;2;-28,96397179;-51,0753428;SPRF-RS;DEL05-RS;UOP01-DEL05-RS
269934;17/02/2020;segunda-feira;18:00:00;RS;116;117;SAO MARCOS;Pista Escorregadia;Saída de leito carroçável;Sem Vítimas;Anoitecer;Crescente;Chuva;Simples;Curva;Sim;1;0;0;0;1;0;0;1;-28,98310299;-51,06761081;SPRF-RS;DEL05-RS;UOP01-DEL05-RS
269972;17/02/2020;segunda-feira;21:45:00;RS;116;151;CAXIAS DO SUL;Desobediência às normas de trânsito pelo condutor;Colisão lateral;Com Vítimas Feridas;Plena Noite;Crescente;Céu Claro;Dupla;Reta;Sim;3;0;1;0;2;0;1;2;-29,17724119;-51,1620748;SPRF-RS;DEL05-RS;UOP01-DEL05-RS
270002;18/02/2020;terça-feira;07:00:00;RS;116;146,8;CAXIAS DO SUL;Falta de Atenção à Condução;Colisão traseira;Com Vítimas Feridas;Pleno dia;Decrescente;Céu Claro;Dupla;Reta;Sim;2;0;1;0;1;0;1;2;-29,14228897;-51,13622202;SPRF-RS;DEL05-RS;UOP01-DEL05-RS
270594;21/02/2020;sexta-feira;00:20:00;RS;116;190;NOVA PETROPOLIS;Ingestão de Álcool;Tombamento;Com Vítimas Feridas;Plena Noite;Crescente;Nublado;Simples;Curva;Não;2;0;0;2;0;0;2;1;-29,42457216;-51,13474846;SPRF-RS;DEL05-RS;UOP02-DEL05-RS
270761;21/02/2020;sexta-feira;17:20:00;RS;116;195,9;PICADA CAFE;Desobediência às normas de trânsito pelo condutor;Colisão frontal;Com Vítimas Feridas;Pleno dia;Decrescente;Céu Claro;Simples;Interseção de Vias;Não;2;0;1;0;1;0;1;2;-29,46158971;-51,14092827;SPRF-RS;DEL05-RS;UOP02-DEL05-RS
271459;24/02/2020;segunda-feira;17:40:00;RS;116;196,8;PICADA CAFE;Falta de Atenção à Condução;Colisão transversal;Com Vítimas Feridas;Pleno dia;Decrescente;Chuva;Simples;Reta;Sim;2;0;1;0;1;0;1;2;-29,46516935;-51,14805283;SPRF-RS;DEL05-RS;UOP02-DEL05-RS
271608;25/02/2020;terça-feira;15:15:00;RS;470;195,6;BENTO GONCALVES;Pista Escorregadia;Colisão frontal;Com Vítimas Feridas;Pleno dia;Crescente;Chuva;Simples;"Reta;Declive";Não;3;0;2;0;1;0;2;2;-29,05097073;-51,58205288;SPRF-RS;DEL06-RS;UOP02-DEL06-RS
271613;25/02/2020;terça-feira;15:30:00;RS;470;218;BENTO GONCALVES;Velocidade Incompatível;Saída de leito carroçável;Sem Vítimas;Pleno dia;Decrescente;Chuva;Simples;Curva;Não;2;0;0;0;2;0;0;1;-29,17292214;-51,52424936;SPRF-RS;DEL06-RS;UOP01-DEL06-RS
271683;25/02/2020;terça-feira;19:40:00;RS;470;177;VERANOPOLIS;Falta de Atenção à Condução;Colisão com objeto estático;Sem Vítimas;Plena Noite;Decrescente;Chuva;Simples;Rotatória;Sim;1;0;0;0;0;1;0;1;-28,94753484;-51,55413312;SPRF-RS;DEL06-RS;UOP02-DEL06-RS
271877;26/02/2020;quarta-feira;17:15:00;RS;116;140,1;CAXIAS DO SUL;Falta de Atenção à Condução;Colisão transversal;Com Vítimas Feridas;Pleno dia;Crescente;Céu Claro;Simples;Interseção de Vias;Sim;2;0;1;0;1;0;1;2;-29,10475788;-51,10952497;SPRF-RS;DEL05-RS;UOP01-DEL05-RS
272022;14/02/2020;sexta-feira;14:25:00;RS;470;217;BENTO GONCALVES;Falta de Atenção à Condução;Colisão transversal;Com Vítimas Feridas;Pleno dia;Crescente;Céu Claro;Dupla;Rotatória;Sim;2;0;1;0;1;0;1;2;-29,16462512;-51,52551964;SPRF-RS;DEL06-RS;UOP01-DEL06-RS
272334;29/02/2020;sábado;08:45:00;RS;116;204,4;PICADA CAFE;Velocidade Incompatível;Tombamento;Com Vítimas Feridas;Pleno dia;Crescente;Céu Claro;Simples;Curva;Não;2;0;0;2;0;0;2;1;-29,4949404;-51,14114191;SPRF-RS;DEL05-RS;UOP02-DEL05-RS
272454;29/02/2020;sábado;22:00:00;RS;116;129,6;SAO MARCOS;Ingestão de Álcool;Saída de leito carroçável;Com Vítimas Feridas;Plena Noite;Decrescente;Céu Claro;Simples;"Curva;Aclive";Não;1;0;1;0;0;0;1;1;-29,03359673;-51,09729099;SPRF-RS;DEL05-RS;UOP01-DEL05-RS
272621;01/03/2020;domingo;14:29:00;RS;470;229;GARIBALDI;Falta de Atenção à Condução;Saída de leito carroçável;Com Vítimas Feridas;Pleno dia;Crescente;Céu Claro;Simples;Reta;Não;2;0;1;0;1;0;1;1;-29,218603;-51,51677;SPRF-RS;DEL06-RS;UOP01-DEL06-RS
272663;01/03/2020;domingo;17:40:00;RS;116;203,9;PICADA CAFE;Desobediência às normas de trânsito pelo condutor;Colisão transversal;Com Vítimas Feridas;Anoitecer;Crescente;Céu Claro;Simples;Reta;Não;3;0;0;3;0;0;3;2;-29,49113279;-51,14998489;SPRF-RS;DEL05-RS;UOP02-DEL05-RS
272687;01/03/2020;domingo;20:05:00;RS;470;215;BENTO GONCALVES;Desobediência às normas de trânsito pelo condutor;Colisão transversal;Com Vítimas Feridas;Plena Noite;Decrescente;Céu Claro;Simples;Reta;Não;6;0;0;1;4;1;1;4;-29,150635;-51,530241;SPRF-RS;DEL06-RS;UOP01-DEL06-RS
273174;04/03/2020;quarta-feira;09:10:00;RS;470;228,7;GARIBALDI;Falta de Atenção do Pedestre;Atropelamento de Pedestre;Com Vítimas Feridas;Pleno dia;Crescente;Céu Claro;Simples;Reta;Não;2;0;1;1;0;0;2;2;-29,21550211;-51,51760362;SPRF-RS;DEL06-RS;UOP01-DEL06-RS
273249;04/03/2020;quarta-feira;17:02:00;RS;116;112;SAO MARCOS;Falta de Atenção à Condução;Colisão transversal;Com Vítimas Feridas;Anoitecer;Crescente;Céu Claro;Simples;Reta;Sim;5;0;5;0;0;0;5;2;-28,94827931;-51,08170135;SPRF-RS;DEL05-RS;UOP01-DEL05-RS
273350;05/03/2020;quinta-feira;09:20:00;RS;470;223,8;GARIBALDI;Desobediência às normas de trânsito pelo condutor;Colisão transversal;Com Vítimas Feridas;Pleno dia;Decrescente;Céu Claro;Simples;Retorno Regulamentado;Não;3;0;1;0;2;0;1;2;-29,21249203;-51,51794436;SPRF-RS;DEL06-RS;UOP01-DEL06-RS
273609;06/03/2020;sexta-feira;15:10:00;RS;116;206;PICADA CAFE;Velocidade Incompatível;Saída de leito carroçável;Com Vítimas Feridas;Pleno dia;Decrescente;Sol;Simples;Curva;Não;1;0;0;1;0;0;1;1;-29,49966726;-51,1306017;SPRF-RS;DEL05-RS;UOP02-DEL05-RS
273855;07/03/2020;sábado;16:15:00;RS;470;261;SAO PEDRO DA SERRA;Velocidade Incompatível;Tombamento;Com Vítimas Feridas;Pleno dia;Crescente;Céu Claro;Simples;"Declive;Curva";Não;1;0;1;0;0;0;1;1;-29,48092465;-51,48373604;SPRF-RS;DEL06-RS;UOP01-DEL06-RS
274477;10/03/2020;terça-feira;12:55:00;RS;470;213;BENTO GONCALVES;Falta de Atenção à Condução;Colisão transversal;Com Vítimas Feridas;Pleno dia;Crescente;Céu Claro;Simples;Retorno Regulamentado;Sim;3;0;3;0;0;0;3;2;-29,138703;-51,542708;SPRF-RS;DEL06-RS;UOP01-DEL06-RS
274547;10/03/2020;terça-feira;12:25:00;RS;470;211,8;BENTO GONCALVES;Falta de Atenção à Condução;Colisão lateral;Com Vítimas Feridas;Pleno dia;Crescente;Céu Claro;Dupla;Curva;Não;2;0;1;0;1;0;1;2;-29,12453775;-51,54360394;SPRF-RS;DEL06-RS;UOP01-DEL06-RS
274639;11/03/2020;quarta-feira;06:30:00;RS;116;144,1;CAXIAS DO SUL;Velocidade Incompatível;Tombamento;Com Vítimas Feridas;Amanhecer;Crescente;Céu Claro;Dupla;Reta;Sim;1;0;0;1;0;0;1;1;-29,1267449;-51,12768983;SPRF-RS;DEL05-RS;UOP01-DEL05-RS
274655;11/03/2020;quarta-feira;08:00:00;RS;116;142,7;CAXIAS DO SUL;Falta de Atenção do Pedestre;Atropelamento de Pedestre;Com Vítimas Feridas;Pleno dia;Decrescente;Sol;Dupla;Curva;Não;2;0;0;1;1;0;1;2;-29,11727;-51,115208;SPRF-RS;DEL05-RS;UOP01-DEL05-RS
274739;11/03/2020;quarta-feira;16:10:00;RS;470;225,7;GARIBALDI;Desobediência às normas de trânsito pelo condutor;Colisão transversal;Com Vítimas Feridas;Pleno dia;Crescente;Sol;Simples;"Reta;Interseção de Vias";Não;3;0;2;0;1;0;2;2;-29,21454003;-51,51762617;SPRF-RS;DEL06-RS;UOP01-DEL06-RS
274764;11/03/2020;quarta-feira;18:45:00;RS;470;218,9;BENTO GONCALVES;Ingestão de Substâncias Psicoativas;Colisão frontal;Com Vítimas Feridas;Anoitecer;Decrescente;Céu Claro;Simples;"Declive;Curva";Não;8;0;0;1;7;0;1;2;-29,18739172;-51,52056521;SPRF-RS;DEL06-RS;UOP01-DEL06-RS
274786;11/03/2020;quarta-feira;18:20:00;RS;116;158,1;CAXIAS DO SUL;Falta de Atenção do Pedestre;Atropelamento de Pedestre;Com Vítimas Feridas;Anoitecer;Decrescente;Céu Claro;Simples;Aclive;Não;2;0;1;0;1;0;1;2;-29,22015528;-51,16867117;SPRF-RS;DEL05-RS;UOP01-DEL05-RS
274830;12/03/2020;quinta-feira;07:05:00;RS;470;232,8;GARIBALDI;Desobediência às normas de trânsito pelo condutor;Colisão transversal;Com Vítimas Feridas;Pleno dia;Decrescente;Céu Claro;Simples;"Reta;Interseção de Vias";Não;2;0;1;0;1;0;1;2;-29,23579206;-51,51193423;SPRF-RS;DEL06-RS;UOP01-DEL06-RS
275005;13/03/2020;sexta-feira;05:30:00;RS;470;154;NOVA PRATA;Ingestão de Álcool;Colisão traseira;Com Vítimas Feridas;Amanhecer;Decrescente;Céu Claro;Simples;Reta;Sim;3;0;1;0;2;0;1;2;-28,77711311;-51,61126545;SPRF-RS;DEL06-RS;UOP02-DEL06-RS
275221;13/03/2020;sexta-feira;22:05:00;RS;470;206;BENTO GONCALVES;Velocidade Incompatível;Saída de leito carroçável;Com Vítimas Feridas;Plena Noite;Decrescente;Céu Claro;Simples;Curva;Não;2;0;1;1;0;0;2;1;-29,08977;-51,556176;SPRF-RS;DEL06-RS;UOP01-DEL06-RS
275292;14/03/2020;sábado;07:30:00;RS;116;141,1;CAXIAS DO SUL;Velocidade Incompatível;Colisão com objeto estático;Sem Vítimas;Pleno dia;Crescente;Sol;Simples;"Declive;Curva";Não;1;0;0;0;0;1;0;1;-29,11202257;-51,11170292;SPRF-RS;DEL05-RS;UOP01-DEL05-RS
275363;14/03/2020;sábado;15:25:00;RS;470;217;BENTO GONCALVES;Desobediência às normas de trânsito pelo condutor;Colisão transversal;Com Vítimas Feridas;Pleno dia;Decrescente;Céu Claro;Dupla;Reta;Sim;6;0;1;0;5;0;1;2;-29,16462512;-51,52551964;SPRF-RS;DEL06-RS;UOP01-DEL06-RS
275602;15/03/2020;domingo;19:30:00;RS;116;145,7;CAXIAS DO SUL;Ingestão de Álcool;Colisão traseira;Com Vítimas Feridas;Plena Noite;Crescente;Garoa/Chuvisco;Dupla;Reta;Sim;4;0;1;0;2;1;1;3;-29,1350217;-51,1302779;SPRF-RS;DEL05-RS;UOP01-DEL05-RS
275957;17/03/2020;terça-feira;12:45:00;RS;470;221,3;GARIBALDI;Avarias e/ou desgaste excessivo no pneu;Saída de leito carroçável;Com Vítimas Feridas;Pleno dia;Crescente;Céu Claro;Simples;"Curva;Aclive";Não;1;0;1;0;0;0;1;1;-29,19516365;-51,51950463;SPRF-RS;DEL06-RS;UOP01-DEL06-RS
276099;18/03/2020;quarta-feira;09:00:00;RS;116;152,1;CAXIAS DO SUL;Desobediência às normas de trânsito pelo condutor;Colisão transversal;Com Vítimas Feridas;Pleno dia;Crescente;Nublado;Simples;"Declive;Curva";Sim;2;0;1;0;1;0;1;2;-29,18413008;-51,1708096;SPRF-RS;DEL05-RS;UOP01-DEL05-RS
276720;02/03/2020;segunda-feira;14:00:00;RS;470;226,3;GARIBALDI;Falta de Atenção à Condução;Colisão traseira;Com Vítimas Feridas;Pleno dia;Decrescente;Céu Claro;Dupla;Reta;Não;2;0;1;0;1;0;1;2;-29,25081111;-51,51376069;SPRF-RS;DEL06-RS;UOP01-DEL06-RS
276739;21/03/2020;sábado;17:30:00;RS;470;218,6;BENTO GONCALVES;Falta de Atenção à Condução;Tombamento;Com Vítimas Feridas;Pleno dia;Crescente;Céu Claro;Simples;"Declive;Curva";Não;1;0;0;1;0;0;1;1;-29,18462765;-51,52135318;SPRF-RS;DEL06-RS;UOP01-DEL06-RS
276758;21/03/2020;sábado;19:40:00;RS;116;155;CAXIAS DO SUL;Falta de Atenção à Condução;Colisão com objeto estático;Sem Vítimas;Plena Noite;Crescente;Céu Claro;Dupla;Reta;Não;1;0;0;0;1;0;0;1;-29,19873129;-51,17629631;SPRF-RS;DEL05-RS;UOP01-DEL05-RS
277081;24/03/2020;terça-feira;17:50:00;RS;116;193,1;PICADA CAFE;Velocidade Incompatível;Saída de leito carroçável;Com Vítimas Feridas;Anoitecer;Crescente;Céu Claro;Simples;Curva;Sim;3;0;1;2;0;0;3;1;-29,44460951;-51,13861322;SPRF-RS;DEL05-RS;UOP02-DEL05-RS
277481;28/03/2020;sábado;15:30:00;RS;116;192,2;PICADA CAFE;Falta de Atenção à Condução;Colisão frontal;Com Vítimas Feridas;Pleno dia;Crescente;Céu Claro;Simples;"Declive;Curva";Não;4;0;0;2;2;0;2;2;-29,44016323;-51,13619797;SPRF-RS;DEL05-RS;UOP02-DEL05-RS
277486;28/03/2020;sábado;15:00:00;RS;116;187;NOVA PETROPOLIS;Velocidade Incompatível;Tombamento;Com Vítimas Feridas;Pleno dia;Crescente;Céu Claro;Simples;"Curva;Aclive";Não;2;0;0;1;1;0;1;2;-29,40515985;-51,12600998;SPRF-RS;DEL05-RS;UOP02-DEL05-RS
277519;28/03/2020;sábado;18:05:00;RS;470;164,2;VILA FLORES;Ingestão de Álcool;Colisão frontal;Com Vítimas Feridas;Pleno dia;Crescente;Sol;Simples;Curva;Não;2;0;1;1;0;0;2;2;-28,83381495;-51,57472392;SPRF-RS;DEL06-RS;UOP02-DEL06-RS
277592;29/03/2020;domingo;14:32:00;RS;116;143,9;CAXIAS DO SUL;Pista Escorregadia;Colisão com objeto estático;Sem Vítimas;Pleno dia;Decrescente;Chuva;Dupla;Curva;Sim;1;0;0;0;1;0;0;1;-29,1201739;-51,12260651;SPRF-RS;DEL05-RS;UOP01-DEL05-RS
278115;02/04/2020;quinta-feira;18:00:00;RS;116;152;CAXIAS DO SUL;Não guardar distância de segurança;Colisão traseira;Com Vítimas Feridas;Anoitecer;Crescente;Nublado;Simples;Reta;Sim;3;0;1;0;2;0;1;2;-29,1829343;-51,16801501;SPRF-RS;DEL05-RS;UOP01-DEL05-RS
278496;05/04/2020;domingo;12:10:00;RS;116;150,9;CAXIAS DO SUL;Desobediência às normas de trânsito pelo condutor;Colisão transversal;Sem Vítimas;Pleno dia;Decrescente;Céu Claro;Dupla;Interseção de Vias;Sim;5;0;0;0;3;2;0;3;-29,168428;-51,158337;SPRF-RS;DEL05-RS;UOP01-DEL05-RS
278747;07/04/2020;terça-feira;06:50:00;RS;470;215;BENTO GONCALVES;Falta de Atenção do Pedestre;Atropelamento de Pedestre;Com Vítimas Feridas;Pleno dia;Crescente;Céu Claro;Simples;Reta;Sim;2;0;0;1;0;1;1;2;-29,150635;-51,530241;SPRF-RS;DEL06-RS;UOP01-DEL06-RS
278941;08/04/2020;quarta-feira;17:45:00;RS;116;153,7;CAXIAS DO SUL;Falta de Atenção à Condução;Colisão lateral;Sem Vítimas;Pleno dia;Decrescente;Céu Claro;Múltipla;Rotatória;Sim;2;0;0;0;2;0;0;2;-29,1880882;-51,18219137;SPRF-RS;DEL05-RS;UOP01-DEL05-RS
279045;30/03/2020;segunda-feira;13:15:00;RS;116;112,1;SAO MARCOS;Desobediência às normas de trânsito pelo condutor;Colisão transversal;Com Vítimas Feridas;Pleno dia;Decrescente;Céu Claro;Simples;Reta;Sim;2;0;1;0;1;0;1;2;-28,94827931;-51,08170135;SPRF-RS;DEL05-RS;UOP01-DEL05-RS
279698;13/04/2020;segunda-feira;17:10:00;RS;470;213;BENTO GONCALVES;Desobediência às normas de trânsito pelo condutor;Colisão transversal;Com Vítimas Feridas;Anoitecer;Crescente;Céu Claro;Simples;Interseção de Vias;Sim;2;0;1;0;1;0;1;2;-29,138703;-51,542708;SPRF-RS;DEL06-RS;UOP01-DEL06-RS
279802;14/04/2020;terça-feira;14:15:00;RS;116;135,1;CAXIAS DO SUL;Velocidade Incompatível;Colisão transversal;Com Vítimas Feridas;Pleno dia;Crescente;Nublado;Simples;Curva;Não;2;0;1;0;1;0;1;2;-29,0695461;-51,09988566;SPRF-RS;DEL05-RS;UOP01-DEL05-RS
279820;14/04/2020;terça-feira;18:15:00;RS;116;152,5;CAXIAS DO SUL;Não guardar distância de segurança;Engavetamento;Com Vítimas Feridas;Anoitecer;Crescente;Céu Claro;Simples;Declive;Sim;4;0;2;0;2;0;2;3;-29,18411671;-51,17223501;SPRF-RS;DEL05-RS;UOP01-DEL05-RS
279865;14/04/2020;terça-feira;22:05:00;RS;116;156;CAXIAS DO SUL;Falta de Atenção à Condução;Colisão frontal;Com Vítimas Feridas;Plena Noite;Crescente;Nublado;Simples;"Declive;Curva";Sim;2;0;1;0;1;0;1;2;-29,20731013;-51,17757864;SPRF-RS;DEL05-RS;UOP01-DEL05-RS
280289;17/04/2020;sexta-feira;19:20:00;RS;470;193,3;VERANOPOLIS;Velocidade Incompatível;Saída de leito carroçável;Com Vítimas Feridas;Plena Noite;Decrescente;Céu Claro;Simples;"Curva;Aclive";Não;1;0;1;0;0;0;1;1;-29,04231241;-51,56590283;SPRF-RS;DEL06-RS;UOP02-DEL06-RS
280501;19/04/2020;domingo;08:30:00;RS;116;143;CAXIAS DO SUL;Ingestão de Álcool;Tombamento;Com Vítimas Feridas;Pleno dia;Decrescente;Sol;Dupla;Curva;Sim;1;0;1;0;0;0;1;1;-29,1201739;-51,12260651;SPRF-RS;DEL05-RS;UOP01-DEL05-RS
280865;21/04/2020;terça-feira;15:00:00;RS;116;206;PICADA CAFE;Velocidade Incompatível;Saída de leito carroçável;Com Vítimas Feridas;Pleno dia;Decrescente;Céu Claro;Simples;Curva;Não;4;0;3;1;0;0;4;2;-29,49966726;-51,1306017;SPRF-RS;DEL05-RS;UOP02-DEL05-RS
281208;24/04/2020;sexta-feira;13:30:00;RS;470;216;BENTO GONCALVES;Desobediência às normas de trânsito pelo condutor;Colisão lateral;Com Vítimas Feridas;Pleno dia;Crescente;Céu Claro;Simples;Retorno Regulamentado;Sim;2;0;1;0;1;0;1;2;-29,15887096;-51,53142395;SPRF-RS;DEL06-RS;UOP01-DEL06-RS
281672;27/04/2020;segunda-feira;07:15:00;RS;116;117;SAO MARCOS;Falta de Atenção à Condução;Colisão com objeto estático;Com Vítimas Feridas;Pleno dia;Decrescente;Céu Claro;Simples;Reta;Não;1;0;1;0;0;0;1;1;-28,98310299;-51,06761081;SPRF-RS;DEL05-RS;UOP01-DEL05-RS
281693;17/04/2020;sexta-feira;13:00:00;RS;470;232;CARLOS BARBOSA;Falta de Atenção à Condução;Colisão transversal;Com Vítimas Feridas;Pleno dia;Decrescente;Nublado;Dupla;Reta;Não;5;0;4;0;1;0;4;2;-29,23579206;-51,51193423;SPRF-RS;DEL06-RS;UOP01-DEL06-RS
281697;27/04/2020;segunda-feira;10:15:00;RS;116;147,9;CAXIAS DO SUL;Pista Escorregadia;Colisão lateral;Com Vítimas Feridas;Pleno dia;Decrescente;Nublado;Dupla;Curva;Sim;2;0;1;0;1;0;1;2;-29,14908014;-51,1429969;SPRF-RS;DEL05-RS;UOP01-DEL05-RS
281845;28/04/2020;terça-feira;08:15:00;RS;116;151,9;CAXIAS DO SUL;Não guardar distância de segurança;Colisão traseira;Com Vítimas Feridas;Pleno dia;Decrescente;Céu Claro;Simples;"Declive;Reta";Não;3;0;1;0;2;0;1;2;-29,17694502;-51,16173896;SPRF-RS;DEL05-RS;UOP01-DEL05-RS
281930;28/04/2020;terça-feira;18:30:00;RS;470;218,2;BENTO GONCALVES;Falta de Atenção à Condução;Colisão transversal;Com Vítimas Feridas;Anoitecer;Crescente;Nublado;Simples;Interseção de Vias;Sim;2;0;1;0;0;1;1;2;-29,18273041;-51,52014971;SPRF-RS;DEL06-RS;UOP01-DEL06-RS
282059;29/04/2020;quarta-feira;17:50:00;RS;470;227;GARIBALDI;Ingestão de Álcool;Colisão frontal;Com Vítimas Feridas;Anoitecer;Crescente;Céu Claro;Simples;Reta;Sim;1;0;1;0;0;0;1;1;-29,21657705;-51,51722624;SPRF-RS;DEL06-RS;UOP01-DEL06-RS
282674;03/05/2020;domingo;17:45:00;RS;470;223;GARIBALDI;Mal Súbito;Saída de leito carroçável;Sem Vítimas;Pleno dia;Crescente;Céu Claro;Dupla;Reta;Não;1;0;0;0;1;0;0;1;-29,21249203;-51,51794436;SPRF-RS;DEL06-RS;UOP01-DEL06-RS
282685;03/05/2020;domingo;20:20:00;RS;116;154,4;CAXIAS DO SUL;Desobediência às normas de trânsito pelo condutor;Colisão lateral;Com Vítimas Feridas;Plena Noite;Decrescente;Céu Claro;Simples;Interseção de Vias;Sim;2;0;1;0;1;0;1;2;-29,19074818;-51,18073734;SPRF-RS;DEL05-RS;UOP01-DEL05-RS
282734;04/05/2020;segunda-feira;07:45:00;RS;116;145,8;CAXIAS DO SUL;Não guardar distância de segurança;Colisão traseira;Com Vítimas Feridas;Pleno dia;Crescente;Sol;Dupla;Reta;Sim;3;0;2;0;1;0;2;2;-29,1350217;-51,1302779;SPRF-RS;DEL05-RS;UOP01-DEL05-RS
282910;05/05/2020;terça-feira;12:45:00;RS;470;246;BARAO;Falta de Atenção à Condução;Colisão frontal;Com Vítimas Feridas;Pleno dia;Decrescente;Chuva;Simples;"Curva;Aclive";Sim;7;0;3;0;4;0;3;2;-29,390034;-51,493373;SPRF-RS;DEL06-RS;UOP01-DEL06-RS
283128;06/05/2020;quarta-feira;14:50:00;RS;470;157,5;NOVA PRATA;Desobediência às normas de trânsito pelo condutor;Saída de leito carroçável;Com Vítimas Feridas;Pleno dia;Crescente;Céu Claro;Simples;"Declive;Curva";Não;2;0;2;0;0;0;2;1;-28,79507068;-51,61584453;SPRF-RS;DEL06-RS;UOP02-DEL06-RS
283419;08/05/2020;sexta-feira;16:20:00;RS;470;228,1;GARIBALDI;Desobediência às normas de trânsito pelo condutor;Colisão lateral;Com Vítimas Feridas;Pleno dia;Crescente;Céu Claro;Simples;Interseção de Vias;Não;2;0;2;0;0;0;2;2;-29,21759706;-51,51703722;SPRF-RS;DEL06-RS;UOP01-DEL06-RS
283432;08/05/2020;sexta-feira;17:35:00;RS;116;154,3;CAXIAS DO SUL;Desobediência às normas de trânsito pelo condutor;Colisão transversal;Com Vítimas Feridas;Anoitecer;Crescente;Céu Claro;Simples;Interseção de Vias;Sim;3;0;0;2;1;0;2;2;-29,19074818;-51,18073734;SPRF-RS;DEL05-RS;UOP01-DEL05-RS
283437;06/05/2020;quarta-feira;19:00:00;RS;116;152;CAXIAS DO SUL;Falta de Atenção à Condução;Colisão com objeto estático;Com Vítimas Feridas;Plena Noite;Crescente;Nublado;Dupla;Curva;Sim;1;0;1;0;0;0;1;1;-29,1829343;-51,16801501;SPRF-RS;DEL05-RS;UOP01-DEL05-RS
283509;09/05/2020;sábado;00:15:00;RS;470;213;BENTO GONCALVES;Ingestão de Álcool;Saída de leito carroçável;Sem Vítimas;Plena Noite;Crescente;Céu Claro;Simples;Reta;Não;1;0;0;0;1;0;0;1;-29,138703;-51,542708;SPRF-RS;DEL06-RS;UOP01-DEL06-RS
283565;09/05/2020;sábado;12:00:00;RS;470;200;BENTO GONCALVES;Velocidade Incompatível;Capotamento;Com Vítimas Feridas;Pleno dia;Crescente;Céu Claro;Simples;Curva;Não;1;0;1;0;0;0;1;1;-29,06736768;-51,57996108;SPRF-RS;DEL06-RS;UOP02-DEL06-RS
283770;10/05/2020;domingo;15:30:00;RS;470;194,1;BENTO GONCALVES;Desobediência às normas de trânsito pelo condutor;Colisão transversal;Com Vítimas Feridas;Pleno dia;Crescente;Céu Claro;Simples;"Reta;Aclive";Não;2;0;1;0;1;0;1;2;-29,05030203;-51,57387285;SPRF-RS;DEL06-RS;UOP02-DEL06-RS
283784;10/05/2020;domingo;15:20:00;RS;116;150;CAXIAS DO SUL;Desobediência às normas de trânsito pelo condutor;Colisão traseira;Com Vítimas Feridas;Pleno dia;Crescente;Sol;Múltipla;Reta;Sim;3;0;1;0;1;1;1;3;-29,168428;-51,158337;SPRF-RS;DEL05-RS;UOP01-DEL05-RS
283860;10/05/2020;domingo;21:35:00;RS;470;162;NOVA PRATA;Falta de Atenção à Condução;Saída de leito carroçável;Sem Vítimas;Plena Noite;Decrescente;Céu Claro;Simples;Reta;Sim;1;0;0;0;1;0;0;1;-28,82672425;-51,58167623;SPRF-RS;DEL06-RS;UOP02-DEL06-RS
284086;12/05/2020;terça-feira;12:40:00;RS;116;142,8;CAXIAS DO SUL;Falta de Atenção à Condução;Saída de leito carroçável;Sem Vítimas;Pleno dia;Crescente;Nublado;Dupla;Reta;Sim;1;0;0;0;1;0;0;1;-29,11727;-51,115208;SPRF-RS;DEL05-RS;UOP01-DEL05-RS
284454;24/04/2020;sexta-feira;20:20:00;RS;470;209;BENTO GONCALVES;Ingestão de Álcool;Capotamento;Sem Vítimas;Plena Noite;Decrescente;Céu Claro;Simples;Reta;Não;1;0;0;0;1;0;0;1;-29,10894598;-51,54542236;SPRF-RS;DEL06-RS;UOP01-DEL06-RS
284683;15/05/2020;sexta-feira;22:45:00;RS;116;144,1;CAXIAS DO SUL;Velocidade Incompatível;Tombamento;Com Vítimas Feridas;Plena Noite;Crescente;Céu Claro;Dupla;Curva;Sim;1;0;0;1;0;0;1;1;-29,1267449;-51,12768983;SPRF-RS;DEL05-RS;UOP01-DEL05-RS
284756;16/05/2020;sábado;14:15:00;RS;116;216,5;MORRO REUTER;Desobediência às normas de trânsito pelo condutor;Colisão transversal;Com Vítimas Feridas;Pleno dia;Crescente;Céu Claro;Simples;Curva;Sim;2;0;2;0;0;0;2;2;-29,54001608;-51,07711676;SPRF-RS;DEL05-RS;UOP02-DEL05-RS
284892;17/05/2020;domingo;05:30:00;RS;470;235,9;CARLOS BARBOSA;Ingestão de Álcool;Saída de leito carroçável;Sem Vítimas;Pleno dia;Crescente;Céu Claro;Simples;Curva;Não;1;0;0;0;1;0;0;1;-29,30805169;-51,48653291;SPRF-RS;DEL06-RS;UOP01-DEL06-RS
284914;17/05/2020;domingo;10:15:00;RS;116;200,9;PICADA CAFE;Velocidade Incompatível;Tombamento;Com Vítimas Feridas;Pleno dia;Decrescente;Sol;Simples;Curva;Não;1;0;1;0;0;0;1;1;-29,48890588;-51,13828706;SPRF-RS;DEL05-RS;UOP02-DEL05-RS
284928;17/05/2020;domingo;10:50:00;RS;470;234,5;CARLOS BARBOSA;Velocidade Incompatível;Tombamento;Com Vítimas Feridas;Pleno dia;Decrescente;Céu Claro;Simples;Curva;Não;1;0;1;0;0;0;1;1;-29,31167025;-51,4865935;SPRF-RS;DEL06-RS;UOP01-DEL06-RS
285000;17/05/2020;domingo;18:35:00;RS;116;158;CAXIAS DO SUL;Falta de Atenção à Condução;Colisão traseira;Com Vítimas Feridas;Plena Noite;Decrescente;Nublado;Simples;Curva;Não;3;0;2;0;0;1;2;2;-29,22015528;-51,16867117;SPRF-RS;DEL05-RS;UOP01-DEL05-RS
285011;17/05/2020;domingo;19:15:00;RS;470;219;BENTO GONCALVES;Ingestão de álcool e/ou substâncias psicoativas pelo pedestre;Atropelamento de Pedestre;Com Vítimas Feridas;Plena Noite;Crescente;Céu Claro;Simples;Curva;Não;2;0;2;0;0;0;2;2;-29,18764173;-51,52116537;SPRF-RS;DEL06-RS;UOP01-DEL06-RS
285152;25/04/2020;sábado;02:40:00;RS;470;232;CARLOS BARBOSA;Velocidade Incompatível;Capotamento;Com Vítimas Feridas;Plena Noite;Decrescente;Céu Claro;Simples;Reta;Não;2;0;2;0;0;0;2;1;-29,2979412;-51,48171365;SPRF-RS;DEL06-RS;UOP01-DEL06-RS
285173;18/05/2020;segunda-feira;19:50:00;RS;470;218;BENTO GONCALVES;Falta de Atenção à Condução;Colisão frontal;Com Vítimas Feridas;Plena Noite;Crescente;Céu Claro;Simples;Curva;Não;2;0;1;0;1;0;1;2;-29,17292214;-51,52424936;SPRF-RS;DEL06-RS;UOP01-DEL06-RS
285292;19/05/2020;terça-feira;17:15:00;RS;470;213;BENTO GONCALVES;Falta de Atenção do Pedestre;Atropelamento de Pedestre;Com Vítimas Feridas;Anoitecer;Decrescente;Céu Claro;Simples;Reta;Sim;2;0;1;0;1;0;1;2;-29,138703;-51,542708;SPRF-RS;DEL06-RS;UOP01-DEL06-RS
285375;20/05/2020;quarta-feira;08:10:00;RS;116;140;CAXIAS DO SUL;Falta de Atenção à Condução;Colisão transversal;Com Vítimas Feridas;Pleno dia;Decrescente;Céu Claro;Simples;Curva;Sim;2;0;1;0;1;0;1;2;-29,10381619;-51,10968039;SPRF-RS;DEL05-RS;UOP01-DEL05-RS
285475;20/05/2020;quarta-feira;21:10:00;RS;470;191;VERANOPOLIS;Falta de Atenção à Condução;Saída de leito carroçável;Sem Vítimas;Plena Noite;Crescente;Céu Claro;Simples;"Declive;Curva";Não;1;0;0;0;1;0;0;1;-29,03048196;-51,56645754;SPRF-RS;DEL06-RS;UOP02-DEL06-RS
285524;20/04/2020;segunda-feira;18:30:00;RS;116;142;CAXIAS DO SUL;Desobediência às normas de trânsito pelo condutor;Colisão lateral;Com Vítimas Feridas;Plena Noite;Crescente;Céu Claro;Dupla;Reta;Sim;3;0;1;0;2;0;1;3;-29,11727;-51,115208;SPRF-RS;DEL05-RS;UOP01-DEL05-RS
285626;21/05/2020;quinta-feira;21:45:00;RS;116;149;CAXIAS DO SUL;Desobediência às normas de trânsito pelo condutor;Colisão traseira;Com Vítimas Feridas;Plena Noite;Decrescente;Chuva;Múltipla;Reta;Sim;3;0;2;0;1;0;2;2;-29,15996905;-51,15645292;SPRF-RS;DEL05-RS;UOP01-DEL05-RS
285706;19/04/2020;domingo;15:15:00;RS;116;149,3;CAXIAS DO SUL;Falta de Atenção à Condução;Colisão transversal;Com Vítimas Feridas;Pleno dia;Decrescente;Céu Claro;Múltipla;Interseção de Vias;Sim;2;0;0;1;1;0;1;2;-29,15996905;-51,15645292;SPRF-RS;DEL05-RS;UOP01-DEL05-RS
286081;19/04/2020;domingo;00:05:00;RS;116;129,6;SAO MARCOS;Velocidade Incompatível;Saída de leito carroçável;Sem Vítimas;Plena Noite;Decrescente;Céu Claro;Simples;Curva;Não;1;0;0;0;0;1;0;1;-29,03661379;-51,10112013;SPRF-RS;DEL05-RS;UOP01-DEL05-RS
286301;25/05/2020;segunda-feira;15:50:00;RS;116;151,5;CAXIAS DO SUL;Desobediência às normas de trânsito pelo pedestre;Atropelamento de Pedestre;Com Vítimas Feridas;Pleno dia;Decrescente;Sol;Dupla;Curva;Sim;3;0;2;0;0;1;2;2;-29,18109116;-51,16599083;SPRF-RS;DEL05-RS;UOP01-DEL05-RS
286362;25/05/2020;segunda-feira;23:45:00;RS;470;251;SAO PEDRO DA SERRA;Velocidade Incompatível;Saída de leito carroçável;Com Vítimas Feridas;Plena Noite;Decrescente;Céu Claro;Simples;Reta;Não;1;0;1;0;0;0;1;1;-29,3952549;-51,49394924;SPRF-RS;DEL06-RS;UOP01-DEL06-RS
286848;28/05/2020;quinta-feira;16:50:00;RS;470;217,7;BENTO GONCALVES;Falta de Atenção à Condução;Colisão transversal;Com Vítimas Feridas;Pleno dia;Decrescente;Céu Claro;Simples;Retorno Regulamentado;Sim;2;0;1;0;1;0;1;2;-29,16462512;-51,52551964;SPRF-RS;DEL06-RS;UOP01-DEL06-RS
286865;28/05/2020;quinta-feira;19:20:00;RS;116;115;SAO MARCOS;Falta de Atenção à Condução;Colisão transversal;Sem Vítimas;Plena Noite;Crescente;Céu Claro;Simples;Rotatória;Sim;2;0;0;0;2;0;0;2;-28,97426763;-51,06940096;SPRF-RS;DEL05-RS;UOP01-DEL05-RS
286908;29/05/2020;sexta-feira;02:55:00;RS;470;228,6;GARIBALDI;Desobediência às normas de trânsito pelo condutor;Colisão frontal;Sem Vítimas;Plena Noite;Decrescente;Céu Claro;Simples;Reta;Sim;2;0;0;0;2;0;0;2;-29,26801904;-51,49940014;SPRF-RS;DEL06-RS;UOP01-DEL06-RS
287081;30/05/2020;sábado;00:20:00;RS;470;216,8;BENTO GONCALVES;Falta de Atenção à Condução;Colisão com objeto estático;Com Vítimas Feridas;Plena Noite;Decrescente;Céu Claro;Dupla;Curva;Sim;1;0;1;0;0;0;1;1;-29,15887096;-51,53142395;SPRF-RS;DEL06-RS;UOP01-DEL06-RS
287139;30/05/2020;sábado;09:20:00;RS;116;210,9;MORRO REUTER;Desobediência às normas de trânsito pelo condutor;Colisão traseira;Com Vítimas Fatais;Pleno dia;Crescente;Céu Claro;Simples;Reta;Sim;3;1;1;0;1;0;1;2;-29,50599374;-51,0997709;SPRF-RS;DEL05-RS;UOP02-DEL05-RS
287274;30/05/2020;sábado;22:20:00;RS;470;170,1;VERANOPOLIS;Velocidade Incompatível;Saída de leito carroçável;Com Vítimas Fatais;Plena Noite;Decrescente;Céu Claro;Simples;Reta;Não;1;1;0;0;0;0;0;1;-28,87759381;-51,54865807;SPRF-RS;DEL06-RS;UOP02-DEL06-RS
287285;30/05/2020;sábado;20:25:00;RS;116;144,7;CAXIAS DO SUL;Ingestão de Álcool;Colisão traseira;Com Vítimas Feridas;Plena Noite;Decrescente;Céu Claro;Dupla;Reta;Sim;1;0;1;0;0;0;1;1;-29,1267449;-51,12768983;SPRF-RS;DEL05-RS;UOP01-DEL05-RS
287286;30/05/2020;sábado;18:40:00;RS;116;115,7;SAO MARCOS;Desobediência às normas de trânsito pelo condutor;Colisão transversal;Com Vítimas Feridas;Plena Noite;Crescente;Céu Claro;Simples;Interseção de Vias;Sim;2;0;1;0;1;0;1;2;-28,9712;-51,072197;SPRF-RS;DEL05-RS;UOP01-DEL05-RS
287581;01/06/2020;segunda-feira;14:20:00;RS;116;152,6;CAXIAS DO SUL;Desobediência às normas de trânsito pelo condutor;Colisão transversal;Com Vítimas Feridas;Pleno dia;Crescente;Nublado;Simples;Curva;Sim;2;0;1;0;1;0;1;2;-29,1829343;-51,16801501;SPRF-RS;DEL05-RS;UOP01-DEL05-RS
287628;01/06/2020;segunda-feira;18:23:00;RS;116;146,1;CAXIAS DO SUL;Falta de Atenção do Pedestre;Atropelamento de Pedestre;Com Vítimas Feridas;Plena Noite;Crescente;Nublado;Dupla;"Interseção de Vias;Reta";Sim;2;0;0;1;1;0;1;2;-29,14228897;-51,13622202;SPRF-RS;DEL05-RS;UOP01-DEL05-RS
287680;02/06/2020;terça-feira;05:45:00;RS;470;218;BENTO GONCALVES;Falta de Atenção à Condução;Colisão frontal;Sem Vítimas;Plena Noite;Crescente;Céu Claro;Simples;Reta;Sim;1;0;0;0;1;0;0;1;-29,17292214;-51,52424936;SPRF-RS;DEL06-RS;UOP01-DEL06-RS
287737;02/06/2020;terça-feira;12:10:00;RS;116;150;CAXIAS DO SUL;Desobediência às normas de trânsito pelo condutor;Colisão lateral;Com Vítimas Feridas;Pleno dia;Crescente;Céu Claro;Dupla;Reta;Sim;2;0;1;0;1;0;1;2;-29,168428;-51,158337;SPRF-RS;DEL05-RS;UOP01-DEL05-RS
288130;04/06/2020;quinta-feira;07:00:00;RS;116;142,9;CAXIAS DO SUL;Desobediência às normas de trânsito pelo condutor;Atropelamento de Pedestre;Com Vítimas Feridas;Amanhecer;Crescente;Céu Claro;Dupla;Reta;Sim;2;0;0;1;1;0;1;2;-29,11727;-51,115208;SPRF-RS;DEL05-RS;UOP01-DEL05-RS
288186;05/06/2020;sexta-feira;01:15:00;RS;470;186;VERANOPOLIS;Velocidade Incompatível;Saída de leito carroçável;Sem Vítimas;Plena Noite;Crescente;Chuva;Simples;"Declive;Curva";Sim;2;0;0;0;2;0;0;1;-29,00718017;-51,54779792;SPRF-RS;DEL06-RS;UOP02-DEL06-RS
288229;05/06/2020;sexta-feira;08:15:00;RS;116;151,4;CAXIAS DO SUL;Pista Escorregadia;Colisão com objeto estático;Sem Vítimas;Pleno dia;Decrescente;Nublado;Dupla;Curva;Sim;2;0;0;0;2;0;0;1;-29,10627648;-51,11698151;SPRF-RS;DEL05-RS;UOP01-DEL05-RS
288674;30/05/2020;sábado;14:40:00;RS;116;121;SAO MARCOS;Pista Escorregadia;Colisão com objeto estático;Sem Vítimas;Pleno dia;Decrescente;Céu Claro;Simples;Curva;Não;3;0;0;0;3;0;0;1;-29,00573128;-51,06932906;SPRF-RS;DEL05-RS;UOP01-DEL05-RS
288853;08/06/2020;segunda-feira;08:15:00;RS;470;201,6;BENTO GONCALVES;Pista Escorregadia;Colisão frontal;Com Vítimas Feridas;Amanhecer;Crescente;Nevoeiro/Neblina;Simples;Curva;Sim;4;0;1;0;3;0;1;2;-29,07605031;-51,58840656;SPRF-RS;DEL06-RS;UOP02-DEL06-RS
289019;09/06/2020;terça-feira;07:15:00;RS;116;143,7;CAXIAS DO SUL;Velocidade Incompatível;Saída de leito carroçável;Com Vítimas Feridas;Pleno dia;Decrescente;Garoa/Chuvisco;Dupla;Curva;Sim;1;0;1;0;0;0;1;1;-29,1201739;-51,12260651;SPRF-RS;DEL05-RS;UOP01-DEL05-RS
289394;11/06/2020;quinta-feira;05:50:00;RS;116;148;CAXIAS DO SUL;Velocidade Incompatível;Colisão com objeto estático;Sem Vítimas;Amanhecer;Decrescente;Nublado;Dupla;Curva;Sim;1;0;0;0;0;1;0;1;-29,15444539;-51,15101681;SPRF-RS;DEL05-RS;UOP01-DEL05-RS
289418;11/06/2020;quinta-feira;08:00:00;RS;470;211;BENTO GONCALVES;Ingestão de Álcool;Saída de leito carroçável;Sem Vítimas;Pleno dia;Crescente;Nublado;Dupla;Curva;Não;2;0;0;0;1;1;0;1;-29,12453775;-51,54360394;SPRF-RS;DEL06-RS;UOP01-DEL06-RS
289714;12/06/2020;sexta-feira;19:50:00;RS;470;231;CARLOS BARBOSA;Falta de Atenção à Condução;Colisão lateral;Com Vítimas Feridas;Plena Noite;Crescente;Nublado;Simples;Curva;Sim;2;0;1;0;1;0;1;2;-29,23579206;-51,51193423;SPRF-RS;DEL06-RS;UOP01-DEL06-RS
289783;13/06/2020;sábado;10:22:00;RS;470;219;BENTO GONCALVES;Velocidade Incompatível;Saída de leito carroçável;Com Vítimas Feridas;Pleno dia;Crescente;Chuva;Dupla;Curva;Sim;2;0;2;0;0;0;2;1;-29,17909489;-51,51855675;SPRF-RS;DEL06-RS;UOP01-DEL06-RS
289961;14/06/2020;domingo;18:30:00;RS;470;165;VILA FLORES;Falta de Atenção à Condução;Saída de leito carroçável;Com Vítimas Feridas;Plena Noite;Decrescente;Céu Claro;Simples;Curva;Não;4;0;2;0;2;0;2;1;-28,846008;-51,574306;SPRF-RS;DEL06-RS;UOP02-DEL06-RS
289997;14/06/2020;domingo;18:45:00;RS;470;225;GARIBALDI;Ingestão de Álcool;Colisão frontal;Com Vítimas Feridas;Anoitecer;Decrescente;Céu Claro;Simples;Curva;Não;2;0;1;0;1;0;1;2;-29,21454003;-51,51762617;SPRF-RS;DEL06-RS;UOP01-DEL06-RS
289999;14/06/2020;domingo;13:00:00;RS;116;198,4;PICADA CAFE;Falta de Atenção à Condução;Colisão frontal;Com Vítimas Feridas;Pleno dia;Decrescente;Sol;Simples;Curva;Não;4;0;3;0;1;0;3;2;-29,47732808;-51,14276201;SPRF-RS;DEL05-RS;UOP02-DEL05-RS
290056;15/06/2020;segunda-feira;01:00:00;RS;470;228;GARIBALDI;Velocidade Incompatível;Saída de leito carroçável;Com Vítimas Feridas;Plena Noite;Decrescente;Céu Claro;Simples;Reta;Não;1;0;0;1;0;0;1;1;-29,26557713;-51,50034796;SPRF-RS;DEL06-RS;UOP01-DEL06-RS
290087;15/06/2020;segunda-feira;07:55:00;RS;116;148;CAXIAS DO SUL;Velocidade Incompatível;Colisão traseira;Com Vítimas Feridas;Pleno dia;Decrescente;Céu Claro;Dupla;Reta;Sim;2;0;1;0;1;0;1;2;-29,15444539;-51,15101681;SPRF-RS;DEL05-RS;UOP01-DEL05-RS
290162;15/06/2020;segunda-feira;16:30:00;RS;116;149;CAXIAS DO SUL;Desobediência às normas de trânsito pelo condutor;Colisão lateral;Com Vítimas Feridas;Pleno dia;Decrescente;Céu Claro;Múltipla;Reta;Sim;4;0;1;0;2;1;1;3;-29,15996905;-51,15645292;SPRF-RS;DEL05-RS;UOP01-DEL05-RS
290426;27/05/2020;quarta-feira;18:00:00;RS;116;110,5;SAO MARCOS;Desobediência às normas de trânsito pelo condutor;Tombamento;Com Vítimas Feridas;Pleno dia;Decrescente;Sol;Simples;Reta;Não;3;0;1;0;0;2;1;2;-28,93751206;-51,09448306;SPRF-RS;DEL05-RS;UOP01-DEL05-RS
290629;15/06/2020;segunda-feira;07:40:00;RS;116;148;CAXIAS DO SUL;Desobediência às normas de trânsito pelo pedestre;Atropelamento de Pedestre;Com Vítimas Feridas;Pleno dia;Decrescente;Céu Claro;Dupla;Reta;Sim;2;0;1;0;1;0;1;2;-29,15858028;-51,15457904;SPRF-RS;DEL05-RS;UOP01-DEL05-RS
290969;20/06/2020;sábado;08:30:00;RS;116;152,3;CAXIAS DO SUL;Falta de Atenção à Condução;Tombamento;Com Vítimas Feridas;Pleno dia;Crescente;Céu Claro;Dupla;Curva;Sim;1;0;0;1;0;0;1;1;-29,1829343;-51,16801501;SPRF-RS;DEL05-RS;UOP01-DEL05-RS
291831;25/06/2020;quinta-feira;07:00:00;RS;116;100,3;SAO MARCOS;Defeito Mecânico no Veículo;Incêndio;Sem Vítimas;Amanhecer;Crescente;Céu Claro;Simples;Reta;Não;1;0;0;0;1;0;0;1;-28,88734003;-51,12288797;SPRF-RS;DEL05-RS;UOP01-DEL05-RS
291860;25/06/2020;quinta-feira;08:30:00;RS;470;157;NOVA PRATA;Pista Escorregadia;Colisão lateral;Sem Vítimas;Pleno dia;Crescente;Chuva;Simples;Curva;Não;5;0;0;0;5;0;0;2;-28,79507068;-51,61584453;SPRF-RS;DEL06-RS;UOP02-DEL06-RS
291874;25/06/2020;quinta-feira;12:55:00;RS;116;157;CAXIAS DO SUL;Velocidade Incompatível;Colisão com objeto estático;Com Vítimas Feridas;Pleno dia;Decrescente;Chuva;Simples;Curva;Não;1;0;1;0;0;0;1;1;-29,21503981;-51,17675573;SPRF-RS;DEL05-RS;UOP01-DEL05-RS
291875;25/06/2020;quinta-feira;12:30:00;RS;470;192,7;VERANOPOLIS;Falta de Atenção à Condução;Saída de leito carroçável;Com Vítimas Feridas;Pleno dia;Crescente;Chuva;Simples;"Declive;Curva";Não;1;0;1;0;0;0;1;1;-29,03048196;-51,56645754;SPRF-RS;DEL06-RS;UOP02-DEL06-RS
291918;23/06/2020;terça-feira;17:00:00;RS;116;143,6;CAXIAS DO SUL;Falta de Atenção à Condução;Colisão lateral;Com Vítimas Feridas;Pleno dia;Decrescente;Céu Claro;Dupla;"Reta;Aclive";Sim;2;0;0;1;1;0;1;2;-29,1201739;-51,12260651;SPRF-RS;DEL05-RS;UOP01-DEL05-RS
291994;26/06/2020;sexta-feira;06:50:00;RS;470;216;BENTO GONCALVES;Desobediência às normas de trânsito pelo condutor;Colisão lateral;Com Vítimas Feridas;Amanhecer;Decrescente;Nevoeiro/Neblina;Dupla;Reta;Sim;3;0;0;1;2;0;1;3;-29,15887096;-51,53142395;SPRF-RS;DEL06-RS;UOP01-DEL06-RS
292006;26/06/2020;sexta-feira;07:00:00;RS;470;218;BENTO GONCALVES;Falta de Atenção à Condução;Colisão transversal;Sem Vítimas;Amanhecer;Crescente;Nevoeiro/Neblina;Simples;Retorno Regulamentado;Sim;3;0;0;0;3;0;0;2;-29,1826461;-51,52010679;SPRF-RS;DEL06-RS;UOP01-DEL06-RS
292249;27/06/2020;sábado;02:50:00;RS;116;153,7;CAXIAS DO SUL;Desobediência às normas de trânsito pelo condutor;Colisão transversal;Sem Vítimas;Pleno dia;Crescente;Chuva;Dupla;Rotatória;Sim;2;0;0;0;2;0;0;2;-29,18579758;-51,17713005;SPRF-RS;DEL05-RS;UOP01-DEL05-RS
292643;29/06/2020;segunda-feira;16:20:00;RS;470;210;BENTO GONCALVES;Velocidade Incompatível;Saída de leito carroçável;Com Vítimas Feridas;Pleno dia;Decrescente;Chuva;Simples;"Curva;Aclive";Sim;1;0;0;1;0;0;1;1;-29,11647449;-51,54258383;SPRF-RS;DEL06-RS;UOP01-DEL06-RS
292646;29/06/2020;segunda-feira;16:45:00;RS;470;199,6;BENTO GONCALVES;Velocidade Incompatível;Colisão com objeto estático;Com Vítimas Feridas;Pleno dia;Crescente;Chuva;Simples;Reta;Não;1;0;1;0;0;0;1;1;-29,0629582;-51,58054016;SPRF-RS;DEL06-RS;UOP02-DEL06-RS
292856;30/06/2020;terça-feira;23:00:00;RS;470;218;BENTO GONCALVES;Objeto estático sobre o leito carroçável;Colisão com objeto estático;Com Vítimas Feridas;Plena Noite;Decrescente;Vento;Dupla;Curva;Não;1;0;0;1;0;0;1;1;-29,17292214;-51,52424936;SPRF-RS;DEL06-RS;UOP01-DEL06-RS
293011;02/07/2020;quinta-feira;02:50:00;RS;470;219;BENTO GONCALVES;Ingestão de Álcool;Saída de leito carroçável;Com Vítimas Feridas;Plena Noite;Decrescente;Garoa/Chuvisco;Simples;Curva;Não;2;0;2;0;0;0;2;1;-29,17909489;-51,51855675;SPRF-RS;DEL06-RS;UOP01-DEL06-RS
293463;04/07/2020;sábado;13:50:00;RS;470;218,3;BENTO GONCALVES;Desobediência às normas de trânsito pelo condutor;Colisão transversal;Com Vítimas Feridas;Pleno dia;Crescente;Céu Claro;Simples;Interseção de Vias;Sim;6;0;1;0;5;0;1;2;-29,18239831;-51,52011937;SPRF-RS;DEL06-RS;UOP01-DEL06-RS
293553;04/07/2020;sábado;21:15:00;RS;116;152;CAXIAS DO SUL;Desobediência às normas de trânsito pelo condutor;Colisão lateral;Com Vítimas Feridas;Plena Noite;Crescente;Céu Claro;Dupla;Interseção de Vias;Sim;3;0;1;0;2;0;1;2;-29,1829343;-51,16801501;SPRF-RS;DEL05-RS;UOP01-DEL05-RS
293697;05/07/2020;domingo;16:40:00;RS;470;189;VERANOPOLIS;Desobediência às normas de trânsito pelo condutor;Colisão frontal;Com Vítimas Feridas;Anoitecer;Crescente;Chuva;Simples;Reta;Não;3;0;2;1;0;0;3;2;-29,01620401;-51,56173297;SPRF-RS;DEL06-RS;UOP02-DEL06-RS
293703;05/07/2020;domingo;17:30:00;RS;470;175;VERANOPOLIS;Falta de Atenção à Condução;Colisão frontal;Sem Vítimas;Plena Noite;Crescente;Chuva;Simples;Curva;Sim;2;0;0;0;2;0;0;2;-28,91926201;-51,53914905;SPRF-RS;DEL06-RS;UOP02-DEL06-RS
294102;07/07/2020;terça-feira;17:45:00;RS;116;141;CAXIAS DO SUL;Falta de Atenção à Condução;Colisão transversal;Com Vítimas Feridas;Plena Noite;Crescente;Chuva;Simples;Interseção de Vias;Não;3;0;1;0;2;0;1;2;-29,10920112;-51,10955715;SPRF-RS;DEL05-RS;UOP01-DEL05-RS
294129;07/07/2020;terça-feira;21:00:00;RS;116;217;MORRO REUTER;Desobediência às normas de trânsito pelo condutor;Colisão com objeto estático;Sem Vítimas;Plena Noite;Crescente;Chuva;Simples;Reta;Não;1;0;0;0;1;0;0;1;-29,54396389;-51,08555876;SPRF-RS;DEL05-RS;UOP02-DEL05-RS
294323;08/07/2020;quarta-feira;23:15:00;RS;470;223;GARIBALDI;Falta de Atenção à Condução;Atropelamento de Pedestre;Com Vítimas Feridas;Plena Noite;Crescente;Garoa/Chuvisco;Simples;"Curva;Aclive";Sim;3;0;1;0;2;0;1;2;-29,229311;-51,516556;SPRF-RS;DEL06-RS;UOP01-DEL06-RS
294332;09/07/2020;quinta-feira;02:05:00;RS;116;150,2;CAXIAS DO SUL;Ingestão de Álcool;Colisão transversal;Com Vítimas Feridas;Plena Noite;Crescente;Garoa/Chuvisco;Dupla;Interseção de Vias;Sim;2;0;1;0;1;0;1;2;-29,17041204;-51,1596179;SPRF-RS;DEL05-RS;UOP01-DEL05-RS
294635;10/07/2020;sexta-feira;17:45:00;RS;470;209;BENTO GONCALVES;Desobediência às normas de trânsito pelo condutor;Colisão lateral;Com Vítimas Feridas;Anoitecer;Crescente;Nublado;Simples;Rotatória;Não;2;0;1;0;1;0;1;2;-29,10894598;-51,54542236;SPRF-RS;DEL06-RS;UOP01-DEL06-RS
294858;11/07/2020;sábado;18:00:00;RS;116;142,1;CAXIAS DO SUL;Ingestão de Álcool;Colisão com objeto estático;Sem Vítimas;Anoitecer;Crescente;Chuva;Dupla;Interseção de Vias;Sim;1;0;0;0;1;0;0;1;-29,11727;-51,115208;SPRF-RS;DEL05-RS;UOP01-DEL05-RS
294888;11/07/2020;sábado;21:00:00;RS;470;228;GARIBALDI;Ingestão de Álcool;Colisão lateral;Sem Vítimas;Plena Noite;Decrescente;Chuva;Simples;Curva;Não;3;0;0;0;3;0;0;1;-29,21759706;-51,51703722;SPRF-RS;DEL06-RS;UOP01-DEL06-RS
294899;11/07/2020;sábado;19:00:00;RS;470;199,9;BENTO GONCALVES;Ingestão de Álcool;Saída de leito carroçável;Sem Vítimas;Plena Noite;Crescente;Nevoeiro/Neblina;Simples;Curva;Não;2;0;0;0;2;0;0;1;-29,06794849;-51,57686234;SPRF-RS;DEL06-RS;UOP02-DEL06-RS
294923;11/07/2020;sábado;21:00:00;RS;116;153;CAXIAS DO SUL;Ingestão de Álcool;Colisão com objeto estático;Sem Vítimas;Plena Noite;Crescente;Garoa/Chuvisco;Dupla;Reta;Sim;1;0;0;0;0;1;0;1;-29,18579758;-51,17713005;SPRF-RS;DEL05-RS;UOP01-DEL05-RS
295171;13/07/2020;segunda-feira;06:40:00;RS;116;186,6;NOVA PETROPOLIS;Pista Escorregadia;Colisão com objeto estático;Com Vítimas Feridas;Amanhecer;Crescente;Nevoeiro/Neblina;Simples;Curva;Não;1;0;1;0;0;0;1;1;-29,39850319;-51,12755022;SPRF-RS;DEL05-RS;UOP02-DEL05-RS
295337;14/07/2020;terça-feira;06:45:00;RS;470;216;BENTO GONCALVES;Falta de Atenção à Condução;Colisão transversal;Com Vítimas Feridas;Pleno dia;Crescente;Céu Claro;Dupla;Rotatória;Sim;2;0;1;0;1;0;1;2;-29,15887096;-51,53142395;SPRF-RS;DEL06-RS;UOP01-DEL06-RS
295469;14/07/2020;terça-feira;19:30:00;RS;116;216,4;MORRO REUTER;Ingestão de Álcool;Colisão lateral;Sem Vítimas;Plena Noite;Decrescente;Nublado;Dupla;Reta;Sim;2;0;0;0;2;0;0;2;-29,54001608;-51,07711676;SPRF-RS;DEL05-RS;UOP02-DEL05-RS
295609;15/07/2020;quarta-feira;08:00:00;RS;116;140,8;CAXIAS DO SUL;Pista Escorregadia;Tombamento;Com Vítimas Feridas;Pleno dia;Crescente;Céu Claro;Simples;Curva;Sim;2;0;2;0;0;0;2;1;-29,10381619;-51,10968039;SPRF-RS;DEL05-RS;UOP01-DEL05-RS
295654;16/07/2020;quinta-feira;07:20:00;RS;470;218;BENTO GONCALVES;Falta de Atenção à Condução;Colisão transversal;Com Vítimas Feridas;Pleno dia;Crescente;Céu Claro;Simples;"Reta;Declive";Não;2;0;1;0;1;0;1;2;-29,17292214;-51,52424936;SPRF-RS;DEL06-RS;UOP01-DEL06-RS
295688;16/07/2020;quinta-feira;11:20:00;RS;470;164;VILA FLORES;Desobediência às normas de trânsito pelo condutor;Colisão transversal;Com Vítimas Feridas;Pleno dia;Crescente;Chuva;Simples;Reta;Não;2;0;1;1;0;0;2;2;-28,83381495;-51,57472392;SPRF-RS;DEL06-RS;UOP02-DEL06-RS
295802;17/07/2020;sexta-feira;06:40:00;RS;470;224,9;GARIBALDI;Falta de Atenção à Condução;Colisão transversal;Com Vítimas Feridas;Amanhecer;Crescente;Garoa/Chuvisco;Simples;Reta;Sim;2;0;1;0;1;0;1;2;-29,23979287;-51,51827401;SPRF-RS;DEL06-RS;UOP01-DEL06-RS
296037;18/07/2020;sábado;01:55:00;RS;470;230;CARLOS BARBOSA;Velocidade Incompatível;Colisão com objeto estático;Com Vítimas Feridas;Plena Noite;Decrescente;Céu Claro;Dupla;Reta;Sim;2;0;1;0;0;1;1;1;-29,28909383;-51,4881134;SPRF-RS;DEL06-RS;UOP01-DEL06-RS
296272;19/07/2020;domingo;08:20:00;RS;116;153,7;CAXIAS DO SUL;Falta de Atenção à Condução;Colisão lateral;Com Vítimas Feridas;Pleno dia;Decrescente;Céu Claro;Dupla;Rotatória;Sim;3;0;1;0;2;0;1;2;-29,18579758;-51,17713005;SPRF-RS;DEL05-RS;UOP01-DEL05-RS
296370;19/07/2020;domingo;18:00:00;RS;470;232,6;CARLOS BARBOSA;Desobediência às normas de trânsito pelo condutor;Colisão transversal;Com Vítimas Feridas;Plena Noite;Decrescente;Céu Claro;Múltipla;Interseção de Vias;Não;2;0;0;1;1;0;1;2;-29,29851194;-51,4809913;SPRF-RS;DEL06-RS;UOP01-DEL06-RS
296467;20/07/2020;segunda-feira;07:05:00;RS;116;112,6;SAO MARCOS;Desobediência às normas de trânsito pelo condutor;Colisão transversal;Com Vítimas Feridas;Pleno dia;Decrescente;Céu Claro;Simples;Interseção de Vias;Sim;2;0;1;0;0;1;1;2;-28,94827931;-51,08170135;SPRF-RS;DEL05-RS;UOP01-DEL05-RS
296472;20/07/2020;segunda-feira;07:00:00;RS;470;211,2;BENTO GONCALVES;Falta de Atenção à Condução;Colisão lateral;Com Vítimas Feridas;Pleno dia;Crescente;Céu Claro;Simples;Curva;Não;2;0;0;1;1;0;1;2;-29,12453775;-51,54360394;SPRF-RS;DEL06-RS;UOP01-DEL06-RS
296638;21/07/2020;terça-feira;05:30:00;RS;116;189,7;NOVA PETROPOLIS;Fenômenos da Natureza;Colisão com objeto estático;Com Vítimas Feridas;Amanhecer;Crescente;Céu Claro;Simples;Reta;Não;1;0;0;1;0;0;1;1;-29,41439425;-51,12826171;SPRF-RS;DEL05-RS;UOP02-DEL05-RS
296733;21/07/2020;terça-feira;17:29:00;RS;116;152,7;CAXIAS DO SUL;Desobediência às normas de trânsito pelo condutor;Colisão transversal;Sem Vítimas;Anoitecer;Decrescente;Céu Claro;Simples;Reta;Sim;2;0;0;0;2;0;0;2;-29,1829343;-51,16801501;SPRF-RS;DEL05-RS;UOP01-DEL05-RS
296797;22/07/2020;quarta-feira;03:05:00;RS;116;131,9;CAXIAS DO SUL;Condutor Dormindo;Colisão frontal;Sem Vítimas;Plena Noite;Crescente;Céu Claro;Simples;Ponte;Não;2;0;0;0;2;0;0;2;-29,04243793;-51,09118821;SPRF-RS;DEL05-RS;UOP01-DEL05-RS
296827;22/07/2020;quarta-feira;07:30:00;RS;116;120,2;SAO MARCOS;Mal Súbito;Colisão com objeto estático;Com Vítimas Feridas;Pleno dia;Crescente;Céu Claro;Simples;Curva;Não;1;0;1;0;0;0;1;1;-29,00257991;-51,07844385;SPRF-RS;DEL05-RS;UOP01-DEL05-RS
297027;23/07/2020;quinta-feira;13:10:00;RS;116;114,4;SAO MARCOS;Desobediência às normas de trânsito pelo condutor;Colisão transversal;Com Vítimas Feridas;Pleno dia;Crescente;Céu Claro;Simples;Reta;Sim;3;0;1;0;2;0;1;2;-28,96397179;-51,0753428;SPRF-RS;DEL05-RS;UOP01-DEL05-RS
297614;26/07/2020;domingo;11:05:00;RS;470;184,7;VERANOPOLIS;Falta de Atenção à Condução;Colisão transversal;Com Vítimas Feridas;Pleno dia;Decrescente;Céu Claro;Simples;"Interseção de Vias;Reta";Não;3;0;2;0;1;0;2;2;-28,99615608;-51,55829913;SPRF-RS;DEL06-RS;UOP02-DEL06-RS
297714;26/07/2020;domingo;20:25:00;RS;470;173;VERANOPOLIS;Ingestão de Álcool;Capotamento;Sem Vítimas;Plena Noite;Decrescente;Céu Claro;Simples;Curva;Sim;2;0;0;0;2;0;0;1;-28,90074603;-51,55311438;SPRF-RS;DEL06-RS;UOP02-DEL06-RS
298028;28/07/2020;terça-feira;11:30:00;RS;470;177;VERANOPOLIS;Falta de Atenção à Condução;Colisão transversal;Com Vítimas Feridas;Pleno dia;Crescente;Céu Claro;Simples;Reta;Sim;2;0;1;0;1;0;1;2;-28,93915139;-51,54591976;SPRF-RS;DEL06-RS;UOP02-DEL06-RS
298182;29/07/2020;quarta-feira;12:42:00;RS;470;155;NOVA PRATA;Falta de Atenção à Condução;Colisão transversal;Com Vítimas Fatais;Pleno dia;Crescente;Céu Claro;Simples;Reta;Sim;3;1;2;0;0;0;2;2;-28,78243906;-51,61511825;SPRF-RS;DEL06-RS;UOP02-DEL06-RS
298223;29/07/2020;quarta-feira;17:00:00;RS;116;216,8;MORRO REUTER;Defeito Mecânico no Veículo;Saída de leito carroçável;Com Vítimas Feridas;Pleno dia;Decrescente;Céu Claro;Simples;"Declive;Curva";Não;9;0;7;0;1;1;7;2;-29,5435184;-51,08565331;SPRF-RS;DEL05-RS;UOP02-DEL05-RS
298278;30/07/2020;quinta-feira;01:30:00;RS;470;152,7;NOVA PRATA;Ingestão de Álcool;Saída de leito carroçável;Sem Vítimas;Plena Noite;Decrescente;Céu Claro;Simples;Rotatória;Não;1;0;0;0;1;0;0;1;-28,75677577;-51,62794411;SPRF-RS;DEL06-RS;UOP02-DEL06-RS
298535;25/07/2020;sábado;14:00:00;RS;470;179,5;VERANOPOLIS;Falta de Atenção à Condução;Colisão lateral;Com Vítimas Feridas;Pleno dia;Decrescente;Céu Claro;Dupla;Reta;Não;2;0;1;0;1;0;1;2;-28,95614928;-51,56242466;SPRF-RS;DEL06-RS;UOP02-DEL06-RS
298776;01/08/2020;sábado;15:00:00;RS;470;194,6;BENTO GONCALVES;Mal Súbito;Saída de leito carroçável;Com Vítimas Fatais;Pleno dia;Decrescente;Céu Claro;Simples;Declive;Não;1;1;0;0;0;0;0;1;-29,05030203;-51,57387285;SPRF-RS;DEL06-RS;UOP02-DEL06-RS
298885;01/08/2020;sábado;23:43:00;RS;470;157;NOVA PRATA;Animais na Pista;Saída de leito carroçável;Com Vítimas Feridas;Plena Noite;Decrescente;Céu Claro;Simples;Reta;Não;2;0;2;0;0;0;2;1;-28,79507068;-51,61584453;SPRF-RS;DEL06-RS;UOP02-DEL06-RS
298898;02/08/2020;domingo;02:40:00;RS;470;219;BENTO GONCALVES;Ingestão de Álcool;Tombamento;Com Vítimas Feridas;Plena Noite;Crescente;Céu Claro;Simples;"Curva;Aclive";Não;1;0;1;0;0;0;1;1;-29,17909489;-51,51855675;SPRF-RS;DEL06-RS;UOP01-DEL06-RS
299528;05/08/2020;quarta-feira;07:40:00;RS;116;144;CAXIAS DO SUL;Falta de Atenção à Condução;Colisão lateral;Com Vítimas Feridas;Amanhecer;Decrescente;Céu Claro;Dupla;Curva;Sim;2;0;1;0;1;0;1;2;-29,1267449;-51,12768983;SPRF-RS;DEL05-RS;UOP01-DEL05-RS
299753;06/08/2020;quinta-feira;10:15:00;RS;470;146;NOVA PRATA;Falta de Atenção à Condução;Colisão transversal;Com Vítimas Feridas;Pleno dia;Decrescente;Céu Claro;Simples;Reta;Não;2;0;1;0;1;0;1;2;-28,70856476;-51,61384342;SPRF-RS;DEL06-RS;UOP02-DEL06-RS
299860;06/08/2020;quinta-feira;21:30:00;RS;470;216,9;BENTO GONCALVES;Velocidade Incompatível;Colisão com objeto estático;Sem Vítimas;Plena Noite;Crescente;Céu Claro;Dupla;Reta;Sim;2;0;0;0;2;0;0;1;-29,15887096;-51,53142395;SPRF-RS;DEL06-RS;UOP01-DEL06-RS
299912;07/08/2020;sexta-feira;09:15:00;RS;470;168;VILA FLORES;Desobediência às normas de trânsito pelo condutor;Colisão transversal;Com Vítimas Feridas;Pleno dia;Crescente;Sol;Simples;"Declive;Reta";Sim;2;0;1;0;1;0;1;2;-28,863628;-51,553148;SPRF-RS;DEL06-RS;UOP02-DEL06-RS
300004;07/08/2020;sexta-feira;17:23:00;RS;116;142,5;CAXIAS DO SUL;Não guardar distância de segurança;Queda de ocupante de veículo;Com Vítimas Feridas;Pleno dia;Crescente;Céu Claro;Dupla;"Interseção de Vias;Curva";Sim;2;0;1;0;1;0;1;2;-29,11727;-51,115208;SPRF-RS;DEL05-RS;UOP01-DEL05-RS
300018;03/08/2020;segunda-feira;00:05:00;RS;116;147,3;CAXIAS DO SUL;Desobediência às normas de trânsito pelo condutor;Colisão transversal;Com Vítimas Feridas;Plena Noite;Crescente;Céu Claro;Dupla;Interseção de Vias;Sim;2;0;1;0;1;0;1;2;-29,14908014;-51,1429969;SPRF-RS;DEL05-RS;UOP01-DEL05-RS
300130;08/08/2020;sábado;03:35:00;RS;470;228;GARIBALDI;Ingestão de Álcool;Colisão transversal;Sem Vítimas;Plena Noite;Decrescente;Chuva;Simples;Reta;Não;2;0;0;0;2;0;0;2;-29,21759706;-51,51703722;SPRF-RS;DEL06-RS;UOP01-DEL06-RS
300205;08/08/2020;sábado;15:02:00;RS;470;219;BENTO GONCALVES;Falta de Atenção à Condução;Queda de ocupante de veículo;Com Vítimas Feridas;Pleno dia;Decrescente;Céu Claro;Simples;Curva;Não;1;0;1;0;0;0;1;1;-29,17909489;-51,51855675;SPRF-RS;DEL06-RS;UOP01-DEL06-RS
300209;08/08/2020;sábado;15:20:00;RS;116;136,6;CAXIAS DO SUL;Falta de Atenção à Condução;Colisão transversal;Com Vítimas Feridas;Pleno dia;Crescente;Sol;Simples;Reta;Sim;3;0;2;0;1;0;2;2;-29,075135;-51,106044;SPRF-RS;DEL05-RS;UOP01-DEL05-RS
300248;08/08/2020;sábado;18:00:00;RS;116;110,7;SAO MARCOS;Desobediência às normas de trânsito pelo condutor;Colisão lateral;Com Vítimas Feridas;Plena Noite;Decrescente;Céu Claro;Dupla;Aclive;Não;3;0;1;1;1;0;2;2;-28,9405801;-51,08934402;SPRF-RS;DEL05-RS;UOP01-DEL05-RS
300286;08/08/2020;sábado;19:05:00;RS;116;154;CAXIAS DO SUL;Falta de Atenção à Condução;Saída de leito carroçável;Sem Vítimas;Plena Noite;Decrescente;Céu Claro;Simples;Interseção de Vias;Sim;2;0;0;0;2;0;0;1;-29,19074818;-51,18073734;SPRF-RS;DEL05-RS;UOP01-DEL05-RS
300409;09/08/2020;domingo;10:15:00;RS;116;164;CAXIAS DO SUL;Desobediência às normas de trânsito pelo condutor;Colisão frontal;Com Vítimas Fatais;Pleno dia;Decrescente;Céu Claro;Múltipla;Curva;Não;2;1;1;0;0;0;1;2;-29,26344857;-51,16113999;SPRF-RS;DEL05-RS;UOP02-DEL05-RS
300555;09/08/2020;domingo;12:00:00;RS;116;111;SAO MARCOS;Ingestão de álcool e/ou substâncias psicoativas pelo pedestre;Saída de leito carroçável;Com Vítimas Feridas;Pleno dia;Decrescente;Céu Claro;Dupla;Curva;Não;1;0;1;0;0;0;1;1;-28,94156803;-51,085764;SPRF-RS;DEL05-RS;UOP01-DEL05-RS
301701;15/08/2020;sábado;16:50:00;RS;470;216;BENTO GONCALVES;Falta de Atenção à Condução;Queda de ocupante de veículo;Com Vítimas Feridas;Pleno dia;Crescente;Céu Claro;Simples;Reta;Não;1;0;1;0;0;0;1;1;-29,15887096;-51,53142395;SPRF-RS;DEL06-RS;UOP01-DEL06-RS
301702;15/08/2020;sábado;16:05:00;RS;470;219;BENTO GONCALVES;Falta de Atenção à Condução;Colisão transversal;Com Vítimas Feridas;Pleno dia;Decrescente;Céu Claro;Dupla;Interseção de Vias;Sim;2;0;2;0;0;0;2;2;-29,17909489;-51,51855675;SPRF-RS;DEL06-RS;UOP01-DEL06-RS
302191;18/08/2020;terça-feira;11:15:00;RS;116;180;NOVA PETROPOLIS;Falta de Atenção à Condução;Tombamento;Com Vítimas Feridas;Pleno dia;Decrescente;Nublado;Simples;Curva;Não;1;0;1;0;0;0;1;1;-29,364582;-51,130638;SPRF-RS;DEL05-RS;UOP02-DEL05-RS
302282;18/08/2020;terça-feira;17:15:00;RS;470;251;SAO PEDRO DA SERRA;Ingestão de Álcool;Colisão transversal;Com Vítimas Feridas;Anoitecer;Decrescente;Chuva;Dupla;Rotatória;Sim;2;0;2;0;0;0;2;2;-29,3952549;-51,49394924;SPRF-RS;DEL06-RS;UOP01-DEL06-RS
302832;21/08/2020;sexta-feira;23:00:00;RS;470;172;VERANOPOLIS;Velocidade Incompatível;Saída de leito carroçável;Com Vítimas Feridas;Plena Noite;Decrescente;Céu Claro;Simples;Reta;Sim;2;0;2;0;0;0;2;1;-28,89106431;-51,54975736;SPRF-RS;DEL06-RS;UOP02-DEL06-RS
302938;22/08/2020;sábado;04:00:00;RS;470;209;BENTO GONCALVES;Velocidade Incompatível;Saída de leito carroçável;Sem Vítimas;Plena Noite;Decrescente;Céu Claro;Simples;Curva;Não;1;0;0;0;0;1;0;1;-29,10894598;-51,54542236;SPRF-RS;DEL06-RS;UOP01-DEL06-RS
303207;23/08/2020;domingo;19:20:00;RS;116;155,9;CAXIAS DO SUL;Ingestão de Álcool;Colisão transversal;Com Vítimas Feridas;Plena Noite;Crescente;Céu Claro;Simples;"Interseção de Vias;Declive;Curva";Sim;3;0;1;0;2;0;1;2;-29,19873129;-51,17629631;SPRF-RS;DEL05-RS;UOP01-DEL05-RS
303250;23/08/2020;domingo;19:50:00;RS;116;152,9;CAXIAS DO SUL;Desobediência às normas de trânsito pelo condutor;Colisão transversal;Com Vítimas Feridas;Plena Noite;Crescente;Céu Claro;Simples;Reta;Sim;2;0;1;0;1;0;1;2;-29,1829343;-51,16801501;SPRF-RS;DEL05-RS;UOP01-DEL05-RS
303251;23/08/2020;domingo;21:00:00;RS;116;170;CAXIAS DO SUL;Ingestão de Álcool;Colisão com objeto estático;Com Vítimas Feridas;Plena Noite;Decrescente;Céu Claro;Simples;"Curva;Aclive";Não;1;0;0;1;0;0;1;1;-29,30044589;-51,16453405;SPRF-RS;DEL05-RS;UOP02-DEL05-RS
303378;24/08/2020;segunda-feira;12:00:00;RS;116;171;CAXIAS DO SUL;Desobediência às normas de trânsito pelo condutor;Colisão transversal;Com Vítimas Feridas;Pleno dia;Decrescente;Céu Claro;Simples;Reta;Sim;2;0;1;0;1;0;1;2;-29,30863186;-51,16752332;SPRF-RS;DEL05-RS;UOP02-DEL05-RS
303633;25/08/2020;terça-feira;19:50:00;RS;470;234,8;CARLOS BARBOSA;Velocidade Incompatível;Colisão com objeto estático;Com Vítimas Feridas;Plena Noite;Decrescente;Céu Claro;Simples;Curva;Não;4;0;2;0;2;0;2;1;-29,35015993;-51,51291847;SPRF-RS;DEL06-RS;UOP01-DEL06-RS
303644;25/08/2020;terça-feira;21:10:00;RS;116;144,5;CAXIAS DO SUL;Ingestão de Álcool;Colisão traseira;Sem Vítimas;Plena Noite;Decrescente;Céu Claro;Dupla;Retorno Regulamentado;Sim;2;0;0;0;2;0;0;2;-29,13204234;-51,12876177;SPRF-RS;DEL05-RS;UOP01-DEL05-RS
303736;26/08/2020;quarta-feira;12:15:00;RS;470;181;VERANOPOLIS;Falta de Atenção à Condução;Saída de leito carroçável;Com Vítimas Feridas;Pleno dia;Crescente;Céu Claro;Simples;Curva;Não;1;0;1;0;0;0;1;1;-28,97313415;-51,56365161;SPRF-RS;DEL06-RS;UOP02-DEL06-RS
303911;27/08/2020;quinta-feira;15:00:00;RS;116;152,1;CAXIAS DO SUL;Defeito Mecânico no Veículo;Tombamento;Com Vítimas Feridas;Pleno dia;Crescente;Céu Claro;Simples;Curva;Sim;1;0;1;0;0;0;1;1;-29,1829343;-51,16801501;SPRF-RS;DEL05-RS;UOP01-DEL05-RS
303993;28/08/2020;sexta-feira;00:10:00;RS;116;150,2;CAXIAS DO SUL;Ingestão de Álcool;Colisão lateral;Sem Vítimas;Plena Noite;Decrescente;Céu Claro;Dupla;Interseção de Vias;Sim;2;0;0;0;2;0;0;2;-29,168428;-51,158337;SPRF-RS;DEL05-RS;UOP01-DEL05-RS
304200;28/08/2020;sexta-feira;23:15:00;RS;116;147,8;CAXIAS DO SUL;Velocidade Incompatível;Saída de leito carroçável;Sem Vítimas;Plena Noite;Crescente;Nublado;Simples;Reta;Sim;1;0;0;0;1;0;0;1;-29,14908014;-51,1429969;SPRF-RS;DEL05-RS;UOP01-DEL05-RS
304380;29/08/2020;sábado;17:45:00;RS;470;154;NOVA PRATA;Não guardar distância de segurança;Colisão traseira;Sem Vítimas;Anoitecer;Decrescente;Nublado;Simples;Reta;Sim;2;0;0;0;2;0;0;2;-28,77711311;-51,61126545;SPRF-RS;DEL06-RS;UOP02-DEL06-RS
304602;30/08/2020;domingo;15:50:00;RS;116;148,4;CAXIAS DO SUL;Velocidade Incompatível;Colisão com objeto estático;Sem Vítimas;Pleno dia;Crescente;Nevoeiro/Neblina;Dupla;Curva;Sim;2;0;0;0;2;0;0;1;-29,15783923;-51,15174294;SPRF-RS;DEL05-RS;UOP01-DEL05-RS
304779;31/08/2020;segunda-feira;08:00:00;RS;116;162,8;CAXIAS DO SUL;Velocidade Incompatível;Colisão frontal;Com Vítimas Feridas;Amanhecer;Crescente;Nevoeiro/Neblina;Simples;Curva;Não;3;0;3;0;0;0;3;2;-29,24754637;-51,15737756;SPRF-RS;DEL05-RS;UOP02-DEL05-RS
304946;01/09/2020;terça-feira;06:45:00;RS;470;214,1;BENTO GONCALVES;Desobediência às normas de trânsito pelo condutor;Colisão transversal;Com Vítimas Feridas;Pleno dia;Crescente;Céu Claro;Simples;Reta;Sim;3;0;1;0;2;0;1;2;-29,15285595;-51,52969349;SPRF-RS;DEL06-RS;UOP01-DEL06-RS
305035;01/09/2020;terça-feira;16:12:00;RS;470;221;GARIBALDI;Restrição de Visibilidade;Colisão com objeto estático;Sem Vítimas;Pleno dia;Crescente;Nublado;Simples;"Curva;Interseção de Vias";Sim;2;0;0;0;2;0;0;1;-29,21263068;-51,51829546;SPRF-RS;DEL06-RS;UOP01-DEL06-RS
305203;02/09/2020;quarta-feira;15:40:00;RS;470;202,6;BENTO GONCALVES;Falta de Atenção à Condução;Saída de leito carroçável;Com Vítimas Feridas;Pleno dia;Decrescente;Céu Claro;Simples;Curva;Não;1;0;1;0;0;0;1;1;-29,07523966;-51,571886;SPRF-RS;DEL06-RS;UOP02-DEL06-RS
305334;02/09/2020;quarta-feira;11:00:00;RS;470;223,4;GARIBALDI;Falta de Atenção à Condução;Colisão lateral;Com Vítimas Feridas;Pleno dia;Crescente;Céu Claro;Simples;Rotatória;Sim;5;0;0;1;4;0;1;5;-29,22706515;-51,51618373;SPRF-RS;DEL06-RS;UOP01-DEL06-RS
306200;06/09/2020;domingo;16:50:00;RS;116;150;CAXIAS DO SUL;Desobediência às normas de trânsito pelo condutor;Colisão transversal;Sem Vítimas;Pleno dia;Crescente;Chuva;Múltipla;Interseção de Vias;Sim;2;0;0;0;2;0;0;2;-29,168428;-51,158337;SPRF-RS;DEL05-RS;UOP01-DEL05-RS
306487;07/09/2020;segunda-feira;19:00:00;RS;470;185;VERANOPOLIS;Falta de Atenção à Condução;Colisão traseira;Sem Vítimas;Plena Noite;Decrescente;Chuva;Dupla;Reta;Sim;3;0;0;0;3;0;0;2;-29,00293427;-51,55261331;SPRF-RS;DEL06-RS;UOP02-DEL06-RS
306540;07/09/2020;segunda-feira;23:00:00;RS;470;189,6;VERANOPOLIS;Ingestão de Álcool;Saída de leito carroçável;Sem Vítimas;Plena Noite;Decrescente;Chuva;Simples;"Curva;Aclive";Não;1;0;0;0;1;0;0;1;-29,0140054;-51,56051528;SPRF-RS;DEL06-RS;UOP02-DEL06-RS
306868;09/09/2020;quarta-feira;14:50:00;RS;116;109,8;SAO MARCOS;Desobediência às normas de trânsito pelo condutor;Colisão lateral;Sem Vítimas;Pleno dia;Decrescente;Céu Claro;Dupla;Curva;Não;2;0;0;0;2;0;0;2;-28,9318049;-51,0959297;SPRF-RS;DEL05-RS;UOP01-DEL05-RS
306925;09/09/2020;quarta-feira;22:30:00;RS;116;153;CAXIAS DO SUL;Desobediência às normas de trânsito pelo condutor;Tombamento;Com Vítimas Feridas;Plena Noite;Crescente;Céu Claro;Dupla;Reta;Sim;1;0;0;1;0;0;1;1;-29,18579758;-51,17713005;SPRF-RS;DEL05-RS;UOP01-DEL05-RS
307005;10/09/2020;quinta-feira;11:15:00;RS;116;153,8;CAXIAS DO SUL;Desobediência às normas de trânsito pelo condutor;Colisão transversal;Sem Vítimas;Pleno dia;Crescente;Sol;Simples;Rotatória;Sim;2;0;0;0;1;1;0;2;-29,18835983;-51,18251324;SPRF-RS;DEL05-RS;UOP01-DEL05-RS
307036;10/09/2020;quinta-feira;16:20:00;RS;470;205;BENTO GONCALVES;Defeito Mecânico no Veículo;Incêndio;Sem Vítimas;Pleno dia;Crescente;Céu Claro;Simples;Reta;Não;1;0;0;0;1;0;0;1;-29,08303999;-51,56096429;SPRF-RS;DEL06-RS;UOP01-DEL06-RS
307231;11/09/2020;sexta-feira;17:45:00;RS;470;172;VERANOPOLIS;Falta de Atenção à Condução;Colisão transversal;Com Vítimas Feridas;Anoitecer;Decrescente;Nublado;Simples;"Reta;Interseção de Vias;Retorno Regulamentado";Sim;4;0;1;0;3;0;1;2;-28,89106431;-51,54975736;SPRF-RS;DEL06-RS;UOP02-DEL06-RS
307402;12/09/2020;sábado;08:30:00;RS;116;142,5;CAXIAS DO SUL;Velocidade Incompatível;Colisão com objeto estático;Sem Vítimas;Pleno dia;Crescente;Garoa/Chuvisco;Dupla;Curva;Sim;1;0;0;0;1;0;0;1;-29,11727;-51,115208;SPRF-RS;DEL05-RS;UOP01-DEL05-RS
307423;12/09/2020;sábado;10:00:00;RS;116;142,6;CAXIAS DO SUL;Pista Escorregadia;Colisão com objeto estático;Com Vítimas Feridas;Pleno dia;Crescente;Garoa/Chuvisco;Dupla;Curva;Sim;3;0;2;0;1;0;2;1;-29,11727;-51,115208;SPRF-RS;DEL05-RS;UOP01-DEL05-RS
307656;13/09/2020;domingo;11:00:00;RS;116;163,5;CAXIAS DO SUL;Fenômenos da Natureza;Colisão com objeto estático;Com Vítimas Feridas;Pleno dia;Decrescente;Nublado;Simples;Reta;Não;3;0;1;0;2;0;1;1;-29,25506295;-51,16005783;SPRF-RS;DEL05-RS;UOP02-DEL05-RS
307883;14/09/2020;segunda-feira;11:03:00;RS;470;225;GARIBALDI;Falta de Atenção à Condução;Colisão com objeto estático;Com Vítimas Feridas;Pleno dia;Decrescente;Chuva;Simples;Reta;Sim;1;0;1;0;0;0;1;1;-29,21454003;-51,51762617;SPRF-RS;DEL06-RS;UOP01-DEL06-RS
308027;15/09/2020;terça-feira;07:25:00;RS;470;219;BENTO GONCALVES;Velocidade Incompatível;Saída de leito carroçável;Com Vítimas Feridas;Pleno dia;Crescente;Nublado;Simples;Curva;Não;1;0;1;0;0;0;1;1;-29,17909489;-51,51855675;SPRF-RS;DEL06-RS;UOP01-DEL06-RS
308256;16/09/2020;quarta-feira;11:20:00;RS;470;165;VILA FLORES;Desobediência às normas de trânsito pelo condutor;Colisão transversal;Com Vítimas Feridas;Pleno dia;Crescente;Chuva;Simples;Curva;Sim;6;0;4;2;0;0;6;2;-28,84169703;-51,57429796;SPRF-RS;DEL06-RS;UOP02-DEL06-RS
308298;16/09/2020;quarta-feira;16:50:00;RS;470;210;BENTO GONCALVES;Ingestão de Álcool;Colisão traseira;Com Vítimas Feridas;Pleno dia;Crescente;Chuva;Simples;Retorno Regulamentado;Sim;3;0;2;0;1;0;2;2;-29,11647449;-51,54258383;SPRF-RS;DEL06-RS;UOP01-DEL06-RS
308466;17/09/2020;quinta-feira;14:00:00;RS;470;196;BENTO GONCALVES;Condutor Dormindo;Capotamento;Sem Vítimas;Pleno dia;Decrescente;Céu Claro;Simples;Reta;Não;1;0;0;0;1;0;0;1;-29,04890129;-51,59140303;SPRF-RS;DEL06-RS;UOP02-DEL06-RS
308559;17/09/2020;quinta-feira;21:29:00;RS;470;249;BARAO;Velocidade Incompatível;Saída de leito carroçável;Sem Vítimas;Plena Noite;Crescente;Céu Claro;Simples;Curva;Não;1;0;0;0;1;0;0;1;-29,385815;-51,49171;SPRF-RS;DEL06-RS;UOP01-DEL06-RS
308693;18/09/2020;sexta-feira;17:50:00;RS;470;214;BENTO GONCALVES;Desobediência às normas de trânsito pelo condutor;Colisão transversal;Com Vítimas Feridas;Pleno dia;Decrescente;Céu Claro;Simples;"Reta;Aclive";Sim;2;0;1;0;1;0;1;2;-29,15283591;-51,52982712;SPRF-RS;DEL06-RS;UOP01-DEL06-RS
309087;15/07/2020;quarta-feira;06:45:00;RS;116;153,2;CAXIAS DO SUL;Fenômenos da Natureza;Queda de ocupante de veículo;Com Vítimas Feridas;Amanhecer;Decrescente;Céu Claro;Dupla;Declive;Sim;1;0;1;0;0;0;1;1;-29,18738571;-51,17959499;SPRF-RS;DEL05-RS;UOP01-DEL05-RS
309122;20/09/2020;domingo;16:30:00;RS;470;226;GARIBALDI;Falta de Atenção à Condução;Saída de leito carroçável;Com Vítimas Feridas;Pleno dia;Decrescente;Céu Claro;Dupla;Curva;Não;2;0;0;2;0;0;2;1;-29,21556004;-51,51743821;SPRF-RS;DEL06-RS;UOP01-DEL06-RS
309828;23/09/2020;quarta-feira;21:45:00;RS;470;224,1;GARIBALDI;Ultrapassagem Indevida;Colisão com objeto estático;Com Vítimas Feridas;Plena Noite;Crescente;Ignorado;Dupla;Reta;Não;2;0;0;1;1;0;1;2;-29,23304279;-51,51596731;SPRF-RS;DEL06-RS;UOP01-DEL06-RS
310280;26/09/2020;sábado;00:35:00;RS;116;156,6;CAXIAS DO SUL;Velocidade Incompatível;Tombamento;Com Vítimas Feridas;Plena Noite;Crescente;Céu Claro;Simples;Curva;Não;1;0;0;1;0;0;1;1;-29,20731013;-51,17757864;SPRF-RS;DEL05-RS;UOP01-DEL05-RS
310325;26/09/2020;sábado;07:45:00;RS;116;145;CAXIAS DO SUL;Desobediência às normas de trânsito pelo condutor;Colisão traseira;Com Vítimas Feridas;Pleno dia;Crescente;Céu Claro;Dupla;Declive;Não;2;0;1;0;1;0;1;2;-29,1350217;-51,1302779;SPRF-RS;DEL05-RS;UOP01-DEL05-RS
310358;26/09/2020;sábado;11:30:00;RS;470;158;NOVA PRATA;Desobediência às normas de trânsito pelo condutor;Colisão transversal;Com Vítimas Feridas;Pleno dia;Decrescente;Céu Claro;Simples;Curva;Sim;5;0;4;0;1;0;4;2;-28,79987452;-51,61063671;SPRF-RS;DEL06-RS;UOP02-DEL06-RS
310537;27/09/2020;domingo;04:00:00;RS;470;218;BENTO GONCALVES;Ingestão de Álcool;Saída de leito carroçável;Com Vítimas Feridas;Plena Noite;Crescente;Nublado;Simples;"Declive;Curva";Sim;1;0;1;0;0;0;1;1;-29,17292214;-51,52424936;SPRF-RS;DEL06-RS;UOP01-DEL06-RS
310583;27/09/2020;domingo;09:50:00;RS;470;194,6;BENTO GONCALVES;Velocidade Incompatível;Saída de leito carroçável;Sem Vítimas;Pleno dia;Decrescente;Chuva;Simples;"Declive;Curva";Não;1;0;0;0;1;0;0;1;-29,04996873;-51,57526553;SPRF-RS;DEL06-RS;UOP02-DEL06-RS
310600;27/09/2020;domingo;10:35:00;RS;470;185;VERANOPOLIS;Velocidade Incompatível;Saída de leito carroçável;Sem Vítimas;Pleno dia;Decrescente;Chuva;Dupla;Curva;Sim;1;0;0;0;1;0;0;1;-29,00293427;-51,55261331;SPRF-RS;DEL06-RS;UOP02-DEL06-RS
310635;27/09/2020;domingo;13:00:00;RS;116;166,2;CAXIAS DO SUL;Ingestão de Álcool;Colisão frontal;Com Vítimas Feridas;Pleno dia;Crescente;Chuva;Simples;Curva;Não;3;0;2;0;1;0;2;2;-29,26709501;-51,15960601;SPRF-RS;DEL05-RS;UOP02-DEL05-RS
310900;28/09/2020;segunda-feira;15:15:00;RS;116;149,2;CAXIAS DO SUL;Falta de Atenção do Pedestre;Atropelamento de Pedestre;Com Vítimas Feridas;Pleno dia;Decrescente;Nublado;Dupla;Reta;Sim;2;0;1;0;1;0;1;2;-29,162339;-51,157107;SPRF-RS;DEL05-RS;UOP01-DEL05-RS
311473;01/10/2020;quinta-feira;18:55:00;RS;470;214;BENTO GONCALVES;Desobediência às normas de trânsito pelo condutor;Colisão frontal;Com Vítimas Feridas;Plena Noite;Decrescente;Céu Claro;Simples;Curva;Não;2;0;1;0;1;0;1;2;-29,15706245;-51,53071057;SPRF-RS;DEL06-RS;UOP01-DEL06-RS
311476;01/10/2020;quinta-feira;19:00:00;RS;116;193;PICADA CAFE;Desobediência às normas de trânsito pelo condutor;Colisão lateral;Com Vítimas Feridas;Plena Noite;Crescente;Céu Claro;Simples;Curva;Sim;2;0;1;0;1;0;1;2;-29,44460951;-51,13861322;SPRF-RS;DEL05-RS;UOP02-DEL05-RS
311770;03/10/2020;sábado;02:10:00;RS;470;226;GARIBALDI;Ingestão de Álcool;Colisão com objeto estático;Com Vítimas Feridas;Plena Noite;Crescente;Nevoeiro/Neblina;Simples;Curva;Sim;1;0;1;0;0;0;1;1;-29,23518676;-51,51635354;SPRF-RS;DEL06-RS;UOP01-DEL06-RS
312272;05/10/2020;segunda-feira;01:00:00;RS;470;226;GARIBALDI;Velocidade Incompatível;Colisão frontal;Com Vítimas Feridas;Plena Noite;Crescente;Céu Claro;Simples;Curva;Sim;2;0;2;0;0;0;2;1;-29,21657705;-51,51722624;SPRF-RS;DEL06-RS;UOP01-DEL06-RS
312415;05/10/2020;segunda-feira;17:25:00;RS;116;159,8;CAXIAS DO SUL;Falta de Atenção à Condução;Colisão transversal;Com Vítimas Feridas;Pleno dia;Crescente;Céu Claro;Simples;Interseção de Vias;Sim;2;0;1;0;1;0;1;2;-29,22511711;-51,16049118;SPRF-RS;DEL05-RS;UOP01-DEL05-RS
312433;05/10/2020;segunda-feira;19:10:00;RS;116;154;CAXIAS DO SUL;Falta de Atenção à Condução;Colisão transversal;Com Vítimas Feridas;Plena Noite;Decrescente;Nevoeiro/Neblina;Simples;Reta;Sim;2;0;1;0;1;0;1;2;-29,19074818;-51,18073734;SPRF-RS;DEL05-RS;UOP01-DEL05-RS
312647;06/10/2020;terça-feira;17:50:00;RS;470;147;NOVA PRATA;Defeito Mecânico no Veículo;Colisão traseira;Com Vítimas Feridas;Pleno dia;Crescente;Céu Claro;Simples;Reta;Não;3;0;1;0;2;0;1;2;-28,71741302;-51,61956096;SPRF-RS;DEL06-RS;UOP02-DEL06-RS
312787;07/10/2020;quarta-feira;19:10:00;RS;116;114,4;SAO MARCOS;Ingestão de Álcool;Colisão transversal;Com Vítimas Feridas;Anoitecer;Decrescente;Céu Claro;Simples;Interseção de Vias;Sim;3;0;2;0;1;0;2;2;-28,96397179;-51,0753428;SPRF-RS;DEL05-RS;UOP01-DEL05-RS
312816;07/10/2020;quarta-feira;22:00:00;RS;116;143;CAXIAS DO SUL;Desobediência às normas de trânsito pelo condutor;Colisão lateral;Sem Vítimas;Plena Noite;Crescente;Céu Claro;Dupla;Reta;Sim;2;0;0;0;1;1;0;2;-29,1201739;-51,12260651;SPRF-RS;DEL05-RS;UOP01-DEL05-RS
313111;09/10/2020;sexta-feira;11:15:00;RS;116;151,8;CAXIAS DO SUL;Falta de Atenção à Condução;Colisão com objeto estático;Com Vítimas Feridas;Pleno dia;Crescente;Céu Claro;Dupla;Curva;Sim;2;0;1;0;1;0;1;1;-29,18235148;-51,16632527;SPRF-RS;DEL05-RS;UOP01-DEL05-RS
314126;11/10/2020;domingo;16:50:00;RS;470;200,8;BENTO GONCALVES;Ingestão de Álcool;Colisão transversal;Com Vítimas Feridas;Pleno dia;Crescente;Céu Claro;Simples;Aclive;Não;3;0;2;0;1;0;2;2;-29,07546045;-51,58740174;SPRF-RS;DEL06-RS;UOP02-DEL06-RS
314230;12/10/2020;segunda-feira;04:00:00;RS;470;158,9;NOVA PRATA;Ingestão de Álcool;Saída de leito carroçável;Com Vítimas Feridas;Plena Noite;Decrescente;Céu Claro;Simples;Interseção de Vias;Sim;1;0;1;0;0;0;1;1;-28,80077495;-51,61019415;SPRF-RS;DEL06-RS;UOP02-DEL06-RS
315132;16/10/2020;sexta-feira;15:50:00;RS;470;217;BENTO GONCALVES;Falta de Atenção à Condução;Colisão transversal;Com Vítimas Feridas;Pleno dia;Decrescente;Céu Claro;Dupla;Rotatória;Sim;3;0;2;0;1;0;2;2;-29,17496998;-51,52293032;SPRF-RS;DEL06-RS;UOP01-DEL06-RS
315256;17/10/2020;sábado;05:30:00;RS;470;174;VERANOPOLIS;Velocidade Incompatível;Saída de leito carroçável;Com Vítimas Fatais;Plena Noite;Decrescente;Ignorado;Simples;Curva;Não;1;1;0;0;0;0;0;1;-28,90964993;-51,54526793;SPRF-RS;DEL06-RS;UOP02-DEL06-RS
315367;17/10/2020;sábado;18:05:00;RS;116;162;CAXIAS DO SUL;Desobediência às normas de trânsito pelo condutor;Colisão transversal;Com Vítimas Feridas;Pleno dia;Decrescente;Céu Claro;Simples;Reta;Sim;3;0;1;0;1;1;1;3;-29,24754637;-51,15737756;SPRF-RS;DEL05-RS;UOP02-DEL05-RS
315460;18/10/2020;domingo;01:40:00;RS;116;148,2;CAXIAS DO SUL;Velocidade Incompatível;Saída de leito carroçável;Sem Vítimas;Plena Noite;Decrescente;Céu Claro;Dupla;Curva;Sim;2;0;0;0;2;0;0;1;-29,15444539;-51,15101681;SPRF-RS;DEL05-RS;UOP01-DEL05-RS
316269;22/10/2020;quinta-feira;07:35:00;RS;470;202,1;BENTO GONCALVES;Animais na Pista;Colisão traseira;Com Vítimas Feridas;Pleno dia;Crescente;Céu Claro;Simples;"Reta;Aclive";Não;2;0;1;0;1;0;1;2;-29,07677887;-51,58496599;SPRF-RS;DEL06-RS;UOP02-DEL06-RS
316756;24/10/2020;sábado;15:14:00;RS;116;146,9;CAXIAS DO SUL;Desobediência às normas de trânsito pelo condutor;Colisão traseira;Sem Vítimas;Pleno dia;Crescente;Céu Claro;Dupla;Interseção de Vias;Sim;4;0;0;0;4;0;0;2;-29,14228897;-51,13622202;SPRF-RS;DEL05-RS;UOP01-DEL05-RS
317167;26/10/2020;segunda-feira;01:30:00;RS;116;95;SAO MARCOS;Defeito Mecânico no Veículo;Incêndio;Sem Vítimas;Plena Noite;Crescente;Céu Claro;Simples;Curva;Não;1;0;0;0;1;0;0;1;-28,88035499;-51,14594959;SPRF-RS;DEL05-RS;UOP03-DEL05-RS
317378;27/10/2020;terça-feira;07:45:00;RS;470;218,8;BENTO GONCALVES;Velocidade Incompatível;Saída de leito carroçável;Com Vítimas Feridas;Pleno dia;Decrescente;Garoa/Chuvisco;Simples;Curva;Não;1;0;1;0;0;0;1;1;-29,18677775;-51,52041089;SPRF-RS;DEL06-RS;UOP01-DEL06-RS
317977;30/10/2020;sexta-feira;12:00:00;RS;116;145,1;CAXIAS DO SUL;Mal Súbito;Saída de leito carroçável;Com Vítimas Feridas;Pleno dia;Decrescente;Céu Claro;Dupla;Curva;Sim;1;0;1;0;0;0;1;1;-29,1350217;-51,1302779;SPRF-RS;DEL05-RS;UOP01-DEL05-RS
317978;30/10/2020;sexta-feira;11:20:00;RS;470;168;VILA FLORES;Desobediência às normas de trânsito pelo condutor;Colisão transversal;Com Vítimas Feridas;Pleno dia;Crescente;Céu Claro;Simples;Rotatória;Sim;3;0;1;0;2;0;1;2;-28,85711814;-51,55698016;SPRF-RS;DEL06-RS;UOP02-DEL06-RS
318159;31/10/2020;sábado;02:33:00;RS;116;147,7;CAXIAS DO SUL;Ingestão de Álcool;Saída de leito carroçável;Sem Vítimas;Plena Noite;Crescente;Céu Claro;Dupla;Curva;Sim;3;0;0;0;2;1;0;2;-29,14908014;-51,1429969;SPRF-RS;DEL05-RS;UOP01-DEL05-RS
318400;31/10/2020;sábado;22:50:00;RS;470;153;NOVA PRATA;Ingestão de Álcool;Saída de leito carroçável;Com Vítimas Feridas;Plena Noite;Decrescente;Céu Claro;Simples;Reta;Sim;2;0;2;0;0;0;2;1;-28,77076987;-51,61831412;SPRF-RS;DEL06-RS;UOP02-DEL06-RS
318451;01/11/2020;domingo;03:40:00;RS;470;195;BENTO GONCALVES;Ingestão de Álcool;Saída de leito carroçável;Sem Vítimas;Plena Noite;Decrescente;Céu Claro;Simples;Curva;Não;3;0;0;0;3;0;0;1;-29,05097073;-51,58205288;SPRF-RS;DEL06-RS;UOP02-DEL06-RS
318463;01/11/2020;domingo;00:50:00;RS;116;151,4;CAXIAS DO SUL;Desobediência às normas de trânsito pelo condutor;Colisão com objeto estático;Com Vítimas Feridas;Plena Noite;Decrescente;Céu Claro;Dupla;Curva;Sim;4;0;3;0;1;0;3;1;-29,17694502;-51,16173896;SPRF-RS;DEL05-RS;UOP01-DEL05-RS
319449;06/11/2020;sexta-feira;07:50:00;RS;116;149,1;CAXIAS DO SUL;Falta de Atenção à Condução;Colisão transversal;Com Vítimas Feridas;Pleno dia;Crescente;Céu Claro;Múltipla;Reta;Sim;2;0;1;0;1;0;1;2;-29,15996905;-51,15645292;SPRF-RS;DEL05-RS;UOP01-DEL05-RS
319477;06/11/2020;sexta-feira;12:00:00;RS;116;143;CAXIAS DO SUL;Não guardar distância de segurança;Colisão lateral;Com Vítimas Feridas;Pleno dia;Decrescente;Sol;Dupla;Reta;Sim;2;0;1;0;0;1;1;2;-29,1201739;-51,12260651;SPRF-RS;DEL05-RS;UOP01-DEL05-RS
319658;07/11/2020;sábado;09:20:00;RS;116;122,5;SAO MARCOS;Velocidade Incompatível;Tombamento;Com Vítimas Feridas;Pleno dia;Decrescente;Céu Claro;Múltipla;Curva;Não;1;0;0;1;0;0;1;1;-29,01040633;-51,07327877;SPRF-RS;DEL05-RS;UOP01-DEL05-RS
319745;07/11/2020;sábado;15:15:00;RS;116;182;NOVA PETROPOLIS;Velocidade Incompatível;Colisão traseira;Com Vítimas Feridas;Pleno dia;Decrescente;Céu Claro;Simples;Reta;Não;2;0;0;1;1;0;1;2;-29,37717723;-51,13119495;SPRF-RS;DEL05-RS;UOP02-DEL05-RS
319794;07/11/2020;sábado;22:15:00;RS;470;177;VERANOPOLIS;Velocidade Incompatível;Colisão com objeto estático;Sem Vítimas;Plena Noite;Crescente;Céu Claro;Simples;Curva;Sim;1;0;0;0;1;0;0;1;-28,93915139;-51,54591976;SPRF-RS;DEL06-RS;UOP02-DEL06-RS
319986;08/11/2020;domingo;13:50:00;RS;116;142,5;CAXIAS DO SUL;Velocidade Incompatível;Colisão com objeto estático;Com Vítimas Feridas;Pleno dia;Crescente;Sol;Dupla;Curva;Sim;1;0;1;0;0;0;1;1;-29,11727;-51,115208;SPRF-RS;DEL05-RS;UOP01-DEL05-RS
320568;11/11/2020;quarta-feira;07:20:00;RS;116;151,7;CAXIAS DO SUL;Desobediência às normas de trânsito pelo condutor;Colisão transversal;Com Vítimas Feridas;Pleno dia;Crescente;Céu Claro;Dupla;Interseção de Vias;Sim;2;0;1;0;1;0;1;2;-29,17694502;-51,16173896;SPRF-RS;DEL05-RS;UOP01-DEL05-RS
320750;12/11/2020;quinta-feira;02:45:00;RS;470;162;NOVA PRATA;Ingestão de Álcool;Colisão lateral;Sem Vítimas;Plena Noite;Crescente;Céu Claro;Simples;Curva;Não;5;0;0;0;4;1;0;2;-28,82338567;-51,58613205;SPRF-RS;DEL06-RS;UOP02-DEL06-RS
321133;13/11/2020;sexta-feira;18:00:00;RS;116;152;CAXIAS DO SUL;Falta de Atenção à Condução;Queda de ocupante de veículo;Com Vítimas Feridas;Anoitecer;Decrescente;Céu Claro;Dupla;Curva;Sim;1;0;1;0;0;0;1;1;-29,1829343;-51,16801501;SPRF-RS;DEL05-RS;UOP01-DEL05-RS
321357;14/11/2020;sábado;15:10:00;RS;470;217;BENTO GONCALVES;Desobediência às normas de trânsito pelo condutor;Colisão transversal;Sem Vítimas;Pleno dia;Decrescente;Céu Claro;Simples;Rotatória;Sim;3;0;0;0;3;0;0;2;-29,16462512;-51,52551964;SPRF-RS;DEL06-RS;UOP01-DEL06-RS
321424;14/11/2020;sábado;20:15:00;RS;470;210;BENTO GONCALVES;Carga excessiva e/ou mal acondicionada;Colisão traseira;Com Vítimas Feridas;Plena Noite;Crescente;Céu Claro;Simples;Declive;Não;3;0;1;0;2;0;1;3;-29,17909489;-51,51855675;SPRF-RS;DEL06-RS;UOP01-DEL06-RS
321490;15/11/2020;domingo;01:50:00;RS;116;144;CAXIAS DO SUL;Ingestão de Álcool;Saída de leito carroçável;Sem Vítimas;Plena Noite;Crescente;Céu Claro;Dupla;Curva;Sim;1;0;0;0;1;0;0;1;-29,12696279;-51,12778544;SPRF-RS;DEL05-RS;UOP01-DEL05-RS
321599;15/11/2020;domingo;15:00:00;RS;116;186,3;NOVA PETROPOLIS;Condutor Dormindo;Colisão frontal;Com Vítimas Feridas;Pleno dia;Crescente;Nublado;Simples;"Reta;Declive";Não;5;0;3;1;0;1;4;3;-29,39850319;-51,12755022;SPRF-RS;DEL05-RS;UOP02-DEL05-RS
321859;16/11/2020;segunda-feira;14:35:00;RS;470;194,1;BENTO GONCALVES;Pista Escorregadia;Colisão frontal;Sem Vítimas;Pleno dia;Crescente;Chuva;Simples;Curva;Não;2;0;0;0;2;0;0;2;-29,05030203;-51,57387285;SPRF-RS;DEL06-RS;UOP02-DEL06-RS
321909;16/11/2020;segunda-feira;17:05:00;RS;470;210;BENTO GONCALVES;Velocidade Incompatível;Saída de leito carroçável;Com Vítimas Feridas;Pleno dia;Decrescente;Garoa/Chuvisco;Simples;Curva;Sim;1;0;1;0;0;0;1;1;-29,12739903;-51,54105132;SPRF-RS;DEL06-RS;UOP01-DEL06-RS
322461;19/11/2020;quinta-feira;17:45:00;RS;116;147,3;CAXIAS DO SUL;Falta de Atenção à Condução;Colisão traseira;Com Vítimas Feridas;Anoitecer;Crescente;Céu Claro;Dupla;Reta;Sim;2;0;1;0;1;0;1;2;-29,14908014;-51,1429969;SPRF-RS;DEL05-RS;UOP01-DEL05-RS
322493;29/10/2020;quinta-feira;13:50:00;RS;116;159;CAXIAS DO SUL;Falta de Atenção do Pedestre;Atropelamento de Pedestre;Com Vítimas Feridas;Pleno dia;Crescente;Chuva;Simples;Reta;Sim;3;0;0;1;1;1;1;2;-29,22971907;-51,15907257;SPRF-RS;DEL05-RS;UOP01-DEL05-RS
322538;20/11/2020;sexta-feira;07:30:00;RS;470;232,6;CARLOS BARBOSA;Desobediência às normas de trânsito pelo condutor;Colisão transversal;Com Vítimas Feridas;Pleno dia;Decrescente;Céu Claro;Simples;Interseção de Vias;Não;2;0;1;0;1;0;1;2;-29,29863781;-51,48073196;SPRF-RS;DEL06-RS;UOP01-DEL06-RS
322630;20/11/2020;sexta-feira;15:10:00;RS;116;149,1;CAXIAS DO SUL;Desobediência às normas de trânsito pelo condutor;Atropelamento de Pedestre;Com Vítimas Feridas;Pleno dia;Decrescente;Céu Claro;Múltipla;Curva;Sim;3;0;0;1;1;1;1;2;-29,15996905;-51,15645292;SPRF-RS;DEL05-RS;UOP01-DEL05-RS
322741;21/11/2020;sábado;00:45:00;RS;470;221,6;GARIBALDI;Velocidade Incompatível;Tombamento;Com Vítimas Feridas;Plena Noite;Decrescente;Céu Claro;Simples;Rotatória;Não;2;0;1;1;0;0;2;2;-29,20866592;-51,51771877;SPRF-RS;DEL06-RS;UOP01-DEL06-RS
322859;21/11/2020;sábado;15:30:00;RS;116;164,2;CAXIAS DO SUL;Desobediência às normas de trânsito pelo condutor;Colisão lateral;Com Vítimas Feridas;Pleno dia;Crescente;Céu Claro;Simples;Curva;Não;2;0;0;1;1;0;1;2;-29,26344857;-51,16113999;SPRF-RS;DEL05-RS;UOP02-DEL05-RS
322958;21/11/2020;sábado;23:30:00;RS;116;150,9;CAXIAS DO SUL;Falta de Atenção do Pedestre;Atropelamento de Pedestre;Com Vítimas Feridas;Plena Noite;Decrescente;Céu Claro;Dupla;Reta;Sim;2;0;0;1;0;1;1;2;-29,168428;-51,158337;SPRF-RS;DEL05-RS;UOP01-DEL05-RS
323116;22/11/2020;domingo;16:29:00;RS;116;153,5;CAXIAS DO SUL;Desobediência às normas de trânsito pelo condutor;Tombamento;Com Vítimas Feridas;Pleno dia;Decrescente;Céu Claro;Dupla;Curva;Sim;1;0;0;1;0;0;1;1;-29,18579758;-51,17713005;SPRF-RS;DEL05-RS;UOP01-DEL05-RS
323262;23/11/2020;segunda-feira;03:00:00;RS;116;154,4;CAXIAS DO SUL;Condutor Dormindo;Saída de leito carroçável;Com Vítimas Feridas;Plena Noite;Crescente;Céu Claro;Simples;Curva;Sim;2;0;1;1;0;0;2;1;-29,19517417;-51,1785776;SPRF-RS;DEL05-RS;UOP01-DEL05-RS
323272;23/11/2020;segunda-feira;07:06:00;RS;116;147;CAXIAS DO SUL;Desobediência às normas de trânsito pelo condutor;Colisão lateral;Com Vítimas Feridas;Pleno dia;Crescente;Céu Claro;Dupla;Reta;Sim;3;0;1;0;2;0;1;2;-29,14908014;-51,1429969;SPRF-RS;DEL05-RS;UOP01-DEL05-RS
323274;23/11/2020;segunda-feira;08:35:00;RS;116;143;CAXIAS DO SUL;Desobediência às normas de trânsito pelo condutor;Colisão lateral;Com Vítimas Feridas;Pleno dia;Crescente;Sol;Dupla;Curva;Sim;2;0;1;0;1;0;1;2;-29,1201739;-51,12260651;SPRF-RS;DEL05-RS;UOP01-DEL05-RS
323402;23/11/2020;segunda-feira;20:50:00;RS;116;155;CAXIAS DO SUL;Defeito Mecânico no Veículo;Tombamento;Com Vítimas Feridas;Plena Noite;Crescente;Céu Claro;Simples;Curva;Não;1;0;1;0;0;0;1;1;-29,19873129;-51,17629631;SPRF-RS;DEL05-RS;UOP01-DEL05-RS
323674;31/10/2020;sábado;14:00:00;RS;116;107;SAO MARCOS;Falta de Atenção à Condução;Saída de leito carroçável;Com Vítimas Feridas;Pleno dia;Decrescente;Céu Claro;Simples;Reta;Sim;4;0;2;2;0;0;4;1;-28,924318;-51,10364;SPRF-RS;DEL05-RS;UOP01-DEL05-RS
323991;27/11/2020;sexta-feira;01:50:00;RS;470;199;BENTO GONCALVES;Velocidade Incompatível;Saída de leito carroçável;Com Vítimas Feridas;Plena Noite;Decrescente;Céu Claro;Simples;Curva;Não;4;0;4;0;0;0;4;1;-29,06736768;-51,57996108;SPRF-RS;DEL06-RS;UOP02-DEL06-RS
324352;28/11/2020;sábado;14:25:00;RS;470;224;GARIBALDI;Falta de Atenção à Condução;Colisão lateral;Com Vítimas Feridas;Pleno dia;Crescente;Nublado;Simples;Reta;Não;4;0;2;0;2;0;2;3;-29,2324155;-51,51598876;SPRF-RS;DEL06-RS;UOP01-DEL06-RS
324388;28/11/2020;sábado;16:50:00;RS;116;203,1;PICADA CAFE;Falta de Atenção à Condução;Colisão com objeto estático;Com Vítimas Feridas;Pleno dia;Crescente;Nublado;Simples;Curva;Não;2;0;1;1;0;0;2;1;-29,5026277;-51,13358974;SPRF-RS;DEL05-RS;UOP02-DEL05-RS
324604;29/11/2020;domingo;15:10:00;RS;470;215;BENTO GONCALVES;Desobediência às normas de trânsito pelo condutor;Colisão transversal;Com Vítimas Feridas;Pleno dia;Decrescente;Céu Claro;Simples;Reta;Sim;6;0;1;0;4;1;1;3;-29,150635;-51,530241;SPRF-RS;DEL06-RS;UOP01-DEL06-RS
324707;29/11/2020;domingo;20:35:00;RS;470;228,2;GARIBALDI;Ingestão de Álcool;Saída de leito carroçável;Sem Vítimas;Plena Noite;Decrescente;Céu Claro;Simples;Interseção de Vias;Não;1;0;0;0;1;0;0;1;-29,26382179;-51,50251335;SPRF-RS;DEL06-RS;UOP01-DEL06-RS
324727;30/11/2020;segunda-feira;01:20:00;RS;116;152,7;CAXIAS DO SUL;Ingestão de Álcool;Colisão com objeto estático;Sem Vítimas;Plena Noite;Crescente;Céu Claro;Dupla;Curva;Sim;1;0;0;0;1;0;0;1;-29,1829343;-51,16801501;SPRF-RS;DEL05-RS;UOP01-DEL05-RS
324852;30/11/2020;segunda-feira;18:01:00;RS;470;179;VERANOPOLIS;Falta de Atenção à Condução;Colisão transversal;Com Vítimas Feridas;Pleno dia;Crescente;Céu Claro;Simples;Reta;Não;4;0;4;0;0;0;4;2;-28,95614928;-51,56242466;SPRF-RS;DEL06-RS;UOP02-DEL06-RS
324922;01/12/2020;terça-feira;06:30:00;RS;116;147;CAXIAS DO SUL;Desobediência às normas de trânsito pelo condutor;Colisão transversal;Com Vítimas Feridas;Pleno dia;Crescente;Céu Claro;Dupla;Interseção de Vias;Sim;2;0;1;0;1;0;1;2;-29,14908014;-51,1429969;SPRF-RS;DEL05-RS;UOP01-DEL05-RS
325320;03/12/2020;quinta-feira;10:50:00;RS;116;150,2;CAXIAS DO SUL;Desobediência às normas de trânsito pelo condutor;Tombamento;Com Vítimas Feridas;Pleno dia;Crescente;Garoa/Chuvisco;Múltipla;Reta;Sim;3;0;1;0;1;1;1;3;-29,168428;-51,158337;SPRF-RS;DEL05-RS;UOP01-DEL05-RS
325323;03/12/2020;quinta-feira;11:00:00;RS;116;115,6;SAO MARCOS;Falta de Atenção à Condução;Tombamento;Com Vítimas Feridas;Pleno dia;Crescente;Nublado;Simples;Curva;Sim;1;0;0;1;0;0;1;1;-28,9712;-51,072197;SPRF-RS;DEL05-RS;UOP01-DEL05-RS
325677;05/12/2020;sábado;02:10:00;RS;116;143;CAXIAS DO SUL;Não guardar distância de segurança;Engavetamento;Com Vítimas Feridas;Plena Noite;Crescente;Céu Claro;Dupla;Interseção de Vias;Sim;4;0;1;0;3;0;1;3;-29,1201739;-51,12260651;SPRF-RS;DEL05-RS;UOP01-DEL05-RS
325979;06/12/2020;domingo;03:30:00;RS;470;168;VILA FLORES;Ingestão de álcool e/ou substâncias psicoativas pelo pedestre;Atropelamento de Pedestre;Com Vítimas Feridas;Plena Noite;Crescente;Nublado;Dupla;"Reta;Aclive;Retorno Regulamentado";Sim;4;0;0;1;2;1;1;2;-28,85711814;-51,55698016;SPRF-RS;DEL06-RS;UOP02-DEL06-RS
325999;06/12/2020;domingo;08:00:00;RS;116;165,2;CAXIAS DO SUL;Velocidade Incompatível;Colisão com objeto estático;Com Vítimas Feridas;Pleno dia;Crescente;Chuva;Simples;"Declive;Curva";Não;1;0;1;0;0;0;1;1;-29,2596449;-51,1574433;SPRF-RS;DEL05-RS;UOP02-DEL05-RS
326065;06/12/2020;domingo;13:50:00;RS;470;214,5;BENTO GONCALVES;Desobediência às normas de trânsito pelo condutor;Colisão traseira;Com Vítimas Feridas;Pleno dia;Crescente;Garoa/Chuvisco;Simples;Curva;Sim;5;0;2;0;3;0;2;2;-29,14408811;-51,53555411;SPRF-RS;DEL06-RS;UOP01-DEL06-RS
326183;06/12/2020;domingo;21:10:00;RS;470;194,2;BENTO GONCALVES;Velocidade Incompatível;Colisão com objeto estático;Com Vítimas Feridas;Plena Noite;Crescente;Garoa/Chuvisco;Simples;Curva;Não;1;0;1;0;0;0;1;1;-29,05012661;-51,57532453;SPRF-RS;DEL06-RS;UOP02-DEL06-RS
326390;07/12/2020;segunda-feira;16:25:00;RS;470;212,9;BENTO GONCALVES;Falta de Atenção à Condução;Colisão lateral;Com Vítimas Feridas;Pleno dia;Crescente;Céu Claro;Simples;Curva;Não;2;0;1;0;1;0;1;2;-29,1311721;-51,54412793;SPRF-RS;DEL06-RS;UOP01-DEL06-RS
326782;09/12/2020;quarta-feira;19:20:00;RS;116;154;CAXIAS DO SUL;Falta de Atenção à Condução;Colisão traseira;Com Vítimas Feridas;Plena Noite;Crescente;Céu Claro;Simples;Rotatória;Sim;2;0;1;0;1;0;1;2;-29,19074818;-51,18073734;SPRF-RS;DEL05-RS;UOP01-DEL05-RS
327270;12/12/2020;sábado;02:40:00;RS;470;246;BARAO;Falta de Atenção à Condução;Saída de leito carroçável;Com Vítimas Feridas;Plena Noite;Crescente;Céu Claro;Simples;Curva;Não;1;0;1;0;0;0;1;1;-29,3742;-51,50585;SPRF-RS;DEL06-RS;UOP01-DEL06-RS
327552;13/12/2020;domingo;05:55:00;RS;470;208,5;BENTO GONCALVES;Velocidade Incompatível;Colisão frontal;Com Vítimas Feridas;Amanhecer;Decrescente;Céu Claro;Simples;Curva;Não;4;0;3;0;1;0;3;2;-29,10086692;-51,54406862;SPRF-RS;DEL06-RS;UOP01-DEL06-RS
327635;13/12/2020;domingo;14:00:00;RS;470;203,1;BENTO GONCALVES;Ingestão de Álcool;Colisão frontal;Com Vítimas Feridas;Pleno dia;Crescente;Chuva;Simples;"Declive;Curva";Não;3;0;1;0;2;0;1;3;-29,07601095;-51,57545102;SPRF-RS;DEL06-RS;UOP02-DEL06-RS
327683;13/12/2020;domingo;17:05:00;RS;116;209,9;MORRO REUTER;Desobediência às normas de trânsito pelo condutor;Colisão transversal;Com Vítimas Feridas;Pleno dia;Decrescente;Chuva;Simples;Curva;Não;3;0;1;1;1;0;2;2;-29,50328115;-51,10764995;SPRF-RS;DEL05-RS;UOP02-DEL05-RS
328151;15/12/2020;terça-feira;21:55:00;RS;116;150;CAXIAS DO SUL;Ingestão de Álcool;Colisão traseira;Sem Vítimas;Plena Noite;Decrescente;Céu Claro;Dupla;Reta;Sim;2;0;0;0;2;0;0;2;-29,168428;-51,158337;SPRF-RS;DEL05-RS;UOP01-DEL05-RS
328393;17/12/2020;quinta-feira;01:40:00;RS;116;146,3;CAXIAS DO SUL;Falta de Atenção à Condução;Colisão com objeto estático;Sem Vítimas;Plena Noite;Crescente;Chuva;Dupla;Reta;Sim;1;0;0;0;0;1;0;1;-29,14228897;-51,13622202;SPRF-RS;DEL05-RS;UOP01-DEL05-RS
328529;17/12/2020;quinta-feira;17:20:00;RS;116;141,9;CAXIAS DO SUL;Desobediência às normas de trânsito pelo condutor;Colisão frontal;Com Vítimas Feridas;Pleno dia;Crescente;Céu Claro;Simples;Reta;Sim;2;0;1;0;1;0;1;2;-29,11161425;-51,11040472;SPRF-RS;DEL05-RS;UOP01-DEL05-RS
328550;17/12/2020;quinta-feira;19:59:00;RS;470;217;BENTO GONCALVES;Falta de Atenção à Condução;Colisão transversal;Com Vítimas Feridas;Plena Noite;Crescente;Céu Claro;Simples;Interseção de Vias;Não;3;0;3;0;0;0;3;2;-29,16462512;-51,52551964;SPRF-RS;DEL06-RS;UOP01-DEL06-RS
328602;18/12/2020;sexta-feira;03:55:00;RS;470;218;BENTO GONCALVES;Velocidade Incompatível;Tombamento;Com Vítimas Feridas;Amanhecer;Decrescente;Céu Claro;Simples;Curva;Não;1;0;1;0;0;0;1;1;-29,17292214;-51,52424936;SPRF-RS;DEL06-RS;UOP01-DEL06-RS
328897;19/12/2020;sábado;12:30:00;RS;470;224;GARIBALDI;Falta de Atenção à Condução;Colisão traseira;Sem Vítimas;Pleno dia;Crescente;Chuva;Simples;Aclive;Não;4;0;0;0;4;0;0;2;-29,23334038;-51,51605845;SPRF-RS;DEL06-RS;UOP01-DEL06-RS
328939;19/12/2020;sábado;15:30:00;RS;116;149,1;CAXIAS DO SUL;Sinalização da via insuficiente ou inadequada;Colisão transversal;Com Vítimas Feridas;Pleno dia;Crescente;Céu Claro;Dupla;Reta;Sim;4;0;1;0;3;0;1;3;-29,16156814;-51,15684986;SPRF-RS;DEL05-RS;UOP01-DEL05-RS
329774;22/12/2020;terça-feira;18:20:00;RS;116;149,6;CAXIAS DO SUL;Ultrapassagem Indevida;Colisão lateral;Com Vítimas Feridas;Amanhecer;Crescente;Céu Claro;Dupla;"Reta;Interseção de Vias";Sim;3;0;2;0;1;0;2;2;-29,15996905;-51,15645292;SPRF-RS;DEL05-RS;UOP01-DEL05-RS
329814;22/12/2020;terça-feira;22:15:00;RS;470;195;BENTO GONCALVES;Falta de Atenção do Pedestre;Saída de leito carroçável;Com Vítimas Feridas;Plena Noite;Decrescente;Céu Claro;Simples;Curva;Não;2;0;1;0;1;0;1;1;-29,05097073;-51,58205288;SPRF-RS;DEL06-RS;UOP02-DEL06-RS
330407;24/12/2020;quinta-feira;23:50:00;RS;470;170,5;VERANOPOLIS;Falta de Atenção à Condução;Colisão transversal;Com Vítimas Feridas;Plena Noite;Crescente;Céu Claro;Simples;Reta;Sim;3;0;1;0;2;0;1;2;-28,87880316;-51,54839429;SPRF-RS;DEL06-RS;UOP02-DEL06-RS
330497;25/12/2020;sexta-feira;17:00:00;RS;470;158,9;NOVA PRATA;Velocidade Incompatível;Saída de leito carroçável;Sem Vítimas;Pleno dia;Decrescente;Nublado;Simples;Rotatória;Sim;2;0;0;0;2;0;0;1;-28,80070971;-51,61032021;SPRF-RS;DEL06-RS;UOP02-DEL06-RS
330536;25/12/2020;sexta-feira;21:05:00;RS;116;147;CAXIAS DO SUL;Ingestão de Álcool;Colisão traseira;Com Vítimas Feridas;Plena Noite;Decrescente;Céu Claro;Dupla;Curva;Sim;3;0;1;1;1;0;2;2;-29,14908014;-51,1429969;SPRF-RS;DEL05-RS;UOP01-DEL05-RS
330719;26/12/2020;sábado;20:30:00;RS;470;168;VILA FLORES;Desobediência às normas de trânsito pelo condutor;Colisão transversal;Com Vítimas Feridas;Plena Noite;Crescente;Céu Claro;Simples;Reta;Não;5;0;2;0;3;0;2;2;-28,85912813;-51,55528329;SPRF-RS;DEL06-RS;UOP02-DEL06-RS
331113;20/12/2020;domingo;14:00:00;RS;470;203;BENTO GONCALVES;Desobediência às normas de trânsito pelo condutor;Colisão transversal;Com Vítimas Fatais;Pleno dia;Crescente;Nublado;Dupla;Reta;Sim;3;1;1;1;0;0;2;2;-29,07601095;-51,57545102;SPRF-RS;DEL06-RS;UOP02-DEL06-RS
331285;29/12/2020;terça-feira;19:20:00;RS;116;142,7;CAXIAS DO SUL;Falta de Atenção à Condução;Colisão com objeto estático;Sem Vítimas;Plena Noite;Crescente;Céu Claro;Dupla;Curva;Sim;1;0;0;0;1;0;0;1;-29,11839721;-51,12164151;SPRF-RS;DEL05-RS;UOP01-DEL05-RS
331320;28/12/2020;segunda-feira;15:30:00;RS;116;143,1;CAXIAS DO SUL;Falta de Atenção à Condução;Colisão traseira;Sem Vítimas;Pleno dia;Crescente;Céu Claro;Dupla;Reta;Sim;2;0;0;0;2;0;0;2;-29,12288584;-51,12329006;SPRF-RS;DEL05-RS;UOP01-DEL05-RS
331462;30/12/2020;quarta-feira;19:30:00;RS;470;172;VERANOPOLIS;Velocidade Incompatível;Saída de leito carroçável;Com Vítimas Feridas;Anoitecer;Decrescente;Céu Claro;Simples;Curva;Sim;1;0;0;1;0;0;1;1;-28,89106431;-51,54975736;SPRF-RS;DEL06-RS;UOP02-DEL06-RS
374478;25/07/2020;sábado;17:30:00;RS;116;143,7;CAXIAS DO SUL;Velocidade Incompatível;Colisão transversal;Com Vítimas Feridas;Pleno dia;Crescente;Céu Claro;Dupla;Curva;Sim;3;0;1;0;2;0;1;2;-29,12562257;-51,1270237;SPRF-RS;DEL05-RS;UOP01-DEL05-RS
474172;15/08/2020;sábado;18:30:00;RS;116;156,6;CAXIAS DO SUL;Desobediência às normas de trânsito pelo condutor;Colisão lateral;Com Vítimas Feridas;Anoitecer;Decrescente;Céu Claro;Simples;Curva;Não;4;0;1;0;1;2;1;3;-29,20731013;-51,17757864;SPRF-RS;DEL05-RS;UOP01-DEL05-RS
333287;09/01/2021;sábado;09:40:00;RS;116;125,1;SAO MARCOS;Condutor Dormindo;Colisão transversal;Com Vítimas Feridas;Pleno dia;Crescente;Céu Claro;Simples;Reta;Sim;7;0;2;1;2;2;3;5;-29,02315;-51,092357;SPRF-RS;DEL05-RS;UOP01-DEL05-RS
334350;14/01/2021;quinta-feira;11:55:00;RS;116;150,5;CAXIAS DO SUL;Manobra de mudança de faixa;Colisão lateral;Com Vítimas Feridas;Pleno dia;Crescente;Céu Claro;Dupla;Reta;Sim;3;0;0;1;1;1;1;3;-29,1728003;-51,16081457;SPRF-RS;DEL05-RS;UOP01-DEL05-RS
334680;15/01/2021;sexta-feira;18:38:00;RS;116;109,9;SAO MARCOS;Curva acentuada;Colisão lateral sentido oposto;Sem Vítimas;Anoitecer;Decrescente;Céu Claro;Simples;"Declive;Curva";Não;2;0;0;0;2;0;0;2;-28,9318049;-51,0959297;SPRF-RS;DEL05-RS;UOP01-DEL05-RS
337342;29/01/2021;sexta-feira;15:45:00;RS;470;194;BENTO GONCALVES;Velocidade Incompatível;Tombamento;Com Vítimas Feridas;Pleno dia;Decrescente;Chuva;Simples;Curva;Não;2;0;1;0;1;0;1;2;-29,0515999;-51,58084005;SPRF-RS;DEL06-RS;UOP02-DEL06-RS
338248;02/02/2021;terça-feira;20:00:00;RS;470;155,4;NOVA PRATA;Transitar na contramão;Colisão frontal;Com Vítimas Feridas;Plena Noite;Decrescente;Céu Claro;Simples;Curva;Não;2;0;1;0;1;0;1;2;-28,78243906;-51,61511825;SPRF-RS;DEL06-RS;UOP02-DEL06-RS
339411;08/02/2021;segunda-feira;07:50:00;RS;116;118,8;SAO MARCOS;Velocidade Incompatível;Tombamento;Sem Vítimas;Pleno dia;Crescente;Céu Claro;Simples;Curva;Não;3;0;0;0;2;1;0;3;-28,99135902;-51,06761399;SPRF-RS;DEL05-RS;UOP01-DEL05-RS
340030;11/02/2021;quinta-feira;16:15:00;RS;470;158,5;NOVA PRATA;Reação tardia ou ineficiente do condutor;Colisão lateral;Com Vítimas Feridas;Pleno dia;Decrescente;Chuva;Simples;Reta;Não;3;0;1;0;1;1;1;3;-28,80000398;-51,61054097;SPRF-RS;DEL06-RS;UOP02-DEL06-RS
340320;12/02/2021;sexta-feira;16:10:00;RS;470;156;NOVA PRATA;Velocidade Incompatível;Saída de leito carroçável;Com Vítimas Feridas;Pleno dia;Crescente;Chuva;Simples;Curva;Não;2;0;2;0;0;0;2;1;-28,78874508;-51,61532195;SPRF-RS;DEL06-RS;UOP02-DEL06-RS
341155;16/02/2021;terça-feira;17:30:00;RS;116;166,1;CAXIAS DO SUL;Problema com o freio;Tombamento;Sem Vítimas;Pleno dia;Crescente;Céu Claro;Simples;Curva;Não;1;0;0;0;1;0;0;1;-29,26709501;-51,15960601;SPRF-RS;DEL05-RS;UOP02-DEL05-RS
341307;17/02/2021;quarta-feira;14:15:00;RS;470;216,9;BENTO GONCALVES;Falta de acostamento;Colisão lateral mesmo sentido;Sem Vítimas;Pleno dia;Decrescente;Céu Claro;Dupla;"Declive;Curva";Sim;3;0;0;0;3;0;0;2;-29,15887096;-51,53142395;SPRF-RS;DEL06-RS;UOP01-DEL06-RS
341465;18/02/2021;quinta-feira;09:50:00;RS;116;129,9;SAO MARCOS;Demais falhas mecânicas ou elétricas;Saída de leito carroçável;Sem Vítimas;Pleno dia;Crescente;Céu Claro;Simples;Reta;Não;1;0;0;0;1;0;0;1;-29,03661379;-51,10112013;SPRF-RS;DEL05-RS;UOP01-DEL05-RS
342750;25/02/2021;quinta-feira;06:00:00;RS;470;154;NOVA PRATA;Acessar a via sem observar a presença dos outros veículos;Saída de leito carroçável;Com Vítimas Feridas;Amanhecer;Crescente;Céu Claro;Simples;Interseção de Vias;Sim;2;0;1;0;1;0;1;2;-28,76260104;-51,62540697;SPRF-RS;DEL06-RS;UOP02-DEL06-RS
343680;01/03/2021;segunda-feira;12:40:00;RS;470;211;BENTO GONCALVES;Velocidade Incompatível;Tombamento;Sem Vítimas;Pleno dia;Crescente;Sol;Simples;"Curva;Aclive";Não;2;0;0;0;1;1;0;2;-29,12453775;-51,54360394;SPRF-RS;DEL06-RS;UOP01-DEL06-RS
344096;03/03/2021;quarta-feira;21:55:00;RS;116;122,5;CAXIAS DO SUL;Velocidade Incompatível;Tombamento;Sem Vítimas;Plena Noite;Crescente;Céu Claro;Simples;"Curva;Aclive";Não;2;0;0;0;1;1;0;2;-29,05084255;-51,09200478;SPRF-RS;DEL05-RS;UOP01-DEL05-RS
344223;04/03/2021;quinta-feira;15:40:00;RS;470;209;BENTO GONCALVES;Manobra de mudança de faixa;Colisão lateral mesmo sentido;Com Vítimas Feridas;Pleno dia;Decrescente;Chuva;Dupla;Reta;Não;5;0;1;0;3;1;1;3;-29,10894598;-51,54542236;SPRF-RS;DEL06-RS;UOP01-DEL06-RS
344600;21/01/2021;quinta-feira;11:20:00;RS;470;158;NOVA PRATA;Mal súbito do condutor;Colisão transversal;Com Vítimas Feridas;Pleno dia;Crescente;Chuva;Simples;Curva;Não;2;0;0;1;1;0;1;2;-28,80000398;-51,61054097;SPRF-RS;DEL06-RS;UOP02-DEL06-RS
347492;21/03/2021;domingo;20:40:00;RS;470;164;VILA FLORES;Velocidade Incompatível;Tombamento;Com Vítimas Feridas;Plena Noite;Crescente;Céu Claro;Simples;"Declive;Curva";Não;2;0;1;0;0;1;1;2;-28,83381495;-51,57472392;SPRF-RS;DEL06-RS;UOP02-DEL06-RS
347761;22/02/2021;segunda-feira;16:40:00;RS;116;149,1;CAXIAS DO SUL;Reação tardia ou ineficiente do condutor;Colisão lateral sentido oposto;Com Vítimas Feridas;Pleno dia;Decrescente;Céu Claro;Dupla;Reta;Sim;4;0;1;0;2;1;1;4;-29,1611559;-51,15673184;SPRF-RS;DEL05-RS;UOP01-DEL05-RS
348068;25/03/2021;quinta-feira;12:15:00;RS;116;165,9;CAXIAS DO SUL;Velocidade Incompatível;Colisão frontal;Com Vítimas Fatais;Pleno dia;Crescente;Céu Claro;Simples;Curva;Não;5;1;0;0;2;2;0;4;-29,26483686;-51,15981102;SPRF-RS;DEL05-RS;UOP02-DEL05-RS
349316;01/04/2021;quinta-feira;08:30:00;RS;470;226;GARIBALDI;Manobra de mudança de faixa;Colisão lateral mesmo sentido;Com Vítimas Feridas;Pleno dia;Decrescente;Céu Claro;Dupla;Curva;Não;3;0;2;0;1;0;2;2;-29,21556004;-51,51743821;SPRF-RS;DEL06-RS;UOP01-DEL06-RS
350584;08/04/2021;quinta-feira;11:40:00;RS;116;109,6;SAO MARCOS;Velocidade Incompatível;Colisão transversal;Com Vítimas Feridas;Pleno dia;Decrescente;Céu Claro;Simples;"Declive;Curva";Não;2;0;0;1;1;0;1;2;-28,9318049;-51,0959297;SPRF-RS;DEL05-RS;UOP01-DEL05-RS
350723;04/03/2021;quinta-feira;05:47:00;RS;470;166,4;VILA FLORES;Carga excessiva e/ou mal acondicionada;Derramamento de carga;Com Vítimas Feridas;Amanhecer;Crescente;Céu Claro;Dupla;"Aclive;Reta";Sim;3;0;0;1;2;0;1;3;-28,84766792;-51,57122398;SPRF-RS;DEL06-RS;UOP02-DEL06-RS
350895;09/04/2021;sexta-feira;20:40:00;RS;470;229,1;GARIBALDI;Transitar na contramão;Colisão frontal;Com Vítimas Fatais;Plena Noite;Decrescente;Céu Claro;Simples;"Reta;Declive";Não;3;1;0;0;2;0;0;2;-29,27319032;-51,49575418;SPRF-RS;DEL06-RS;UOP01-DEL06-RS
354792;30/04/2021;sexta-feira;18:30:00;RS;470;188,9;VERANOPOLIS;Ausência de reação do condutor;Colisão lateral sentido oposto;Com Vítimas Feridas;Anoitecer;Decrescente;Céu Claro;Simples;Curva;Não;2;0;1;0;1;0;1;2;-29,0090907;-51,56456778;SPRF-RS;DEL06-RS;UOP02-DEL06-RS
357041;11/05/2021;terça-feira;09:40:00;RS;470;155,2;NOVA PRATA;Reação tardia ou ineficiente do condutor;Colisão traseira;Com Vítimas Feridas;Pleno dia;Crescente;Nublado;Simples;Reta;Não;2;0;1;0;1;0;1;2;-28,76744045;-51,6223821;SPRF-RS;DEL06-RS;UOP02-DEL06-RS
357197;12/05/2021;quarta-feira;06:00:00;RS;116;99,9;SAO MARCOS;Velocidade Incompatível;Tombamento;Com Vítimas Feridas;Amanhecer;Crescente;Céu Claro;Simples;"Declive;Curva";Não;2;0;0;1;0;1;1;2;-28,88092792;-51,12782799;SPRF-RS;DEL05-RS;UOP01-DEL05-RS
358273;17/05/2021;segunda-feira;05:50:00;RS;470;188,9;VERANOPOLIS;Problema com o freio;Saída de leito carroçável;Sem Vítimas;Amanhecer;Crescente;Nevoeiro/Neblina;Simples;Reta;Não;2;0;0;0;1;1;0;2;-29,01200957;-51,56194255;SPRF-RS;DEL06-RS;UOP02-DEL06-RS
359832;25/05/2021;terça-feira;06:50:00;RS;470;234;CARLOS BARBOSA;Reação tardia ou ineficiente do condutor;Saída de leito carroçável;Sem Vítimas;Pleno dia;Decrescente;Céu Claro;Simples;Curva;Sim;2;0;0;0;1;1;0;2;-29,29809;-51,48162;SPRF-RS;DEL06-RS;UOP01-DEL06-RS
360509;28/05/2021;sexta-feira;17:45:00;RS;470;226,8;GARIBALDI;Reação tardia ou ineficiente do condutor;Colisão frontal;Com Vítimas Feridas;Pleno dia;Decrescente;Chuva;Simples;Reta;Não;5;0;1;1;3;0;2;4;-29,25603698;-51,5114218;SPRF-RS;DEL06-RS;UOP01-DEL06-RS
360582;28/05/2021;sexta-feira;18:33:00;RS;470;194;BENTO GONCALVES;Transitar na contramão;Colisão transversal;Com Vítimas Feridas;Plena Noite;Decrescente;Chuva;Simples;Curva;Não;4;0;1;0;2;1;1;3;-29,05030203;-51,57387285;SPRF-RS;DEL06-RS;UOP02-DEL06-RS
361993;04/06/2021;sexta-feira;14:40:00;RS;470;199;BENTO GONCALVES;Velocidade Incompatível;Tombamento;Com Vítimas Feridas;Pleno dia;Decrescente;Céu Claro;Simples;Curva;Não;3;0;0;1;1;1;1;3;-29,06787347;-51,57737732;SPRF-RS;DEL06-RS;UOP02-DEL06-RS
362853;17/05/2021;segunda-feira;15:00:00;RS;116;148,1;CAXIAS DO SUL;Obstrução na via;Colisão traseira;Com Vítimas Feridas;Pleno dia;Decrescente;Sol;Dupla;Reta;Sim;4;0;0;1;1;2;1;4;-29,15444539;-51,15101681;SPRF-RS;DEL05-RS;UOP01-DEL05-RS
364544;16/06/2021;quarta-feira;19:40:00;RS;116;128,9;SAO MARCOS;Curva acentuada;Colisão frontal;Com Vítimas Feridas;Plena Noite;Crescente;Nublado;Simples;"Declive;Curva";Não;3;0;0;1;2;0;1;3;-29,03718578;-51,1043644;SPRF-RS;DEL05-RS;UOP01-DEL05-RS
366211;24/06/2021;quinta-feira;18:50:00;RS;470;187,2;VERANOPOLIS;Curva acentuada;Colisão transversal;Com Vítimas Feridas;Plena Noite;Decrescente;Céu Claro;Simples;Curva;Não;3;0;1;0;1;1;1;3;-29,00751109;-51,55777697;SPRF-RS;DEL06-RS;UOP02-DEL06-RS
366396;25/06/2021;sexta-feira;17:45:00;RS;470;216;BENTO GONCALVES;Reação tardia ou ineficiente do condutor;Colisão traseira;Sem Vítimas;Anoitecer;Crescente;Céu Claro;Dupla;"Retorno Regulamentado;Reta";Sim;3;0;0;0;3;0;0;2;-29,17148513;-51,52442163;SPRF-RS;DEL06-RS;UOP01-DEL06-RS
367028;28/06/2021;segunda-feira;13:00:00;RS;470;227;GARIBALDI;Condutor deixou de manter distância do veículo da frente;Engavetamento;Com Vítimas Feridas;Pleno dia;Decrescente;Céu Claro;Dupla;Reta;Não;4;0;1;0;3;0;1;3;-29,21657705;-51,51722624;SPRF-RS;DEL06-RS;UOP01-DEL06-RS
367232;29/06/2021;terça-feira;14:05:00;RS;116;105,8;SAO MARCOS;Velocidade Incompatível;Tombamento;Com Vítimas Fatais;Pleno dia;Decrescente;Nublado;Simples;Curva;Não;2;1;0;0;0;1;0;2;-28,91254612;-51,11046562;SPRF-RS;DEL05-RS;UOP01-DEL05-RS
367331;30/06/2021;quarta-feira;08:40:00;RS;116;150;CAXIAS DO SUL;Manobra de mudança de faixa;Colisão lateral mesmo sentido;Com Vítimas Feridas;Pleno dia;Crescente;Garoa/Chuvisco;Dupla;Reta;Sim;2;0;1;0;1;0;1;2;-29,168428;-51,158337;SPRF-RS;DEL05-RS;UOP01-DEL05-RS
368112;03/07/2021;sábado;18:00:00;RS;116;164,2;CAXIAS DO SUL;Problema com o freio;Colisão frontal;Com Vítimas Feridas;Plena Noite;Crescente;Céu Claro;Simples;Curva;Não;8;0;3;0;4;1;3;5;-29,26344857;-51,16113999;SPRF-RS;DEL05-RS;UOP02-DEL05-RS
368694;06/07/2021;terça-feira;11:05:00;RS;116;152,1;CAXIAS DO SUL;Manobra de mudança de faixa;Colisão lateral mesmo sentido;Com Vítimas Feridas;Pleno dia;Crescente;Céu Claro;Simples;Curva;Sim;3;0;1;0;2;0;1;2;-29,1829343;-51,16801501;SPRF-RS;DEL05-RS;UOP01-DEL05-RS
369141;12/05/2021;quarta-feira;16:40:00;RS;470;228;GARIBALDI;Desrespeitar a preferência no cruzamento;Colisão lateral mesmo sentido;Com Vítimas Feridas;Anoitecer;Crescente;Céu Claro;Simples;Interseção de Vias;Não;2;0;2;0;0;0;2;2;-29,21759706;-51,51703722;SPRF-RS;DEL06-RS;UOP01-DEL06-RS
369200;30/04/2021;sexta-feira;18:20:00;RS;470;232;CARLOS BARBOSA;Velocidade Incompatível;Tombamento;Com Vítimas Feridas;Plena Noite;Decrescente;Céu Claro;Simples;Declive;Não;2;0;1;0;0;1;1;2;-29,23579206;-51,51193423;SPRF-RS;DEL06-RS;UOP01-DEL06-RS
369431;09/07/2021;sexta-feira;16:40:00;RS;470;211,2;BENTO GONCALVES;Conversão proibida;Colisão transversal;Com Vítimas Feridas;Pleno dia;Crescente;Céu Claro;Simples;"Declive;Curva";Não;3;0;1;0;2;0;1;3;-29,12453775;-51,54360394;SPRF-RS;DEL06-RS;UOP01-DEL06-RS
369619;16/06/2021;quarta-feira;13:46:00;RS;470;165;VILA FLORES;Condutor deixou de manter distância do veículo da frente;Colisão traseira;Com Vítimas Feridas;Pleno dia;Crescente;Céu Claro;Simples;Retorno Regulamentado;Não;4;0;2;0;2;0;2;3;-28,84169703;-51,57429796;SPRF-RS;DEL06-RS;UOP02-DEL06-RS
371193;17/07/2021;sábado;13:00:00;RS;470;161,7;NOVA PRATA;Reação tardia ou ineficiente do condutor;Tombamento;Com Vítimas Feridas;Pleno dia;Decrescente;Nublado;Simples;Reta;Sim;4;0;0;1;0;3;1;3;-28,817015;-51,594917;SPRF-RS;DEL06-RS;UOP02-DEL06-RS
373254;27/07/2021;terça-feira;16:35:00;RS;470;211;BENTO GONCALVES;Velocidade Incompatível;Tombamento;Com Vítimas Feridas;Pleno dia;Crescente;Céu Claro;Simples;"Declive;Curva";Não;2;0;0;1;0;1;1;2;-29,12453775;-51,54360394;SPRF-RS;DEL06-RS;UOP01-DEL06-RS
373631;29/07/2021;quinta-feira;18:10:00;RS;470;219;BENTO GONCALVES;Manobra de mudança de faixa;Colisão lateral mesmo sentido;Com Vítimas Feridas;Plena Noite;Decrescente;Céu Claro;Simples;"Curva;Aclive";Não;3;0;2;0;1;0;2;3;-29,19154283;-51,52229011;SPRF-RS;DEL06-RS;UOP01-DEL06-RS
373653;29/07/2021;quinta-feira;20:25:00;RS;470;194;BENTO GONCALVES;Velocidade Incompatível;Colisão frontal;Com Vítimas Feridas;Plena Noite;Decrescente;Céu Claro;Simples;Curva;Não;6;0;3;1;1;1;4;3;-29,05030203;-51,57387285;SPRF-RS;DEL06-RS;UOP02-DEL06-RS
376549;11/08/2021;quarta-feira;16:30:00;RS;116;103,5;CAXIAS DO SUL;Demais falhas mecânicas ou elétricas;Saída de leito carroçável;Com Vítimas Feridas;Pleno dia;Decrescente;Céu Claro;Múltipla;Reta;Não;2;0;2;0;0;0;2;1;-28,90425502;-51,12468362;SPRF-RS;DEL05-RS;UOP01-DEL05-RS
376817;13/08/2021;sexta-feira;10:50:00;RS;116;137,3;CAXIAS DO SUL;Reação tardia ou ineficiente do condutor;Tombamento;Sem Vítimas;Pleno dia;Crescente;Nublado;Simples;Curva;Não;2;0;0;0;2;0;0;1;-29,08114701;-51,11228512;SPRF-RS;DEL05-RS;UOP01-DEL05-RS
378378;21/08/2021;sábado;06:30:00;RS;470;230;CARLOS BARBOSA;Demais falhas mecânicas ou elétricas;Incêndio;Sem Vítimas;Pleno dia;Decrescente;Nevoeiro/Neblina;Dupla;"Curva;Interseção de Vias";Sim;2;0;0;0;1;1;0;2;-29,28412075;-51,4915592;SPRF-RS;DEL06-RS;UOP01-DEL06-RS
379370;25/08/2021;quarta-feira;22:55:00;RS;470;211;BENTO GONCALVES;Velocidade Incompatível;Colisão frontal;Com Vítimas Feridas;Plena Noite;Crescente;Chuva;Simples;Curva;Não;2;0;2;0;0;0;2;2;-29,12453775;-51,54360394;SPRF-RS;DEL06-RS;UOP01-DEL06-RS
383814;16/09/2021;quinta-feira;09:10:00;RS;470;219;BENTO GONCALVES;Acessar a via sem observar a presença dos outros veículos;Colisão transversal;Com Vítimas Feridas;Pleno dia;Crescente;Céu Claro;Simples;Reta;Sim;3;0;1;0;2;0;1;2;-29,17909489;-51,51855675;SPRF-RS;DEL06-RS;UOP01-DEL06-RS
386384;29/09/2021;quarta-feira;05:25:00;RS;116;152,4;CAXIAS DO SUL;Conversão proibida;Colisão transversal;Com Vítimas Feridas;Plena Noite;Crescente;Nublado;Dupla;Reta;Sim;2;0;0;1;1;0;1;2;-29,18410735;-51,17126942;SPRF-RS;DEL05-RS;UOP01-DEL05-RS
386579;29/09/2021;quarta-feira;23:40:00;RS;470;219;BENTO GONCALVES;Ingestão de álcool pelo condutor;Colisão frontal;Sem Vítimas;Plena Noite;Crescente;Céu Claro;Dupla;Reta;Não;3;0;0;0;2;1;0;3;-29,17909489;-51,51855675;SPRF-RS;DEL06-RS;UOP01-DEL06-RS
386932;01/10/2021;sexta-feira;19:15:00;RS;470;226,8;GARIBALDI;Ingestão de álcool pelo condutor;Colisão lateral sentido oposto;Com Vítimas Feridas;Plena Noite;Decrescente;Céu Claro;Simples;Curva;Não;3;0;1;0;1;1;1;3;-29,21556004;-51,51743821;SPRF-RS;DEL06-RS;UOP01-DEL06-RS
387758;05/10/2021;terça-feira;14:30:00;RS;470;221,8;GARIBALDI;Ausência de reação do condutor;Colisão com objeto;Sem Vítimas;Pleno dia;Decrescente;Céu Claro;Dupla;Reta;Não;2;0;0;0;1;1;0;2;-29,21596577;-51,51731914;SPRF-RS;DEL06-RS;UOP01-DEL06-RS
388233;08/10/2021;sexta-feira;07:08:00;RS;116;149,9;CAXIAS DO SUL;Manobra de mudança de faixa;Colisão lateral mesmo sentido;Com Vítimas Feridas;Pleno dia;Crescente;Nublado;Dupla;Rotatória;Sim;2;0;1;0;1;0;1;2;-29,15996905;-51,15645292;SPRF-RS;DEL05-RS;UOP01-DEL05-RS
388549;09/10/2021;sábado;10:30:00;RS;116;134,5;CAXIAS DO SUL;Demais Fenômenos da natureza;Eventos atípicos;Sem Vítimas;Pleno dia;Decrescente;Nublado;Simples;Reta;Não;3;0;0;0;2;1;0;2;-29,06329012;-51,09842716;SPRF-RS;DEL05-RS;UOP01-DEL05-RS
391026;21/10/2021;quinta-feira;16:39:00;RS;470;169,8;VILA FLORES;Condutor deixou de manter distância do veículo da frente;Tombamento;Com Vítimas Fatais;Pleno dia;Crescente;Céu Claro;Simples;"Interseção de Vias;Reta";Sim;4;2;0;0;2;0;0;3;-28,86454223;-51,55299051;SPRF-RS;DEL06-RS;UOP02-DEL06-RS
391081;21/10/2021;quinta-feira;23:18:00;RS;116;112,8;SAO MARCOS;Acessar a via sem observar a presença dos outros veículos;Colisão transversal;Com Vítimas Feridas;Plena Noite;Decrescente;Céu Claro;Simples;Reta;Sim;2;0;0;1;1;0;1;2;-28,94827931;-51,08170135;SPRF-RS;DEL05-RS;UOP01-DEL05-RS
393917;05/11/2021;sexta-feira;04:50:00;RS;116;121,6;SAO MARCOS;Velocidade Incompatível;Tombamento;Com Vítimas Feridas;Amanhecer;Crescente;Céu Claro;Simples;"Curva;Aclive";Não;2;0;1;0;0;1;1;2;-29,00573128;-51,06932906;SPRF-RS;DEL05-RS;UOP01-DEL05-RS
394018;05/11/2021;sexta-feira;17:10:00;RS;116;146,3;CAXIAS DO SUL;Reação tardia ou ineficiente do condutor;Colisão traseira;Com Vítimas Feridas;Pleno dia;Decrescente;Sol;Dupla;Reta;Sim;3;0;2;0;1;0;2;2;-29,14228897;-51,13622202;SPRF-RS;DEL05-RS;UOP01-DEL05-RS
394073;05/11/2021;sexta-feira;20:00:00;RS;470;195;BENTO GONCALVES;Problema com o freio;Colisão frontal;Com Vítimas Feridas;Plena Noite;Decrescente;Céu Claro;Simples;Curva;Não;4;0;0;2;0;2;2;4;-29,05097073;-51,58205288;SPRF-RS;DEL06-RS;UOP02-DEL06-RS
395096;01/10/2021;sexta-feira;10:30:00;RS;470;187;BENTO GONCALVES;Ausência de reação do condutor;Colisão traseira;Com Vítimas Feridas;Pleno dia;Crescente;Nublado;Simples;"Declive;Curva";Não;4;0;0;2;1;1;2;3;-29,00751109;-51,55777697;SPRF-RS;DEL06-RS;UOP02-DEL06-RS
396735;19/11/2021;sexta-feira;16:50:00;RS;470;218;BENTO GONCALVES;Condutor deixou de manter distância do veículo da frente;Colisão traseira;Com Vítimas Feridas;Pleno dia;Decrescente;Nublado;Simples;"Reta;Aclive";Não;3;0;1;0;1;1;1;3;-29,18554428;-51,52107608;SPRF-RS;DEL06-RS;UOP01-DEL06-RS
396752;19/11/2021;sexta-feira;17:05:00;RS;470;230;CARLOS BARBOSA;Manobra de mudança de faixa;Colisão lateral mesmo sentido;Com Vítimas Feridas;Pleno dia;Decrescente;Céu Claro;Dupla;Reta;Sim;3;0;1;0;0;2;1;3;-29,28759509;-51,48927748;SPRF-RS;DEL06-RS;UOP01-DEL06-RS
398213;27/11/2021;sábado;11:00:00;RS;470;227,2;GARIBALDI;Acessar a via sem observar a presença dos outros veículos;Colisão lateral mesmo sentido;Sem Vítimas;Pleno dia;Decrescente;Garoa/Chuvisco;Simples;Interseção de Vias;Não;3;0;0;0;2;1;0;2;-29,25786101;-51,50990551;SPRF-RS;DEL06-RS;UOP01-DEL06-RS
400540;08/12/2021;quarta-feira;18:55:00;RS;116;145,4;CAXIAS DO SUL;Manobra de mudança de faixa;Colisão lateral mesmo sentido;Com Vítimas Feridas;Pleno dia;Decrescente;Céu Claro;Dupla;Reta;Sim;4;0;1;0;1;2;1;4;-29,1350217;-51,1302779;SPRF-RS;DEL05-RS;UOP01-DEL05-RS
400914;10/12/2021;sexta-feira;19:05:00;RS;470;223,8;GARIBALDI;Transitar na contramão;Colisão lateral sentido oposto;Com Vítimas Feridas;Anoitecer;Decrescente;Céu Claro;Múltipla;Curva;Não;4;0;2;0;2;0;2;4;-29,21249203;-51,51794436;SPRF-RS;DEL06-RS;UOP01-DEL06-RS
402174;16/12/2021;quinta-feira;23:25:00;RS;470;225;GARIBALDI;Transitar na contramão;Colisão frontal;Sem Vítimas;Plena Noite;Decrescente;Céu Claro;Simples;"Reta;Declive";Sim;2;0;0;0;2;0;0;2;-29,247256;-51,515561;SPRF-RS;DEL06-RS;UOP01-DEL06-RS
332197;03/01/2021;domingo;10:50:00;RS;470;189;VERANOPOLIS;Velocidade Incompatível;Saída de leito carroçável;Com Vítimas Feridas;Pleno dia;Decrescente;Céu Claro;Simples;Curva;Não;1;0;1;0;0;0;1;1;-29,01620401;-51,56173297;SPRF-RS;DEL06-RS;UOP02-DEL06-RS
332254;03/01/2021;domingo;16:05:00;RS;116;134,1;CAXIAS DO SUL;Velocidade Incompatível;Saída de leito carroçável;Com Vítimas Feridas;Pleno dia;Decrescente;Sol;Simples;Curva;Não;2;0;0;1;1;0;1;1;-29,06440374;-51,09743357;SPRF-RS;DEL05-RS;UOP01-DEL05-RS
332497;04/01/2021;segunda-feira;15:50:00;RS;116;166,9;CAXIAS DO SUL;Reação tardia ou ineficiente do condutor;Tombamento;Com Vítimas Feridas;Pleno dia;Crescente;Céu Claro;Simples;"Curva;Aclive";Sim;2;0;2;0;0;0;2;1;-29,26709501;-51,15960601;SPRF-RS;DEL05-RS;UOP02-DEL05-RS
332694;06/01/2021;quarta-feira;06:15:00;RS;116;141,7;CAXIAS DO SUL;Ultrapassagem Indevida;Saída de leito carroçável;Com Vítimas Feridas;Amanhecer;Decrescente;Céu Claro;Simples;Reta;Sim;3;0;2;0;0;1;2;2;-29,11161425;-51,11040472;SPRF-RS;DEL05-RS;UOP01-DEL05-RS
333266;09/01/2021;sábado;06:25:00;RS;470;223,8;GARIBALDI;Velocidade Incompatível;Colisão traseira;Com Vítimas Feridas;Amanhecer;Crescente;Céu Claro;Simples;Aclive;Sim;5;0;2;1;1;1;3;5;-29,22351564;-51,5162015;SPRF-RS;DEL06-RS;UOP01-DEL06-RS
333383;09/01/2021;sábado;18:45:00;RS;116;147,4;CAXIAS DO SUL;Condutor desrespeitou a iluminação vermelha do semáforo;Colisão transversal;Com Vítimas Feridas;Anoitecer;Decrescente;Céu Claro;Múltipla;Interseção de Vias;Sim;3;0;1;0;1;1;1;3;-29,14908014;-51,1429969;SPRF-RS;DEL05-RS;UOP01-DEL05-RS
333424;09/01/2021;sábado;16:15:00;RS;470;160;NOVA PRATA;Ingestão de álcool pelo condutor;Colisão transversal;Com Vítimas Feridas;Pleno dia;Crescente;Céu Claro;Simples;Retorno Regulamentado;Sim;6;0;1;0;5;0;1;2;-28,81066741;-51,60061401;SPRF-RS;DEL06-RS;UOP02-DEL06-RS
333425;09/01/2021;sábado;20:30:00;RS;470;230;CARLOS BARBOSA;Conversão proibida;Colisão transversal;Com Vítimas Feridas;Plena Noite;Decrescente;Ignorado;Simples;Reta;Não;4;0;1;0;3;0;1;2;-29,27679937;-51,49322771;SPRF-RS;DEL06-RS;UOP01-DEL06-RS
333702;11/01/2021;segunda-feira;00:15:00;RS;470;199;BENTO GONCALVES;Condutor Dormindo;Colisão com objeto;Com Vítimas Feridas;Plena Noite;Decrescente;Céu Claro;Simples;Curva;Não;1;0;1;0;0;0;1;1;-29,0629582;-51,58054016;SPRF-RS;DEL06-RS;UOP02-DEL06-RS
333744;11/01/2021;segunda-feira;07:30:00;RS;116;148,7;CAXIAS DO SUL;Reação tardia ou ineficiente do condutor;Atropelamento de Pedestre;Com Vítimas Feridas;Pleno dia;Crescente;Céu Claro;Múltipla;Curva;Sim;3;0;1;0;1;1;1;2;-29,16033143;-51,15690351;SPRF-RS;DEL05-RS;UOP01-DEL05-RS
334531;15/01/2021;sexta-feira;09:43:00;RS;116;189;NOVA PETROPOLIS;Manobra de mudança de faixa;Colisão frontal;Com Vítimas Feridas;Pleno dia;Decrescente;Céu Claro;Simples;Reta;Não;3;0;1;1;1;0;2;2;-29,41439425;-51,12826171;SPRF-RS;DEL05-RS;UOP02-DEL05-RS
334541;15/01/2021;sexta-feira;11:30:00;RS;470;224;GARIBALDI;Acessar a via sem observar a presença dos outros veículos;Colisão transversal;Com Vítimas Feridas;Pleno dia;Crescente;Céu Claro;Simples;Reta;Não;2;0;1;0;1;0;1;2;-29,24249327;-51,51776791;SPRF-RS;DEL06-RS;UOP01-DEL06-RS
334679;15/01/2021;sexta-feira;20:55:00;RS;470;213;BENTO GONCALVES;Ingestão de álcool pelo condutor;Colisão transversal;Com Vítimas Feridas;Plena Noite;Decrescente;Céu Claro;Simples;Em Obras;Sim;2;0;2;0;0;0;2;2;-29,138703;-51,542708;SPRF-RS;DEL06-RS;UOP01-DEL06-RS
334804;16/01/2021;sábado;12:15:00;RS;470;230,3;CARLOS BARBOSA;Condutor deixou de manter distância do veículo da frente;Colisão traseira;Sem Vítimas;Pleno dia;Crescente;Nublado;Simples;"Reta;Em Obras";Sim;3;0;0;0;3;0;0;2;-29,27794957;-51,49292361;SPRF-RS;DEL06-RS;UOP01-DEL06-RS
334922;17/01/2021;domingo;00:40:00;RS;470;178;VERANOPOLIS;Condutor desrespeitou a iluminação vermelha do semáforo;Colisão transversal;Sem Vítimas;Plena Noite;Decrescente;Céu Claro;Simples;Reta;Sim;2;0;0;0;2;0;0;2;-28,94753484;-51,55413312;SPRF-RS;DEL06-RS;UOP02-DEL06-RS
335039;17/01/2021;domingo;16:20:00;RS;470;238;CARLOS BARBOSA;Transitar na contramão;Colisão frontal;Com Vítimas Feridas;Pleno dia;Decrescente;Nublado;Simples;Curva;Não;4;0;2;0;2;0;2;2;-29,32448694;-51,49862424;SPRF-RS;DEL06-RS;UOP01-DEL06-RS
335133;18/01/2021;segunda-feira;05:40:00;RS;116;143,8;CAXIAS DO SUL;Avarias e/ou desgaste excessivo no pneu;Colisão com objeto;Com Vítimas Feridas;Pleno dia;Crescente;Garoa/Chuvisco;Dupla;Curva;Sim;1;0;1;0;0;0;1;1;-29,1201739;-51,12260651;SPRF-RS;DEL05-RS;UOP01-DEL05-RS
335444;19/01/2021;terça-feira;20:20:00;RS;116;151,6;CAXIAS DO SUL;Velocidade Incompatível;Tombamento;Com Vítimas Feridas;Plena Noite;Decrescente;Céu Claro;Dupla;Curva;Sim;2;0;1;0;0;1;1;2;-29,17694502;-51,16173896;SPRF-RS;DEL05-RS;UOP01-DEL05-RS
335659;20/01/2021;quarta-feira;22:30:00;RS;116;151,7;CAXIAS DO SUL;Acessar a via sem observar a presença dos outros veículos;Colisão transversal;Sem Vítimas;Plena Noite;Crescente;Céu Claro;Dupla;"Reta;Interseção de Vias";Sim;2;0;0;0;1;1;0;2;-29,17694502;-51,16173896;SPRF-RS;DEL05-RS;UOP01-DEL05-RS
336003;22/01/2021;sexta-feira;21:00:00;RS;116;196;PICADA CAFE;Velocidade Incompatível;Colisão lateral;Com Vítimas Feridas;Plena Noite;Crescente;Nublado;Simples;Reta;Sim;3;0;3;0;0;0;3;2;-29,46516935;-51,14805283;SPRF-RS;DEL05-RS;UOP02-DEL05-RS
336033;23/01/2021;sábado;04:30:00;RS;470;244;BARAO;Conversão proibida;Colisão transversal;Com Vítimas Feridas;Plena Noite;Crescente;Céu Claro;Simples;Curva;Sim;2;0;1;0;1;0;1;2;-29,377859;-51,497571;SPRF-RS;DEL06-RS;UOP01-DEL06-RS
336115;23/01/2021;sábado;13:10:00;RS;470;157;NOVA PRATA;Ausência de reação do condutor;Saída de leito carroçável;Com Vítimas Feridas;Pleno dia;Decrescente;Céu Claro;Simples;Curva;Não;1;0;1;0;0;0;1;1;-28,7867183;-51,6140498;SPRF-RS;DEL06-RS;UOP02-DEL06-RS
336157;23/01/2021;sábado;16:40:00;RS;470;222;GARIBALDI;Reação tardia ou ineficiente do condutor;Queda de ocupante de veículo;Com Vítimas Feridas;Pleno dia;Decrescente;Céu Claro;Dupla;Reta;Sim;1;0;1;0;0;0;1;1;-29,20372835;-51,51786908;SPRF-RS;DEL06-RS;UOP01-DEL06-RS
336476;25/01/2021;segunda-feira;07:55:00;RS;470;215;BENTO GONCALVES;Reação tardia ou ineficiente do condutor;Colisão transversal;Com Vítimas Feridas;Pleno dia;Decrescente;Céu Claro;Simples;Interseção de Vias;Sim;2;0;1;0;1;0;1;2;-29,150635;-51,530241;SPRF-RS;DEL06-RS;UOP01-DEL06-RS
336594;25/01/2021;segunda-feira;17:25:00;RS;470;177,3;VERANOPOLIS;Acessar a via sem observar a presença dos outros veículos;Colisão transversal;Sem Vítimas;Pleno dia;Decrescente;Nublado;Simples;Reta;Sim;2;0;0;0;2;0;0;2;-28,93896517;-51,54507279;SPRF-RS;DEL06-RS;UOP02-DEL06-RS
336618;25/01/2021;segunda-feira;18:05:00;RS;116;154,7;CAXIAS DO SUL;Acessar a via sem observar a presença dos outros veículos;Colisão lateral mesmo sentido;Com Vítimas Feridas;Pleno dia;Crescente;Nublado;Simples;Reta;Sim;4;0;1;0;3;0;1;2;-29,19074818;-51,18073734;SPRF-RS;DEL05-RS;UOP01-DEL05-RS
337236;29/01/2021;sexta-feira;12:00:00;RS;470;178;VERANOPOLIS;Desrespeitar a preferência no cruzamento;Colisão transversal;Com Vítimas Feridas;Pleno dia;Decrescente;Céu Claro;Simples;Reta;Sim;2;0;1;0;1;0;1;2;-28,94753484;-51,55413312;SPRF-RS;DEL06-RS;UOP02-DEL06-RS
337291;29/01/2021;sexta-feira;17:00:00;RS;116;197,2;PICADA CAFE;Acessar a via sem observar a presença dos outros veículos;Saída de leito carroçável;Com Vítimas Feridas;Pleno dia;Decrescente;Nublado;Simples;Reta;Sim;3;0;2;0;1;0;2;2;-29,47130146;-51,15002466;SPRF-RS;DEL05-RS;UOP02-DEL05-RS
337497;30/01/2021;sábado;15:25:00;RS;470;217,6;BENTO GONCALVES;Desrespeitar a preferência no cruzamento;Colisão transversal;Com Vítimas Feridas;Pleno dia;Crescente;Nublado;Múltipla;Rotatória;Não;5;0;1;0;4;0;1;2;-29,17503555;-51,52294105;SPRF-RS;DEL06-RS;UOP01-DEL06-RS
337660;31/01/2021;domingo;03:50:00;RS;470;233,8;CARLOS BARBOSA;Ingestão de álcool pelo condutor;Saída de leito carroçável;Com Vítimas Feridas;Plena Noite;Crescente;Garoa/Chuvisco;Simples;"Reta;Declive";Não;1;0;1;0;0;0;1;1;-29,30632426;-51,48598021;SPRF-RS;DEL06-RS;UOP01-DEL06-RS
337769;31/01/2021;domingo;18:00:00;RS;116;142;CAXIAS DO SUL;Condutor desrespeitou a iluminação vermelha do semáforo;Colisão transversal;Com Vítimas Feridas;Anoitecer;Decrescente;Chuva;Dupla;Interseção de Vias;Sim;3;0;1;0;2;0;1;2;-29,11727;-51,115208;SPRF-RS;DEL05-RS;UOP01-DEL05-RS
337864;01/02/2021;segunda-feira;04:00:00;RS;116;143,4;CAXIAS DO SUL;Velocidade Incompatível;Colisão com objeto;Sem Vítimas;Amanhecer;Crescente;Nublado;Dupla;Curva;Sim;1;0;0;0;1;0;0;1;-29,1201739;-51,12260651;SPRF-RS;DEL05-RS;UOP01-DEL05-RS
337888;01/02/2021;segunda-feira;07:30:00;RS;116;154,2;CAXIAS DO SUL;Acessar a via sem observar a presença dos outros veículos;Colisão transversal;Com Vítimas Feridas;Amanhecer;Decrescente;Céu Claro;Simples;Interseção de Vias;Sim;2;0;1;0;1;0;1;2;-29,19266833;-51,18000269;SPRF-RS;DEL05-RS;UOP01-DEL05-RS
338206;02/02/2021;terça-feira;17:30:00;RS;470;217;BENTO GONCALVES;Manobra de mudança de faixa;Colisão lateral mesmo sentido;Com Vítimas Feridas;Pleno dia;Crescente;Céu Claro;Dupla;Reta;Sim;3;0;2;0;1;0;2;2;-29,17368235;-51,5243591;SPRF-RS;DEL06-RS;UOP01-DEL06-RS
338225;02/02/2021;terça-feira;20:00:00;RS;470;178,3;VERANOPOLIS;Acessar a via sem observar a presença dos outros veículos;Colisão lateral mesmo sentido;Com Vítimas Feridas;Plena Noite;Decrescente;Céu Claro;Simples;Reta;Não;2;0;1;0;1;0;1;2;-28,94753484;-51,55413312;SPRF-RS;DEL06-RS;UOP02-DEL06-RS
338572;04/02/2021;quinta-feira;18:05:00;RS;470;218;BENTO GONCALVES;Acessar a via sem observar a presença dos outros veículos;Colisão transversal;Com Vítimas Feridas;Anoitecer;Crescente;Chuva;Simples;Retorno Regulamentado;Sim;2;0;1;0;1;0;1;2;-29,17292214;-51,52424936;SPRF-RS;DEL06-RS;UOP01-DEL06-RS
338594;04/02/2021;quinta-feira;20:35:00;RS;116;151,4;CAXIAS DO SUL;Ingestão de álcool ou de substâncias psicoativas pelo pedestre;Atropelamento de Pedestre;Com Vítimas Feridas;Plena Noite;Decrescente;Céu Claro;Dupla;Curva;Sim;2;0;0;1;0;1;1;2;-29,17694502;-51,16173896;SPRF-RS;DEL05-RS;UOP01-DEL05-RS
338745;05/02/2021;sexta-feira;17:25:00;RS;470;199,7;BENTO GONCALVES;Velocidade Incompatível;Tombamento;Com Vítimas Feridas;Pleno dia;Crescente;Céu Claro;Simples;Curva;Não;2;0;1;0;1;0;1;1;-29,06796411;-51,5817368;SPRF-RS;DEL06-RS;UOP02-DEL06-RS
339012;06/02/2021;sábado;18:30:00;RS;116;144,5;CAXIAS DO SUL;Condutor deixou de manter distância do veículo da frente;Colisão lateral mesmo sentido;Com Vítimas Feridas;Pleno dia;Crescente;Céu Claro;Dupla;Reta;Não;3;0;2;0;1;0;2;2;-29,1267449;-51,12768983;SPRF-RS;DEL05-RS;UOP01-DEL05-RS
339146;07/02/2021;domingo;09:15:00;RS;470;251;SAO PEDRO DA SERRA;Conversão proibida;Colisão transversal;Com Vítimas Feridas;Pleno dia;Crescente;Céu Claro;Simples;Reta;Sim;3;0;1;0;0;2;1;3;-29,42;-51,518;SPRF-RS;DEL06-RS;UOP01-DEL06-RS
339592;01/02/2021;segunda-feira;10:10:00;RS;470;217;BENTO GONCALVES;Acessar a via sem observar a presença dos outros veículos;Colisão transversal;Com Vítimas Feridas;Pleno dia;Decrescente;Céu Claro;Simples;Rotatória;Sim;2;0;1;0;1;0;1;2;-29,16462512;-51,52551964;SPRF-RS;DEL06-RS;UOP01-DEL06-RS
339845;10/02/2021;quarta-feira;14:30:00;RS;116;185;NOVA PETROPOLIS;Velocidade Incompatível;Tombamento;Com Vítimas Feridas;Pleno dia;Decrescente;Sol;Simples;"Curva;Aclive";Sim;2;0;1;0;0;1;1;2;-29,39221114;-51,12482919;SPRF-RS;DEL05-RS;UOP02-DEL05-RS
340038;11/02/2021;quinta-feira;17:25:00;RS;470;223;GARIBALDI;Desrespeitar a preferência no cruzamento;Colisão transversal;Com Vítimas Feridas;Pleno dia;Decrescente;Nublado;Simples;"Retorno Regulamentado;Declive;Reta";Sim;2;0;1;0;1;0;1;2;-29,227299;-51,516199;SPRF-RS;DEL06-RS;UOP01-DEL06-RS
340440;13/02/2021;sábado;10:20:00;RS;470;216,5;BENTO GONCALVES;Reação tardia ou ineficiente do condutor;Colisão traseira;Com Vítimas Feridas;Pleno dia;Decrescente;Céu Claro;Simples;Reta;Sim;6;0;2;0;3;1;2;2;-29,15887096;-51,53142395;SPRF-RS;DEL06-RS;UOP01-DEL06-RS
340544;13/02/2021;sábado;19:40:00;RS;116;117,8;SAO MARCOS;Desrespeitar a preferência no cruzamento;Colisão transversal;Sem Vítimas;Plena Noite;Decrescente;Nublado;Simples;Reta;Não;3;0;0;0;3;0;0;2;-28,99646736;-51,07372284;SPRF-RS;DEL05-RS;UOP01-DEL05-RS
340991;15/02/2021;segunda-feira;22:10:00;RS;116;149,1;CAXIAS DO SUL;Condutor desrespeitou a iluminação vermelha do semáforo;Colisão transversal;Com Vítimas Feridas;Plena Noite;Decrescente;Nublado;Dupla;Interseção de Vias;Sim;4;0;1;0;0;3;1;3;-29,15996905;-51,15645292;SPRF-RS;DEL05-RS;UOP01-DEL05-RS
341272;17/02/2021;quarta-feira;15:00:00;RS;470;224,5;GARIBALDI;Acessar a via sem observar a presença dos outros veículos;Colisão lateral;Sem Vítimas;Pleno dia;Decrescente;Céu Claro;Simples;Declive;Não;2;0;0;0;2;0;0;2;-29,23550931;-51,51658773;SPRF-RS;DEL06-RS;UOP01-DEL06-RS
341451;18/02/2021;quinta-feira;08:30:00;RS;116;158;CAXIAS DO SUL;Demais falhas mecânicas ou elétricas;Incêndio;Sem Vítimas;Pleno dia;Decrescente;Sol;Dupla;Reta;Não;1;0;0;0;1;0;0;1;-29,22015528;-51,16867117;SPRF-RS;DEL05-RS;UOP01-DEL05-RS
341530;18/02/2021;quinta-feira;21:40:00;RS;470;157;NOVA PRATA;Transitar na contramão;Colisão frontal;Com Vítimas Fatais;Plena Noite;Decrescente;Céu Claro;Simples;Curva;Não;3;1;0;2;0;0;2;2;-28,79507068;-51,61584453;SPRF-RS;DEL06-RS;UOP02-DEL06-RS
341655;19/02/2021;sexta-feira;15:35:00;RS;470;214,5;BENTO GONCALVES;Reação tardia ou ineficiente do condutor;Colisão traseira;Com Vítimas Feridas;Pleno dia;Crescente;Céu Claro;Simples;"Reta;Aclive";Sim;2;0;1;0;1;0;1;2;-29,15711354;-51,53093403;SPRF-RS;DEL06-RS;UOP01-DEL06-RS
341947;20/02/2021;sábado;21:30:00;RS;116;149,8;CAXIAS DO SUL;Condutor desrespeitou a iluminação vermelha do semáforo;Engavetamento;Sem Vítimas;Plena Noite;Crescente;Céu Claro;Dupla;"Declive;Interseção de Vias;Reta";Sim;4;0;0;0;3;1;0;3;-29,15996905;-51,15645292;SPRF-RS;DEL05-RS;UOP01-DEL05-RS
342214;22/02/2021;segunda-feira;06:30:00;RS;470;154;NOVA PRATA;Conversão proibida;Saída de leito carroçável;Com Vítimas Feridas;Pleno dia;Decrescente;Céu Claro;Simples;Reta;Sim;1;0;1;0;0;0;1;1;-28,77711311;-51,61126545;SPRF-RS;DEL06-RS;UOP02-DEL06-RS
342411;23/02/2021;terça-feira;07:48:00;RS;116;147,9;CAXIAS DO SUL;Reação tardia ou ineficiente do condutor;Colisão traseira;Sem Vítimas;Pleno dia;Crescente;Sol;Dupla;Reta;Sim;2;0;0;0;2;0;0;2;-29,14908014;-51,1429969;SPRF-RS;DEL05-RS;UOP01-DEL05-RS
342463;23/02/2021;terça-feira;10:20:00;RS;116;150,3;CAXIAS DO SUL;Trafegar com motocicleta (ou similar) entre as faixas;Atropelamento de Pedestre;Com Vítimas Feridas;Pleno dia;Decrescente;Céu Claro;Múltipla;Reta;Sim;2;0;0;1;1;0;1;2;-29,168428;-51,158337;SPRF-RS;DEL05-RS;UOP01-DEL05-RS
342534;23/02/2021;terça-feira;20:15:00;RS;116;149,2;CAXIAS DO SUL;Condutor desrespeitou a iluminação vermelha do semáforo;Colisão transversal;Com Vítimas Feridas;Plena Noite;Crescente;Nublado;Dupla;Interseção de Vias;Sim;3;0;1;0;1;1;1;3;-29,15996905;-51,15645292;SPRF-RS;DEL05-RS;UOP01-DEL05-RS
342569;24/02/2021;quarta-feira;03:45:00;RS;470;228;GARIBALDI;Ingestão de álcool pelo condutor;Colisão com objeto;Sem Vítimas;Plena Noite;Crescente;Nevoeiro/Neblina;Simples;"Curva;Aclive";Sim;1;0;0;0;1;0;0;1;-29,26938542;-51,4990813;SPRF-RS;DEL06-RS;UOP01-DEL06-RS
342616;24/02/2021;quarta-feira;10:15:00;RS;116;116,8;SAO MARCOS;Velocidade Incompatível;Colisão com objeto;Com Vítimas Feridas;Pleno dia;Crescente;Céu Claro;Simples;Reta;Sim;1;0;1;0;0;0;1;1;-28,98049461;-51,06834769;SPRF-RS;DEL05-RS;UOP01-DEL05-RS
343021;26/02/2021;sexta-feira;12:25:00;RS;470;217;BENTO GONCALVES;Desrespeitar a preferência no cruzamento;Colisão transversal;Com Vítimas Feridas;Pleno dia;Decrescente;Céu Claro;Simples;Rotatória;Sim;2;0;1;0;1;0;1;2;-29,16462512;-51,52551964;SPRF-RS;DEL06-RS;UOP01-DEL06-RS
343230;27/02/2021;sábado;09:50:00;RS;116;200,7;PICADA CAFE;Ausência de reação do condutor;Tombamento;Com Vítimas Feridas;Pleno dia;Decrescente;Céu Claro;Simples;Curva;Não;1;0;1;0;0;0;1;1;-29,48890588;-51,13828706;SPRF-RS;DEL05-RS;UOP02-DEL05-RS
343515;28/02/2021;domingo;18:50:00;RS;470;197;VERANOPOLIS;Ingestão de álcool pelo condutor;Saída de leito carroçável;Sem Vítimas;Plena Noite;Crescente;Céu Claro;Simples;Curva;Não;1;0;0;0;1;0;0;1;-29,06129202;-51,5815904;SPRF-RS;DEL06-RS;UOP02-DEL06-RS
343679;13/02/2021;sábado;13:38:00;RS;470;188;VERANOPOLIS;Transitar na contramão;Saída de leito carroçável;Com Vítimas Feridas;Pleno dia;Decrescente;Céu Claro;Dupla;Curva;Sim;1;0;1;0;0;0;1;1;-29,0090907;-51,56456778;SPRF-RS;DEL06-RS;UOP02-DEL06-RS
343819;02/03/2021;terça-feira;09:55:00;RS;116;157;CAXIAS DO SUL;Ausência de reação do condutor;Colisão traseira;Com Vítimas Feridas;Pleno dia;Crescente;Sol;Simples;Declive;Não;2;0;1;0;1;0;1;2;-29,21503981;-51,17675573;SPRF-RS;DEL05-RS;UOP01-DEL05-RS
343929;12/02/2021;sexta-feira;10:28:00;RS;116;148,1;CAXIAS DO SUL;Reação tardia ou ineficiente do condutor;Atropelamento de Pedestre;Com Vítimas Feridas;Pleno dia;Crescente;Nublado;Dupla;Reta;Sim;2;0;2;0;0;0;2;2;-29,15444539;-51,15101681;SPRF-RS;DEL05-RS;UOP01-DEL05-RS
345023;08/03/2021;segunda-feira;09:00:00;RS;470;214;BENTO GONCALVES;Desrespeitar a preferência no cruzamento;Colisão transversal;Com Vítimas Feridas;Pleno dia;Crescente;Céu Claro;Simples;Reta;Sim;5;0;2;0;3;0;2;2;-29,14408811;-51,53555411;SPRF-RS;DEL06-RS;UOP01-DEL06-RS
345121;08/03/2021;segunda-feira;18:35:00;RS;470;214,1;BENTO GONCALVES;Conversão proibida;Colisão transversal;Com Vítimas Feridas;Pleno dia;Crescente;Céu Claro;Simples;Curva;Sim;2;0;1;0;1;0;1;2;-29,16014756;-51,52872607;SPRF-RS;DEL06-RS;UOP01-DEL06-RS
345169;09/03/2021;terça-feira;02:35:00;RS;470;197;BENTO GONCALVES;Ingestão de álcool pelo condutor;Saída de leito carroçável;Com Vítimas Feridas;Plena Noite;Crescente;Garoa/Chuvisco;Simples;Curva;Não;2;0;2;0;0;0;2;1;-29,05370409;-51,59589806;SPRF-RS;DEL06-RS;UOP02-DEL06-RS
345687;15/02/2021;segunda-feira;07:40:00;RS;116;173,9;CAXIAS DO SUL;Velocidade Incompatível;Colisão transversal;Com Vítimas Feridas;Pleno dia;Decrescente;Nublado;Simples;Reta;Sim;2;0;1;0;1;0;1;2;-29,32449914;-51,1698854;SPRF-RS;DEL05-RS;UOP02-DEL05-RS
345703;11/03/2021;quinta-feira;19:40:00;RS;470;177;VERANOPOLIS;Acessar a via sem observar a presença dos outros veículos;Colisão transversal;Com Vítimas Feridas;Plena Noite;Crescente;Céu Claro;Simples;"Reta;Rotatória";Sim;3;0;2;0;1;0;2;2;-28,93479629;-51,54253006;SPRF-RS;DEL06-RS;UOP02-DEL06-RS
345966;13/03/2021;sábado;04:35:00;RS;116;144,2;CAXIAS DO SUL;Condutor Dormindo;Tombamento;Com Vítimas Feridas;Plena Noite;Decrescente;Céu Claro;Dupla;"Reta;Declive";Sim;1;0;1;0;0;0;1;1;-29,1267449;-51,12768983;SPRF-RS;DEL05-RS;UOP01-DEL05-RS
346053;13/03/2021;sábado;16:20:00;RS;470;190;VERANOPOLIS;Conversão proibida;Colisão transversal;Com Vítimas Feridas;Pleno dia;Crescente;Céu Claro;Simples;"Curva;Aclive";Não;3;0;1;0;2;0;1;2;-29,02312304;-51,56485893;SPRF-RS;DEL06-RS;UOP02-DEL06-RS
346257;14/03/2021;domingo;18:00:00;RS;116;191,5;PICADA CAFE;Objeto estático sobre o leito carroçável;Eventos atípicos;Com Vítimas Feridas;Anoitecer;Crescente;Céu Claro;Simples;Curva;Não;1;0;0;1;0;0;1;1;-29,43001301;-51,13412787;SPRF-RS;DEL05-RS;UOP02-DEL05-RS
346567;16/03/2021;terça-feira;16:35:00;RS;470;228;GARIBALDI;Transitar na contramão;Colisão transversal;Com Vítimas Feridas;Pleno dia;Crescente;Céu Claro;Simples;Reta;Sim;3;0;2;1;0;0;3;2;-29,26653716;-51,50004745;SPRF-RS;DEL06-RS;UOP01-DEL06-RS
346786;17/03/2021;quarta-feira;15:45:00;RS;116;165,5;CAXIAS DO SUL;Condutor Dormindo;Colisão lateral sentido oposto;Com Vítimas Feridas;Pleno dia;Crescente;Nublado;Simples;Reta;Não;3;0;1;0;2;0;1;2;-29,2596449;-51,1574433;SPRF-RS;DEL05-RS;UOP02-DEL05-RS
347285;20/03/2021;sábado;19:20:00;RS;470;211;BENTO GONCALVES;Ingestão de álcool pelo condutor;Colisão transversal;Com Vítimas Feridas;Plena Noite;Crescente;Céu Claro;Dupla;Curva;Não;3;0;3;0;0;0;3;2;-29,12453775;-51,54360394;SPRF-RS;DEL06-RS;UOP01-DEL06-RS
347313;20/03/2021;sábado;20:30:00;RS;116;149,9;CAXIAS DO SUL;Ingestão de álcool pelo condutor;Engavetamento;Sem Vítimas;Plena Noite;Crescente;Céu Claro;Dupla;"Declive;Reta";Sim;4;0;0;0;4;0;0;4;-29,15996905;-51,15645292;SPRF-RS;DEL05-RS;UOP01-DEL05-RS
347323;20/03/2021;sábado;22:10:00;RS;470;222;GARIBALDI;Velocidade Incompatível;Saída de leito carroçável;Com Vítimas Fatais;Plena Noite;Crescente;Céu Claro;Dupla;Interseção de Vias;Sim;3;1;0;0;0;2;0;2;-29,22068477;-51,51693463;SPRF-RS;DEL06-RS;UOP01-DEL06-RS
347395;21/03/2021;domingo;13:25:00;RS;116;153;CAXIAS DO SUL;Pista Escorregadia;Saída de leito carroçável;Com Vítimas Feridas;Pleno dia;Crescente;Garoa/Chuvisco;Dupla;Curva;Sim;4;0;3;0;1;0;3;1;-29,18579758;-51,17713005;SPRF-RS;DEL05-RS;UOP01-DEL05-RS
347413;21/03/2021;domingo;14:30:00;RS;470;213;BENTO GONCALVES;Conversão proibida;Colisão traseira;Com Vítimas Feridas;Pleno dia;Crescente;Nublado;Simples;Declive;Não;2;0;1;0;1;0;1;2;-29,138703;-51,542708;SPRF-RS;DEL06-RS;UOP01-DEL06-RS
347640;22/03/2021;segunda-feira;18:10:00;RS;116;115,7;SAO MARCOS;Acessar a via sem observar a presença dos outros veículos;Colisão transversal;Com Vítimas Feridas;Anoitecer;Crescente;Nublado;Simples;"Reta;Interseção de Vias;Declive";Sim;2;0;0;1;1;0;1;2;-28,9712;-51,072197;SPRF-RS;DEL05-RS;UOP01-DEL05-RS
347835;23/03/2021;terça-feira;20:20:00;RS;116;143;CAXIAS DO SUL;Ingestão de álcool pelo condutor;Saída de leito carroçável;Sem Vítimas;Plena Noite;Crescente;Chuva;Dupla;Curva;Sim;1;0;0;0;1;0;0;1;-29,1201739;-51,12260651;SPRF-RS;DEL05-RS;UOP01-DEL05-RS
348113;25/03/2021;quinta-feira;18:30:00;RS;116;115,7;SAO MARCOS;Desrespeitar a preferência no cruzamento;Colisão transversal;Com Vítimas Feridas;Plena Noite;Crescente;Céu Claro;Simples;Reta;Sim;3;0;1;0;2;0;1;2;-28,97409355;-51,06958151;SPRF-RS;DEL05-RS;UOP01-DEL05-RS
348312;26/03/2021;sexta-feira;16:30:00;RS;470;213,7;BENTO GONCALVES;Conversão proibida;Colisão traseira;Com Vítimas Feridas;Pleno dia;Crescente;Nublado;Simples;Em Obras;Sim;3;0;1;0;2;0;1;3;-29,14950022;-51,53025627;SPRF-RS;DEL06-RS;UOP01-DEL06-RS
348636;28/03/2021;domingo;15:10:00;RS;116;109,3;CAXIAS DO SUL;Velocidade Incompatível;Colisão transversal;Com Vítimas Feridas;Pleno dia;Crescente;Céu Claro;Dupla;Curva;Não;3;0;1;2;0;0;3;2;-28,9318049;-51,0959297;SPRF-RS;DEL05-RS;UOP01-DEL05-RS
348681;28/03/2021;domingo;19:20:00;RS;470;229;CARLOS BARBOSA;Ingestão de álcool pelo condutor;Colisão com objeto;Sem Vítimas;Plena Noite;Crescente;Céu Claro;Simples;Reta;Sim;2;0;0;0;1;1;0;2;-29,27852466;-51,49262136;SPRF-RS;DEL06-RS;UOP01-DEL06-RS
348928;29/03/2021;segunda-feira;23:25:00;RS;470;222;GARIBALDI;Velocidade Incompatível;Capotamento;Com Vítimas Feridas;Plena Noite;Decrescente;Céu Claro;Dupla;Reta;Não;1;0;0;1;0;0;1;1;-29,20372835;-51,51786908;SPRF-RS;DEL06-RS;UOP01-DEL06-RS
349173;31/03/2021;quarta-feira;12:40:00;RS;116;166;CAXIAS DO SUL;Ingestão de álcool pelo condutor;Colisão traseira;Com Vítimas Feridas;Pleno dia;Crescente;Céu Claro;Simples;"Declive;Reta";Não;2;0;1;0;1;0;1;2;-29,26709501;-51,15960601;SPRF-RS;DEL05-RS;UOP02-DEL05-RS
349365;01/04/2021;quinta-feira;09:00:00;RS;470;225;GARIBALDI;Velocidade Incompatível;Colisão com objeto;Sem Vítimas;Pleno dia;Crescente;Céu Claro;Simples;Reta;Não;2;0;0;0;2;0;0;1;-29,21454003;-51,51762617;SPRF-RS;DEL06-RS;UOP01-DEL06-RS
349528;02/04/2021;sexta-feira;07:20:00;RS;116;151,9;CAXIAS DO SUL;Velocidade Incompatível;Saída de leito carroçável;Com Vítimas Feridas;Pleno dia;Crescente;Sol;Dupla;Curva;Sim;1;0;1;0;0;0;1;1;-29,17694502;-51,16173896;SPRF-RS;DEL05-RS;UOP01-DEL05-RS
349634;02/04/2021;sexta-feira;17:40:00;RS;470;237,1;CARLOS BARBOSA;Velocidade Incompatível;Saída de leito carroçável;Com Vítimas Feridas;Anoitecer;Decrescente;Céu Claro;Simples;"Declive;Curva";Não;2;0;2;0;0;0;2;1;-29,33645966;-51,50178563;SPRF-RS;DEL06-RS;UOP01-DEL06-RS
349924;04/04/2021;domingo;15:44:00;RS;116;149;CAXIAS DO SUL;Ingestão de álcool pelo condutor;Colisão traseira;Sem Vítimas;Pleno dia;Crescente;Céu Claro;Dupla;Reta;Sim;3;0;0;0;3;0;0;3;-29,15996905;-51,15645292;SPRF-RS;DEL05-RS;UOP01-DEL05-RS
349939;04/04/2021;domingo;18:15:00;RS;470;176,7;VERANOPOLIS;Entrada inopinada do pedestre;Atropelamento de Pedestre;Com Vítimas Feridas;Anoitecer;Decrescente;Nublado;Simples;"Declive;Curva";Sim;3;0;2;1;0;0;3;2;-28,9294441;-51,54286265;SPRF-RS;DEL06-RS;UOP02-DEL06-RS
349943;04/04/2021;domingo;19:55:00;RS;470;224;GARIBALDI;Manobra de mudança de faixa;Colisão lateral mesmo sentido;Com Vítimas Feridas;Plena Noite;Decrescente;Céu Claro;Simples;"Reta;Interseção de Vias";Sim;8;0;4;0;4;0;4;2;-29,21351804;-51,51780626;SPRF-RS;DEL06-RS;UOP01-DEL06-RS
350212;06/04/2021;terça-feira;10:00:00;RS;116;151;CAXIAS DO SUL;Avarias e/ou desgaste excessivo no pneu;Tombamento;Com Vítimas Feridas;Pleno dia;Crescente;Céu Claro;Dupla;Curva;Sim;2;0;2;0;0;0;2;1;-29,18202975;-51,16626835;SPRF-RS;DEL05-RS;UOP01-DEL05-RS
350217;06/04/2021;terça-feira;10:35:00;RS;470;243,9;BARAO;Conversão proibida;Colisão transversal;Com Vítimas Feridas;Pleno dia;Crescente;Céu Claro;Simples;Reta;Sim;2;0;1;0;1;0;1;2;-29,37509783;-51,50086999;SPRF-RS;DEL06-RS;UOP01-DEL06-RS
350311;06/04/2021;terça-feira;18:38:00;RS;470;213;BENTO GONCALVES;Acessar a via sem observar a presença dos outros veículos;Colisão transversal;Com Vítimas Feridas;Anoitecer;Decrescente;Céu Claro;Simples;Reta;Não;2;0;1;0;1;0;1;2;-29,138703;-51,542708;SPRF-RS;DEL06-RS;UOP01-DEL06-RS
350469;07/04/2021;quarta-feira;18:10:00;RS;116;151;CAXIAS DO SUL;Acessar a via sem observar a presença dos outros veículos;Colisão transversal;Com Vítimas Feridas;Anoitecer;Crescente;Nublado;Dupla;Declive;Sim;2;0;1;0;1;0;1;2;-29,18603691;-51,17500305;SPRF-RS;DEL05-RS;UOP01-DEL05-RS
350506;07/04/2021;quarta-feira;21:15:00;RS;116;151,1;CAXIAS DO SUL;Animais na Pista;Atropelamento de Animal;Com Vítimas Feridas;Plena Noite;Crescente;Céu Claro;Dupla;Reta;Sim;1;0;1;0;0;0;1;1;-29,17694502;-51,16173896;SPRF-RS;DEL05-RS;UOP01-DEL05-RS
350862;09/04/2021;sexta-feira;21:45:00;RS;116;154;CAXIAS DO SUL;Reação tardia ou ineficiente do condutor;Colisão com objeto;Sem Vítimas;Plena Noite;Decrescente;Céu Claro;Simples;Rotatória;Sim;1;0;0;0;1;0;0;1;-29,19074818;-51,18073734;SPRF-RS;DEL05-RS;UOP01-DEL05-RS
350891;10/04/2021;sábado;00:40:00;RS;116;114,8;SAO MARCOS;Curva acentuada;Colisão com objeto;Sem Vítimas;Plena Noite;Decrescente;Céu Claro;Simples;Curva;Sim;2;0;0;0;2;0;0;1;-28,968734;-51,07138395;SPRF-RS;DEL05-RS;UOP01-DEL05-RS
350893;09/04/2021;sexta-feira;19:20:00;RS;470;230;CARLOS BARBOSA;Velocidade Incompatível;Colisão traseira;Com Vítimas Feridas;Plena Noite;Decrescente;Céu Claro;Dupla;Reta;Sim;3;0;1;1;1;0;2;2;-29,28072807;-51,49184704;SPRF-RS;DEL06-RS;UOP01-DEL06-RS
350913;10/04/2021;sábado;00:40:00;RS;116;114,8;SAO MARCOS;Curva acentuada;Colisão com objeto;Com Vítimas Feridas;Plena Noite;Crescente;Céu Claro;Simples;Curva;Sim;1;0;1;0;0;0;1;1;-28,968734;-51,07138395;SPRF-RS;DEL05-RS;UOP01-DEL05-RS
350973;19/03/2021;sexta-feira;22:45:00;RS;116;189,6;PICADA CAFE;Reação tardia ou ineficiente do condutor;Saída de leito carroçável;Com Vítimas Feridas;Plena Noite;Crescente;Céu Claro;Simples;Curva;Não;1;0;1;0;0;0;1;1;-29,41439425;-51,12826171;SPRF-RS;DEL05-RS;UOP02-DEL05-RS
351049;10/04/2021;sábado;17:35:00;RS;470;194,8;BENTO GONCALVES;Transitar na contramão;Saída de leito carroçável;Com Vítimas Feridas;Pleno dia;Decrescente;Céu Claro;Simples;Reta;Sim;1;0;1;0;0;0;1;1;-29,05030203;-51,57387285;SPRF-RS;DEL06-RS;UOP02-DEL06-RS
351057;10/04/2021;sábado;15:35:00;RS;470;212;BENTO GONCALVES;Velocidade Incompatível;Tombamento;Com Vítimas Feridas;Pleno dia;Crescente;Céu Claro;Simples;"Curva;Aclive";Não;1;0;1;0;0;0;1;1;-29,1311721;-51,54412793;SPRF-RS;DEL06-RS;UOP01-DEL06-RS
351142;11/04/2021;domingo;08:40:00;RS;470;234,7;CARLOS BARBOSA;Velocidade Incompatível;Saída de leito carroçável;Com Vítimas Feridas;Pleno dia;Decrescente;Céu Claro;Simples;Curva;Não;1;0;1;0;0;0;1;1;-29,29809;-51,48162;SPRF-RS;DEL06-RS;UOP01-DEL06-RS
351216;11/04/2021;domingo;16:15:00;RS;116;204,1;PICADA CAFE;Reação tardia ou ineficiente do condutor;Queda de ocupante de veículo;Com Vítimas Feridas;Pleno dia;Decrescente;Nublado;Simples;Curva;Não;2;0;1;0;1;0;1;1;-29,4949404;-51,14114191;SPRF-RS;DEL05-RS;UOP02-DEL05-RS
351568;13/04/2021;terça-feira;11:10:00;RS;116;149,1;CAXIAS DO SUL;Reação tardia ou ineficiente do condutor;Colisão frontal;Sem Vítimas;Pleno dia;Crescente;Sol;Dupla;Reta;Sim;2;0;0;0;2;0;0;2;-29,15996905;-51,15645292;SPRF-RS;DEL05-RS;UOP01-DEL05-RS
351625;13/04/2021;terça-feira;17:20:00;RS;116;172;CAXIAS DO SUL;Desrespeitar a preferência no cruzamento;Colisão traseira;Com Vítimas Feridas;Anoitecer;Decrescente;Céu Claro;Simples;Interseção de Vias;Sim;2;0;1;0;1;0;1;2;-29,31663009;-51,16927298;SPRF-RS;DEL05-RS;UOP02-DEL05-RS
351989;15/04/2021;quinta-feira;19:45:00;RS;470;227;GARIBALDI;Acumulo de areia ou detritos sobre o pavimento;Colisão com objeto;Com Vítimas Feridas;Plena Noite;Decrescente;Céu Claro;Dupla;Curva;Sim;2;0;2;0;0;0;2;1;-29,21657705;-51,51722624;SPRF-RS;DEL06-RS;UOP01-DEL06-RS
352035;16/04/2021;sexta-feira;03:00:00;RS;116;148,2;CAXIAS DO SUL;Ingestão de álcool pelo condutor;Tombamento;Com Vítimas Feridas;Plena Noite;Decrescente;Nublado;Dupla;Curva;Sim;1;0;1;0;0;0;1;1;-29,15444539;-51,15101681;SPRF-RS;DEL05-RS;UOP01-DEL05-RS
352781;19/04/2021;segunda-feira;16:30:00;RS;116;148,6;CAXIAS DO SUL;Reação tardia ou ineficiente do condutor;Colisão traseira;Com Vítimas Feridas;Pleno dia;Decrescente;Sol;Dupla;Curva;Sim;2;0;1;0;1;0;1;2;-29,15444539;-51,15101681;SPRF-RS;DEL05-RS;UOP01-DEL05-RS
352900;20/04/2021;terça-feira;08:30:00;RS;470;223;GARIBALDI;Desrespeitar a preferência no cruzamento;Colisão transversal;Com Vítimas Feridas;Pleno dia;Decrescente;Céu Claro;Simples;"Declive;Retorno Regulamentado;Curva";Sim;2;0;1;0;1;0;1;2;-29,22732643;-51,51616931;SPRF-RS;DEL06-RS;UOP01-DEL06-RS
352928;20/04/2021;terça-feira;12:25:00;RS;116;149;CAXIAS DO SUL;Pedestre cruzava a pista fora da faixa;Atropelamento de Pedestre;Com Vítimas Feridas;Pleno dia;Decrescente;Céu Claro;Múltipla;Curva;Sim;2;0;1;0;1;0;1;2;-29,15996905;-51,15645292;SPRF-RS;DEL05-RS;UOP01-DEL05-RS
352976;20/04/2021;terça-feira;17:20:00;RS;470;215,1;BENTO GONCALVES;Manobra de mudança de faixa;Colisão lateral mesmo sentido;Com Vítimas Feridas;Pleno dia;Crescente;Céu Claro;Simples;"Interseção de Vias;Reta";Sim;2;0;1;0;1;0;1;2;-29,15999927;-51,52975386;SPRF-RS;DEL06-RS;UOP01-DEL06-RS
353014;20/04/2021;terça-feira;19:55:00;RS;470;222,3;GARIBALDI;Frear bruscamente;Saída de leito carroçável;Com Vítimas Feridas;Plena Noite;Decrescente;Céu Claro;Simples;Reta;Não;2;0;2;0;0;0;2;1;-29,22008862;-51,51652336;SPRF-RS;DEL06-RS;UOP01-DEL06-RS
353152;21/04/2021;quarta-feira;16:45:00;RS;116;211,8;MORRO REUTER;Ingestão de álcool pelo condutor;Colisão frontal;Sem Vítimas;Pleno dia;Crescente;Sol;Simples;Curva;Sim;3;0;0;0;2;1;0;3;-29,51873393;-51,09415299;SPRF-RS;DEL05-RS;UOP02-DEL05-RS
353223;21/04/2021;quarta-feira;13:00:00;RS;470;168;VILA FLORES;Acessar a via sem observar a presença dos outros veículos;Colisão transversal;Com Vítimas Feridas;Pleno dia;Decrescente;Céu Claro;Simples;Interseção de Vias;Sim;2;0;0;1;1;0;1;2;-28,85711814;-51,55698016;SPRF-RS;DEL06-RS;UOP02-DEL06-RS
353398;22/04/2021;quinta-feira;22:50:00;RS;116;149,9;CAXIAS DO SUL;Ingestão de álcool pelo condutor;Colisão traseira;Sem Vítimas;Plena Noite;Decrescente;Céu Claro;Dupla;Interseção de Vias;Sim;2;0;0;0;2;0;0;2;-29,15996905;-51,15645292;SPRF-RS;DEL05-RS;UOP01-DEL05-RS
353426;23/04/2021;sexta-feira;06:30:00;RS;116;153;CAXIAS DO SUL;Ingestão de álcool pelo condutor;Saída de leito carroçável;Com Vítimas Fatais;Pleno dia;Crescente;Céu Claro;Simples;Curva;Sim;3;1;1;0;0;1;1;2;-29,18579758;-51,17713005;SPRF-RS;DEL05-RS;UOP01-DEL05-RS
353628;24/04/2021;sábado;09:30:00;RS;116;206,7;PICADA CAFE;Velocidade Incompatível;Tombamento;Com Vítimas Feridas;Pleno dia;Decrescente;Céu Claro;Simples;Curva;Não;1;0;1;0;0;0;1;1;-29,49966726;-51,1306017;SPRF-RS;DEL05-RS;UOP02-DEL05-RS
353840;25/04/2021;domingo;16:20:00;RS;116;153,5;CAXIAS DO SUL;Ingestão de álcool pelo condutor;Colisão com objeto;Com Vítimas Feridas;Pleno dia;Crescente;Ignorado;Simples;Curva;Sim;4;0;1;0;3;0;1;1;-29,18579758;-51,17713005;SPRF-RS;DEL05-RS;UOP01-DEL05-RS
354533;29/04/2021;quinta-feira;13:50:00;RS;116;153,7;CAXIAS DO SUL;Reação tardia ou ineficiente do condutor;Colisão com objeto;Com Vítimas Feridas;Pleno dia;Crescente;Céu Claro;Dupla;"Rotatória;Curva";Sim;3;0;2;0;0;1;2;2;-29,18779784;-51,1819768;SPRF-RS;DEL05-RS;UOP01-DEL05-RS
354826;30/04/2021;sexta-feira;20:50:00;RS;470;176;VERANOPOLIS;Acessar a via sem observar a presença dos outros veículos;Colisão transversal;Com Vítimas Feridas;Plena Noite;Decrescente;Céu Claro;Simples;Retorno Regulamentado;Sim;2;0;2;0;0;0;2;2;-28,929109;-51,54315;SPRF-RS;DEL06-RS;UOP02-DEL06-RS
354847;30/04/2021;sexta-feira;19:25:00;RS;470;213;BENTO GONCALVES;Pedestre cruzava a pista fora da faixa;Atropelamento de Pedestre;Com Vítimas Feridas;Plena Noite;Crescente;Céu Claro;Simples;Desvio Temporário;Sim;2;0;1;1;0;0;2;2;-29,14852149;-51,53089464;SPRF-RS;DEL06-RS;UOP01-DEL06-RS
355019;01/05/2021;sábado;16:30:00;RS;116;198;PICADA CAFE;Acessar a via sem observar a presença dos outros veículos;Colisão transversal;Com Vítimas Feridas;Pleno dia;Decrescente;Céu Claro;Simples;Reta;Sim;3;0;2;0;1;0;2;2;-29,47732808;-51,14276201;SPRF-RS;DEL05-RS;UOP02-DEL05-RS
355037;01/05/2021;sábado;19:15:00;RS;470;245,5;BARAO;Falta de elemento de contenção que evite a saída do leito carroçável;Saída de leito carroçável;Sem Vítimas;Plena Noite;Crescente;Céu Claro;Simples;Curva;Sim;1;0;0;0;0;1;0;1;-29,38089429;-51,49351001;SPRF-RS;DEL06-RS;UOP01-DEL06-RS
355122;01/05/2021;sábado;23:00:00;RS;470;178;VERANOPOLIS;Desrespeitar a preferência no cruzamento;Colisão transversal;Com Vítimas Feridas;Plena Noite;Crescente;Céu Claro;Simples;Reta;Sim;2;0;2;0;0;0;2;2;-28,94753484;-51,55413312;SPRF-RS;DEL06-RS;UOP02-DEL06-RS
355187;02/05/2021;domingo;14:35:00;RS;116;170,9;CAXIAS DO SUL;Reação tardia ou ineficiente do condutor;Colisão lateral sentido oposto;Com Vítimas Feridas;Pleno dia;Decrescente;Sol;Simples;Curva;Não;3;0;1;0;1;1;1;3;-29,30044589;-51,16453405;SPRF-RS;DEL05-RS;UOP02-DEL05-RS
355264;02/05/2021;domingo;20:30:00;RS;470;212;BENTO GONCALVES;Ausência de reação do condutor;Saída de leito carroçável;Com Vítimas Feridas;Plena Noite;Decrescente;Céu Claro;Dupla;"Declive;Curva";Sim;1;0;1;0;0;0;1;1;-29,1311721;-51,54412793;SPRF-RS;DEL06-RS;UOP01-DEL06-RS
355437;03/05/2021;segunda-feira;18:48:00;RS;116;144,9;CAXIAS DO SUL;Condutor deixou de manter distância do veículo da frente;Colisão traseira;Com Vítimas Feridas;Amanhecer;Decrescente;Céu Claro;Dupla;Declive;Sim;2;0;1;0;1;0;1;2;-29,1267449;-51,12768983;SPRF-RS;DEL05-RS;UOP01-DEL05-RS
355451;03/05/2021;segunda-feira;18:45:00;RS;116;146,5;CAXIAS DO SUL;Condutor deixou de manter distância do veículo da frente;Colisão traseira;Sem Vítimas;Plena Noite;Crescente;Céu Claro;Dupla;Reta;Sim;2;0;0;0;2;0;0;2;-29,14228897;-51,13622202;SPRF-RS;DEL05-RS;UOP01-DEL05-RS
355594;04/05/2021;terça-feira;16:35:00;RS;116;148,5;CAXIAS DO SUL;Transitar no acostamento;Eventos atípicos;Com Vítimas Feridas;Pleno dia;Decrescente;Nublado;Dupla;Reta;Sim;3;0;1;0;2;0;1;2;-29,15444539;-51,15101681;SPRF-RS;DEL05-RS;UOP01-DEL05-RS
355626;04/05/2021;terça-feira;17:00:00;RS;470;215,4;BENTO GONCALVES;Demais falhas mecânicas ou elétricas;Incêndio;Sem Vítimas;Pleno dia;Crescente;Nublado;Simples;Reta;Sim;1;0;0;0;1;0;0;1;-29,150635;-51,530241;SPRF-RS;DEL06-RS;UOP01-DEL06-RS
355627;04/05/2021;terça-feira;18:00:00;RS;470;226,3;GARIBALDI;Acessar a via sem observar a presença dos outros veículos;Colisão transversal;Com Vítimas Feridas;Plena Noite;Decrescente;Nublado;Simples;"Interseção de Vias;Aclive;Reta";Não;3;0;1;0;2;0;1;2;-29,25081111;-51,51373571;SPRF-RS;DEL06-RS;UOP01-DEL06-RS
355964;16/04/2021;sexta-feira;23:14:00;RS;470;218;BENTO GONCALVES;Desrespeitar a preferência no cruzamento;Colisão transversal;Com Vítimas Feridas;Plena Noite;Crescente;Nublado;Simples;"Declive;Interseção de Vias;Curva;Retorno Regulamentado";Sim;2;0;0;1;1;0;1;2;-29,18273978;-51,5200881;SPRF-RS;DEL06-RS;UOP01-DEL06-RS
356308;07/05/2021;sexta-feira;23:15:00;RS;470;151;NOVA PRATA;Ingestão de álcool pelo condutor;Saída de leito carroçável;Com Vítimas Feridas;Plena Noite;Decrescente;Céu Claro;Simples;"Declive;Curva";Não;1;0;1;0;0;0;1;1;-28,75410814;-51,62937821;SPRF-RS;DEL06-RS;UOP02-DEL06-RS
356998;11/05/2021;terça-feira;05:15:00;RS;470;214,1;BENTO GONCALVES;Chuva;Saída de leito carroçável;Com Vítimas Feridas;Amanhecer;Crescente;Chuva;Simples;"Declive;Curva";Sim;1;0;1;0;0;0;1;1;-29,15378313;-51,52957667;SPRF-RS;DEL06-RS;UOP01-DEL06-RS
357766;15/05/2021;sábado;01:50:00;RS;116;147,4;CAXIAS DO SUL;Condutor desrespeitou a iluminação vermelha do semáforo;Colisão transversal;Sem Vítimas;Plena Noite;Decrescente;Céu Claro;Dupla;"Curva;Interseção de Vias";Sim;2;0;0;0;2;0;0;2;-29,15179854;-51,14746213;SPRF-RS;DEL05-RS;UOP01-DEL05-RS
357831;15/05/2021;sábado;09:50:00;RS;116;156;CAXIAS DO SUL;Manobra de mudança de faixa;Colisão lateral mesmo sentido;Com Vítimas Feridas;Pleno dia;Crescente;Céu Claro;Simples;Curva;Sim;2;0;1;0;1;0;1;2;-29,20731013;-51,17757864;SPRF-RS;DEL05-RS;UOP01-DEL05-RS
357857;15/05/2021;sábado;13:50:00;RS;116;122;SAO MARCOS;Manobra de mudança de faixa;Colisão lateral mesmo sentido;Com Vítimas Feridas;Pleno dia;Crescente;Céu Claro;Dupla;Curva;Não;3;0;1;1;1;0;2;3;-29,01040633;-51,07327877;SPRF-RS;DEL05-RS;UOP01-DEL05-RS
358080;16/05/2021;domingo;14:20:00;RS;470;187;VERANOPOLIS;Reação tardia ou ineficiente do condutor;Saída de leito carroçável;Com Vítimas Feridas;Pleno dia;Crescente;Céu Claro;Simples;"Declive;Curva";Não;1;0;1;0;0;0;1;1;-29,00751109;-51,55777697;SPRF-RS;DEL06-RS;UOP02-DEL06-RS
358138;16/05/2021;domingo;16:15:00;RS;116;183;NOVA PETROPOLIS;Acessar a via sem observar a presença dos outros veículos;Colisão transversal;Com Vítimas Feridas;Pleno dia;Decrescente;Céu Claro;Simples;Reta;Não;3;0;2;0;1;0;2;2;-29,38206672;-51,12330599;SPRF-RS;DEL05-RS;UOP02-DEL05-RS
358250;17/05/2021;segunda-feira;06:50:00;RS;116;105,9;SAO MARCOS;Demais falhas mecânicas ou elétricas;Saída de leito carroçável;Sem Vítimas;Amanhecer;Crescente;Nublado;Simples;Curva;Não;1;0;0;0;1;0;0;1;-28,91254612;-51,11046562;SPRF-RS;DEL05-RS;UOP01-DEL05-RS
358341;17/05/2021;segunda-feira;15:30:00;RS;116;113,7;SAO MARCOS;Conversão proibida;Colisão transversal;Com Vítimas Feridas;Pleno dia;Decrescente;Sol;Simples;Curva;Não;3;0;0;1;2;0;1;2;-28,95667906;-51,08016019;SPRF-RS;DEL05-RS;UOP01-DEL05-RS
358372;17/05/2021;segunda-feira;18:20:00;RS;116;146,8;CAXIAS DO SUL;Acessar a via sem observar a presença dos outros veículos;Colisão transversal;Com Vítimas Feridas;Plena Noite;Crescente;Céu Claro;Dupla;"Reta;Interseção de Vias;Declive";Sim;2;0;0;1;1;0;1;2;-29,14228897;-51,13622202;SPRF-RS;DEL05-RS;UOP01-DEL05-RS
358752;19/05/2021;quarta-feira;19:30:00;RS;116;149,9;CAXIAS DO SUL;Reação tardia ou ineficiente do condutor;Colisão traseira;Com Vítimas Feridas;Plena Noite;Decrescente;Céu Claro;Dupla;Reta;Sim;2;0;1;0;1;0;1;2;-29,15996905;-51,15645292;SPRF-RS;DEL05-RS;UOP01-DEL05-RS
358823;20/05/2021;quinta-feira;08:15:00;RS;116;164;CAXIAS DO SUL;Velocidade Incompatível;Saída de leito carroçável;Com Vítimas Feridas;Pleno dia;Crescente;Chuva;Simples;Curva;Não;1;0;1;0;0;0;1;1;-29,26344857;-51,16113999;SPRF-RS;DEL05-RS;UOP02-DEL05-RS
359106;21/05/2021;sexta-feira;18:15:00;RS;116;148,1;CAXIAS DO SUL;Chuva;Colisão traseira;Com Vítimas Feridas;Anoitecer;Crescente;Chuva;Dupla;Curva;Sim;3;0;2;0;1;0;2;3;-29,15444539;-51,15101681;SPRF-RS;DEL05-RS;UOP01-DEL05-RS
359116;20/05/2021;quinta-feira;22:00:00;RS;116;149,2;CAXIAS DO SUL;Chuva;Colisão transversal;Sem Vítimas;Plena Noite;Crescente;Chuva;Dupla;Interseção de Vias;Sim;2;0;0;0;2;0;0;2;-29,15996905;-51,15645292;SPRF-RS;DEL05-RS;UOP01-DEL05-RS
359123;20/05/2021;quinta-feira;21:56:00;RS;116;147;CAXIAS DO SUL;Acessar a via sem observar a presença dos outros veículos;Colisão frontal;Sem Vítimas;Plena Noite;Decrescente;Chuva;Dupla;Reta;Sim;3;0;0;0;3;0;0;2;-29,14908014;-51,1429969;SPRF-RS;DEL05-RS;UOP01-DEL05-RS
359214;22/05/2021;sábado;05:20:00;RS;116;118;SAO MARCOS;Demais falhas mecânicas ou elétricas;Colisão traseira;Com Vítimas Feridas;Plena Noite;Crescente;Nevoeiro/Neblina;Simples;Reta;Não;2;0;1;0;1;0;1;2;-28,99135902;-51,06761399;SPRF-RS;DEL05-RS;UOP01-DEL05-RS
359658;23/05/2021;domingo;18:00:00;RS;116;138,7;CAXIAS DO SUL;Velocidade Incompatível;Colisão frontal;Com Vítimas Fatais;Pleno dia;Crescente;Chuva;Simples;Curva;Não;2;1;0;0;1;0;0;2;-29,08970102;-51,11289119;SPRF-RS;DEL05-RS;UOP01-DEL05-RS
359920;25/05/2021;terça-feira;14:00:00;RS;116;152,3;CAXIAS DO SUL;Manobra de mudança de faixa;Colisão transversal;Com Vítimas Feridas;Pleno dia;Crescente;Céu Claro;Dupla;Curva;Sim;2;0;1;0;1;0;1;2;-29,1829343;-51,16801501;SPRF-RS;DEL05-RS;UOP01-DEL05-RS
360208;27/05/2021;quinta-feira;07:33:00;RS;116;151,7;CAXIAS DO SUL;Acessar a via sem observar a presença dos outros veículos;Colisão transversal;Com Vítimas Feridas;Pleno dia;Decrescente;Céu Claro;Dupla;Interseção de Vias;Sim;2;0;1;0;1;0;1;2;-29,18199553;-51,16621798;SPRF-RS;DEL05-RS;UOP01-DEL05-RS
360601;29/05/2021;sábado;00:45:00;RS;470;218,2;BENTO GONCALVES;Ingestão de álcool pelo condutor;Saída de leito carroçável;Com Vítimas Feridas;Plena Noite;Crescente;Chuva;Simples;Interseção de Vias;Sim;1;0;1;0;0;0;1;1;-29,18233275;-51,52009791;SPRF-RS;DEL06-RS;UOP01-DEL06-RS
360819;29/05/2021;sábado;20:00:00;RS;116;142;CAXIAS DO SUL;Condutor desrespeitou a iluminação vermelha do semáforo;Colisão transversal;Com Vítimas Feridas;Plena Noite;Decrescente;Céu Claro;Dupla;"Interseção de Vias;Reta";Sim;3;0;1;0;1;1;1;3;-29,11858379;-51,11671329;SPRF-RS;DEL05-RS;UOP01-DEL05-RS
360945;30/05/2021;domingo;05:00:00;RS;116;114;SAO MARCOS;Ingestão de álcool pelo condutor;Saída de leito carroçável;Sem Vítimas;Pleno dia;Decrescente;Céu Claro;Simples;Curva;Sim;1;0;0;0;1;0;0;1;-28,96397179;-51,0753428;SPRF-RS;DEL05-RS;UOP01-DEL05-RS
361115;31/05/2021;segunda-feira;06:45:00;RS;470;218;BENTO GONCALVES;Condutor deixou de manter distância do veículo da frente;Colisão traseira;Com Vítimas Feridas;Amanhecer;Crescente;Nevoeiro/Neblina;Simples;"Declive;Curva";Sim;2;0;1;0;1;0;1;2;-29,18196231;-51,52005315;SPRF-RS;DEL06-RS;UOP01-DEL06-RS
361244;31/05/2021;segunda-feira;15:45:00;RS;116;152;CAXIAS DO SUL;Condutor deixou de manter distância do veículo da frente;Colisão traseira;Com Vítimas Feridas;Pleno dia;Decrescente;Céu Claro;Dupla;Declive;Não;2;0;1;0;1;0;1;2;-29,1829343;-51,16801501;SPRF-RS;DEL05-RS;UOP01-DEL05-RS
361291;31/05/2021;segunda-feira;22:50:00;RS;116;142,1;CAXIAS DO SUL;Acessar a via sem observar a presença dos outros veículos;Colisão transversal;Com Vítimas Feridas;Plena Noite;Crescente;Céu Claro;Múltipla;Reta;Sim;3;0;1;0;2;0;1;2;-29,11727;-51,115208;SPRF-RS;DEL05-RS;UOP01-DEL05-RS
361305;31/05/2021;segunda-feira;23:15:00;RS;470;160;NOVA PRATA;Iluminação deficiente;Atropelamento de Pedestre;Com Vítimas Fatais;Plena Noite;Crescente;Céu Claro;Simples;Reta;Sim;2;1;0;0;1;0;0;2;-28,817015;-51,594917;SPRF-RS;DEL06-RS;UOP02-DEL06-RS
361428;01/06/2021;terça-feira;18:13:00;RS;470;223;BENTO GONCALVES;Acesso irregular;Colisão transversal;Com Vítimas Feridas;Anoitecer;Crescente;Céu Claro;Dupla;Reta;Não;2;0;0;1;1;0;1;2;-29,21249203;-51,51794436;SPRF-RS;DEL06-RS;UOP01-DEL06-RS
361716;03/06/2021;quinta-feira;05:45:00;RS;470;223,4;GARIBALDI;Reação tardia ou ineficiente do condutor;Colisão lateral sentido oposto;Sem Vítimas;Amanhecer;Crescente;Céu Claro;Simples;Reta;Sim;3;0;0;0;3;0;0;2;-29,22673656;-51,51615858;SPRF-RS;DEL06-RS;UOP01-DEL06-RS
361965;04/06/2021;sexta-feira;13:50:00;RS;116;212,5;MORRO REUTER;Ingestão de álcool pelo condutor;Colisão frontal;Com Vítimas Feridas;Pleno dia;Crescente;Céu Claro;Simples;Curva;Não;3;0;3;0;0;0;3;2;-29,51873393;-51,09415299;SPRF-RS;DEL05-RS;UOP02-DEL05-RS
362057;04/06/2021;sexta-feira;21:15:00;RS;116;187;PICADA CAFE;Ingestão de álcool pelo condutor;Saída de leito carroçável;Sem Vítimas;Plena Noite;Crescente;Céu Claro;Simples;Reta;Não;1;0;0;0;1;0;0;1;-29,40515985;-51,12600998;SPRF-RS;DEL05-RS;UOP02-DEL05-RS
362214;05/06/2021;sábado;16:14:00;RS;116;206;PICADA CAFE;Acumulo de areia ou detritos sobre o pavimento;Tombamento;Com Vítimas Feridas;Pleno dia;Decrescente;Sol;Simples;Curva;Não;2;0;2;0;0;0;2;1;-29,49966726;-51,1306017;SPRF-RS;DEL05-RS;UOP02-DEL05-RS
362329;06/06/2021;domingo;01:20:00;RS;116;151,2;CAXIAS DO SUL;Velocidade Incompatível;Saída de leito carroçável;Com Vítimas Feridas;Plena Noite;Decrescente;Chuva;Dupla;Curva;Sim;4;0;1;0;3;0;1;1;-29,17694502;-51,16173896;SPRF-RS;DEL05-RS;UOP01-DEL05-RS
362341;06/06/2021;domingo;04:30:00;RS;470;222;GARIBALDI;Ingestão de álcool pelo condutor;Saída de leito carroçável;Sem Vítimas;Plena Noite;Decrescente;Chuva;Simples;Reta;Não;1;0;0;0;0;1;0;1;-29,20372835;-51,51786908;SPRF-RS;DEL06-RS;UOP01-DEL06-RS
362645;07/06/2021;segunda-feira;14:05:00;RS;470;155;NOVA PRATA;Desrespeitar a preferência no cruzamento;Tombamento;Com Vítimas Feridas;Pleno dia;Decrescente;Nublado;Simples;"Declive;Rotatória";Sim;2;0;1;0;1;0;1;2;-28,78243906;-51,61511825;SPRF-RS;DEL06-RS;UOP02-DEL06-RS
362683;07/06/2021;segunda-feira;16:50:00;RS;470;249,5;BARAO;Velocidade Incompatível;Saída de leito carroçável;Com Vítimas Feridas;Pleno dia;Decrescente;Chuva;Simples;"Declive;Curva";Não;3;0;2;0;1;0;2;1;-29,385815;-51,49171;SPRF-RS;DEL06-RS;UOP01-DEL06-RS
362845;05/05/2021;quarta-feira;17:40:00;RS;116;142,7;CAXIAS DO SUL;Reação tardia ou ineficiente do condutor;Colisão traseira;Com Vítimas Feridas;Pleno dia;Decrescente;Chuva;Dupla;Reta;Sim;2;0;0;1;1;0;1;2;-29,11847419;-51,1217313;SPRF-RS;DEL05-RS;UOP01-DEL05-RS
362940;08/06/2021;terça-feira;21:30:00;RS;116;149,4;CAXIAS DO SUL;Pista Escorregadia;Queda de ocupante de veículo;Com Vítimas Feridas;Plena Noite;Decrescente;Garoa/Chuvisco;Dupla;Curva;Sim;1;0;0;1;0;0;1;1;-29,16361992;-51,15849137;SPRF-RS;DEL05-RS;UOP01-DEL05-RS
362965;09/06/2021;quarta-feira;04:00:00;RS;116;205;PICADA CAFE;Pista Escorregadia;Saída de leito carroçável;Com Vítimas Feridas;Plena Noite;Crescente;Nevoeiro/Neblina;Simples;Reta;Não;2;0;1;0;1;0;1;1;-29,49979304;-51,13770408;SPRF-RS;DEL05-RS;UOP02-DEL05-RS
363087;09/06/2021;quarta-feira;18:15:00;RS;116;149,1;CAXIAS DO SUL;Reação tardia ou ineficiente do condutor;Colisão traseira;Com Vítimas Feridas;Plena Noite;Crescente;Céu Claro;Dupla;"Interseção de Vias;Reta";Sim;2;0;1;0;1;0;1;2;-29,15996905;-51,15645292;SPRF-RS;DEL05-RS;UOP01-DEL05-RS
363124;09/06/2021;quarta-feira;18:00:00;RS;470;176;VERANOPOLIS;Acessar a via sem observar a presença dos outros veículos;Colisão transversal;Com Vítimas Feridas;Anoitecer;Crescente;Céu Claro;Simples;"Reta;Retorno Regulamentado";Não;3;0;1;1;1;0;2;2;-28,92668852;-51,54157704;SPRF-RS;DEL06-RS;UOP02-DEL06-RS
363376;11/06/2021;sexta-feira;06:40:00;RS;470;178,9;VERANOPOLIS;Acessar a via sem observar a presença dos outros veículos;Colisão transversal;Com Vítimas Feridas;Amanhecer;Decrescente;Nevoeiro/Neblina;Simples;Reta;Sim;2;0;0;1;1;0;1;2;-28,94753484;-51,55413312;SPRF-RS;DEL06-RS;UOP02-DEL06-RS
363673;12/06/2021;sábado;13:10:00;RS;470;161;NOVA PRATA;Acessar a via sem observar a presença dos outros veículos;Colisão transversal;Sem Vítimas;Pleno dia;Crescente;Céu Claro;Simples;"Reta;Rotatória";Sim;4;0;0;0;4;0;0;2;-28,817015;-51,594917;SPRF-RS;DEL06-RS;UOP02-DEL06-RS
363922;13/06/2021;domingo;15:15:00;RS;116;162;CAXIAS DO SUL;Ausência de reação do condutor;Queda de ocupante de veículo;Com Vítimas Feridas;Pleno dia;Decrescente;Céu Claro;Simples;Reta;Não;2;0;1;0;1;0;1;2;-29,24754637;-51,15737756;SPRF-RS;DEL05-RS;UOP02-DEL05-RS
363974;13/06/2021;domingo;11:30:00;RS;116;208;PICADA CAFE;Curva acentuada;Saída de leito carroçável;Com Vítimas Feridas;Pleno dia;Crescente;Céu Claro;Simples;Curva;Sim;1;0;1;0;0;0;1;1;-29,50493622;-51,1171341;SPRF-RS;DEL05-RS;UOP02-DEL05-RS
363976;13/06/2021;domingo;16:25:00;RS;116;208;PICADA CAFE;Curva acentuada;Saída de leito carroçável;Com Vítimas Feridas;Pleno dia;Decrescente;Céu Claro;Simples;Curva;Não;1;0;1;0;0;0;1;1;-29,50493622;-51,1171341;SPRF-RS;DEL05-RS;UOP02-DEL05-RS
364250;14/06/2021;segunda-feira;20:15:00;RS;116;121,1;SAO MARCOS;Condutor Dormindo;Colisão frontal;Com Vítimas Feridas;Plena Noite;Crescente;Céu Claro;Simples;Curva;Não;2;0;2;0;0;0;2;2;-29,00573128;-51,06932906;SPRF-RS;DEL05-RS;UOP01-DEL05-RS
364264;15/06/2021;terça-feira;00:15:00;RS;116;151,7;CAXIAS DO SUL;Ingestão de álcool pelo condutor;Saída de leito carroçável;Sem Vítimas;Plena Noite;Crescente;Céu Claro;Dupla;Curva;Sim;1;0;0;0;1;0;0;1;-29,17694502;-51,16173896;SPRF-RS;DEL05-RS;UOP01-DEL05-RS
364513;16/06/2021;quarta-feira;15:43:00;RS;116;149,2;CAXIAS DO SUL;Condutor desrespeitou a iluminação vermelha do semáforo;Colisão transversal;Com Vítimas Feridas;Pleno dia;Decrescente;Céu Claro;Dupla;Retorno Regulamentado;Sim;3;0;1;0;1;1;1;3;-29,15996905;-51,15645292;SPRF-RS;DEL05-RS;UOP01-DEL05-RS
364652;17/06/2021;quinta-feira;12:30:00;RS;470;186;VERANOPOLIS;Acessar a via sem observar a presença dos outros veículos;Colisão transversal;Com Vítimas Feridas;Pleno dia;Decrescente;Nublado;Dupla;Reta;Não;3;0;1;0;2;0;1;2;-29,00634714;-51,54974121;SPRF-RS;DEL06-RS;UOP02-DEL06-RS
364669;17/06/2021;quinta-feira;13:15:00;RS;470;153;NOVA PRATA;Acessar a via sem observar a presença dos outros veículos;Colisão transversal;Sem Vítimas;Pleno dia;Decrescente;Céu Claro;Simples;"Interseção de Vias;Reta";Não;2;0;0;0;2;0;0;2;-28,77133;-51,61788;SPRF-RS;DEL06-RS;UOP02-DEL06-RS
364692;17/06/2021;quinta-feira;15:25:00;RS;470;224;GARIBALDI;Acessar a via sem observar a presença dos outros veículos;Colisão transversal;Com Vítimas Feridas;Pleno dia;Crescente;Céu Claro;Simples;"Retorno Regulamentado;Reta";Não;3;0;0;1;2;0;1;2;-29,21351804;-51,51780626;SPRF-RS;DEL06-RS;UOP01-DEL06-RS
364935;18/06/2021;sexta-feira;18:05:00;RS;116;207,7;PICADA CAFE;Demais falhas mecânicas ou elétricas;Incêndio;Sem Vítimas;Anoitecer;Decrescente;Nublado;Simples;Reta;Não;3;0;0;0;2;1;0;2;-29,49944247;-51,12184894;SPRF-RS;DEL05-RS;UOP02-DEL05-RS
365040;19/06/2021;sábado;05:59:00;RS;116;152,2;CAXIAS DO SUL;Pista Escorregadia;Colisão com objeto;Sem Vítimas;Plena Noite;Crescente;Garoa/Chuvisco;Simples;Curva;Sim;1;0;0;0;1;0;0;1;-29,1829343;-51,16801501;SPRF-RS;DEL05-RS;UOP01-DEL05-RS
365068;19/06/2021;sábado;08:40:00;RS;470;194,1;BENTO GONCALVES;Velocidade Incompatível;Colisão frontal;Com Vítimas Feridas;Pleno dia;Decrescente;Chuva;Simples;"Curva;Aclive";Não;7;0;2;0;5;0;2;2;-29,05030203;-51,57387285;SPRF-RS;DEL06-RS;UOP02-DEL06-RS
365232;19/06/2021;sábado;23:45:00;RS;470;226;GARIBALDI;Ingestão de álcool pelo condutor;Colisão com objeto;Sem Vítimas;Plena Noite;Decrescente;Nevoeiro/Neblina;Simples;Curva;Sim;3;0;0;0;3;0;0;1;-29,25458456;-51,51153445;SPRF-RS;DEL06-RS;UOP01-DEL06-RS
365381;20/06/2021;domingo;17:45:00;RS;470;226;GARIBALDI;Acessar a via sem observar a presença dos outros veículos;Colisão transversal;Com Vítimas Feridas;Plena Noite;Decrescente;Nevoeiro/Neblina;Dupla;Reta;Sim;4;0;2;0;1;1;2;2;-29,25486425;-51,51140755;SPRF-RS;DEL06-RS;UOP01-DEL06-RS
365435;20/06/2021;domingo;21:20:00;RS;116;146;CAXIAS DO SUL;Manobra de mudança de faixa;Colisão traseira;Com Vítimas Feridas;Plena Noite;Crescente;Nublado;Dupla;Reta;Sim;2;0;1;0;0;1;1;2;-29,14228897;-51,13622202;SPRF-RS;DEL05-RS;UOP01-DEL05-RS
365481;21/06/2021;segunda-feira;06:30:00;RS;470;225;GARIBALDI;Acessar a via sem observar a presença dos outros veículos;Colisão transversal;Com Vítimas Feridas;Amanhecer;Decrescente;Nublado;Simples;Rotatória;Sim;3;0;1;0;2;0;1;2;-29,21454003;-51,51762617;SPRF-RS;DEL06-RS;UOP01-DEL06-RS
365483;21/06/2021;segunda-feira;06:40:00;RS;116;157;CAXIAS DO SUL;Desrespeitar a preferência no cruzamento;Colisão transversal;Com Vítimas Feridas;Pleno dia;Crescente;Nublado;Simples;"Declive;Curva";Sim;2;0;1;0;1;0;1;2;-29,21503981;-51,17675573;SPRF-RS;DEL05-RS;UOP01-DEL05-RS
365550;03/06/2021;quinta-feira;16:15:00;RS;116;160,8;CAXIAS DO SUL;Velocidade Incompatível;Colisão frontal;Com Vítimas Feridas;Pleno dia;Decrescente;Céu Claro;Simples;Curva;Sim;3;0;0;1;2;0;1;3;-29,23348323;-51,1574333;SPRF-RS;DEL05-RS;UOP01-DEL05-RS
366032;05/06/2021;sábado;16:30:00;RS;116;103;SAO MARCOS;Velocidade Incompatível;Colisão com objeto;Com Vítimas Feridas;Pleno dia;Crescente;Sol;Simples;Curva;Não;1;0;1;0;0;0;1;1;-28,90425502;-51,12468362;SPRF-RS;DEL05-RS;UOP01-DEL05-RS
366503;26/06/2021;sábado;04:40:00;RS;470;228;GARIBALDI;Ingestão de álcool pelo condutor;Colisão lateral mesmo sentido;Sem Vítimas;Plena Noite;Crescente;Nublado;Simples;Reta;Não;2;0;0;0;1;1;0;2;-29,26689593;-51,50000095;SPRF-RS;DEL06-RS;UOP01-DEL06-RS
366720;27/06/2021;domingo;03:50:00;RS;470;222,2;BENTO GONCALVES;Reação tardia ou ineficiente do condutor;Saída de leito carroçável;Sem Vítimas;Plena Noite;Decrescente;Chuva;Simples;"Rotatória;Interseção de Vias";Não;1;0;0;0;0;1;0;1;-29,22153841;-51,51619613;SPRF-RS;DEL06-RS;UOP01-DEL06-RS
366956;28/06/2021;segunda-feira;06:59:00;RS;470;213;BENTO GONCALVES;Desrespeitar a preferência no cruzamento;Colisão transversal;Com Vítimas Feridas;Pleno dia;Crescente;Céu Claro;Simples;Interseção de Vias;Sim;2;0;0;1;1;0;1;2;-29,138703;-51,542708;SPRF-RS;DEL06-RS;UOP01-DEL06-RS
367025;28/06/2021;segunda-feira;14:00:00;RS;470;179;VERANOPOLIS;Acessar a via sem observar a presença dos outros veículos;Colisão transversal;Com Vítimas Feridas;Pleno dia;Decrescente;Céu Claro;Dupla;Reta;Não;2;0;1;0;1;0;1;2;-28,95614928;-51,56242466;SPRF-RS;DEL06-RS;UOP02-DEL06-RS
367033;24/06/2021;quinta-feira;23:10:00;RS;116;149,1;CAXIAS DO SUL;Desrespeitar a preferência no cruzamento;Colisão transversal;Sem Vítimas;Plena Noite;Crescente;Nublado;Múltipla;Reta;Sim;3;0;0;0;1;2;0;3;-29,16226656;-51,15717357;SPRF-RS;DEL05-RS;UOP01-DEL05-RS
367193;29/06/2021;terça-feira;11:25:00;RS;116;149;CAXIAS DO SUL;Frear bruscamente;Colisão traseira;Com Vítimas Feridas;Pleno dia;Crescente;Nublado;Múltipla;"Declive;Reta";Sim;2;0;1;0;1;0;1;2;-29,15996905;-51,15645292;SPRF-RS;DEL05-RS;UOP01-DEL05-RS
367567;01/07/2021;quinta-feira;13:10:00;RS;470;216;BENTO GONCALVES;Condutor deixou de manter distância do veículo da frente;Colisão traseira;Com Vítimas Feridas;Pleno dia;Crescente;Céu Claro;Dupla;Curva;Sim;3;0;1;0;2;0;1;2;-29,172923;-51,524232;SPRF-RS;DEL06-RS;UOP01-DEL06-RS
367674;01/07/2021;quinta-feira;21:12:00;RS;116;147,1;CAXIAS DO SUL;Transitar no acostamento;Eventos atípicos;Com Vítimas Feridas;Plena Noite;Crescente;Céu Claro;Dupla;Declive;Sim;1;0;1;0;0;0;1;1;-29,14908014;-51,1429969;SPRF-RS;DEL05-RS;UOP01-DEL05-RS
367781;02/07/2021;sexta-feira;13:15:00;RS;470;218;BENTO GONCALVES;Ingestão de álcool pelo condutor;Saída de leito carroçável;Com Vítimas Feridas;Pleno dia;Crescente;Céu Claro;Simples;Reta;Sim;1;0;1;0;0;0;1;1;-29,17292214;-51,52424936;SPRF-RS;DEL06-RS;UOP01-DEL06-RS
367865;02/07/2021;sexta-feira;19:20:00;RS;470;195;BENTO GONCALVES;Velocidade Incompatível;Saída de leito carroçável;Sem Vítimas;Plena Noite;Decrescente;Céu Claro;Simples;Curva;Não;3;0;0;0;3;0;0;1;-29,05097073;-51,58205288;SPRF-RS;DEL06-RS;UOP02-DEL06-RS
368028;03/07/2021;sábado;12:20:00;RS;470;180;VERANOPOLIS;Condutor deixou de manter distância do veículo da frente;Colisão traseira;Com Vítimas Feridas;Pleno dia;Crescente;Céu Claro;Simples;Reta;Sim;3;0;1;0;2;0;1;2;-28,96481707;-51,56355732;SPRF-RS;DEL06-RS;UOP02-DEL06-RS
368038;03/07/2021;sábado;08:30:00;RS;470;168;VILA FLORES;Conversão proibida;Colisão transversal;Com Vítimas Feridas;Pleno dia;Decrescente;Céu Claro;Simples;Reta;Não;2;0;1;0;1;0;1;2;-28,85711814;-51,55698016;SPRF-RS;DEL06-RS;UOP02-DEL06-RS
368082;03/07/2021;sábado;17:10:00;RS;470;211;BENTO GONCALVES;Reação tardia ou ineficiente do condutor;Colisão frontal;Com Vítimas Feridas;Pleno dia;Crescente;Céu Claro;Simples;Curva;Não;4;0;4;0;0;0;4;2;-29,12453775;-51,54360394;SPRF-RS;DEL06-RS;UOP01-DEL06-RS
368279;04/07/2021;domingo;15:00:00;RS;470;234,4;CARLOS BARBOSA;Velocidade Incompatível;Saída de leito carroçável;Com Vítimas Fatais;Pleno dia;Crescente;Nublado;Simples;Curva;Não;1;1;0;0;0;0;0;1;-29,26860496;-51,49925287;SPRF-RS;DEL06-RS;UOP01-DEL06-RS
368295;04/07/2021;domingo;14:15:00;RS;116;201,2;PICADA CAFE;Velocidade Incompatível;Saída de leito carroçável;Com Vítimas Feridas;Pleno dia;Crescente;Céu Claro;Simples;Curva;Não;1;0;1;0;0;0;1;1;-29,48398591;-51,14477293;SPRF-RS;DEL05-RS;UOP02-DEL05-RS
368300;04/07/2021;domingo;13:15:00;RS;116;166;CAXIAS DO SUL;Curva acentuada;Saída de leito carroçável;Com Vítimas Feridas;Pleno dia;Crescente;Céu Claro;Simples;Curva;Não;1;0;1;0;0;0;1;1;-29,26709501;-51,15960601;SPRF-RS;DEL05-RS;UOP02-DEL05-RS
368327;04/07/2021;domingo;11:00:00;RS;116;218,5;MORRO REUTER;Acesso irregular;Colisão transversal;Com Vítimas Feridas;Pleno dia;Crescente;Céu Claro;Simples;Reta;Não;2;0;1;0;1;0;1;2;-29,55121993;-51,08906202;SPRF-RS;DEL05-RS;UOP02-DEL05-RS
369072;08/07/2021;quinta-feira;00:30:00;RS;470;185;VERANOPOLIS;Ingestão de álcool pelo condutor;Capotamento;Com Vítimas Feridas;Plena Noite;Crescente;Céu Claro;Simples;"Declive;Curva";Não;1;0;1;0;0;0;1;1;-29,0072396;-51,54793739;SPRF-RS;DEL06-RS;UOP02-DEL06-RS
369355;09/07/2021;sexta-feira;11:50:00;RS;116;153,8;CAXIAS DO SUL;Acessar a via sem observar a presença dos outros veículos;Colisão transversal;Sem Vítimas;Pleno dia;Crescente;Céu Claro;Simples;Rotatória;Sim;2;0;0;0;1;1;0;2;-29,18579758;-51,17713005;SPRF-RS;DEL05-RS;UOP01-DEL05-RS
369510;09/07/2021;sexta-feira;22:10:00;RS;116;152;CAXIAS DO SUL;Velocidade Incompatível;Engavetamento;Sem Vítimas;Plena Noite;Decrescente;Céu Claro;Dupla;Reta;Sim;5;0;0;0;4;1;0;3;-29,1829343;-51,16801501;SPRF-RS;DEL05-RS;UOP01-DEL05-RS
369512;09/07/2021;sexta-feira;23:20:00;RS;470;158;NOVA PRATA;Transitar na contramão;Colisão frontal;Sem Vítimas;Plena Noite;Crescente;Céu Claro;Simples;Curva;Não;5;0;0;0;4;1;0;2;-28,79887793;-51,61170959;SPRF-RS;DEL06-RS;UOP02-DEL06-RS
369646;10/07/2021;sábado;15:09:00;RS;470;196;BENTO GONCALVES;Reação tardia ou ineficiente do condutor;Colisão traseira;Com Vítimas Feridas;Pleno dia;Crescente;Céu Claro;Simples;Reta;Não;3;0;2;0;1;0;2;2;-29,0507769;-51,58237696;SPRF-RS;DEL06-RS;UOP02-DEL06-RS
369660;10/07/2021;sábado;16:50:00;RS;116;147,2;CAXIAS DO SUL;Acessar a via sem observar a presença dos outros veículos;Colisão lateral mesmo sentido;Sem Vítimas;Pleno dia;Crescente;Céu Claro;Dupla;Reta;Sim;4;0;0;0;3;1;0;2;-29,14908014;-51,1429969;SPRF-RS;DEL05-RS;UOP01-DEL05-RS
369729;10/07/2021;sábado;15:50:00;RS;470;227;GARIBALDI;Ingestão de álcool pelo condutor;Saída de leito carroçável;Sem Vítimas;Pleno dia;Decrescente;Céu Claro;Dupla;Reta;Não;2;0;0;0;1;1;0;2;-29,26092027;-51,50716966;SPRF-RS;DEL06-RS;UOP01-DEL06-RS
369911;11/07/2021;domingo;14:10:00;RS;116;148;CAXIAS DO SUL;Velocidade Incompatível;Tombamento;Com Vítimas Feridas;Pleno dia;Crescente;Céu Claro;Dupla;Curva;Sim;1;0;1;0;0;0;1;1;-29,15444539;-51,15101681;SPRF-RS;DEL05-RS;UOP01-DEL05-RS
370236;12/07/2021;segunda-feira;18:20:00;RS;116;146;CAXIAS DO SUL;Pedestre andava na pista;Atropelamento de Pedestre;Com Vítimas Fatais;Plena Noite;Decrescente;Céu Claro;Dupla;Reta;Sim;3;1;1;0;0;1;1;3;-29,14228897;-51,13622202;SPRF-RS;DEL05-RS;UOP01-DEL05-RS
370268;12/07/2021;segunda-feira;18:30:00;RS;116;106;SAO MARCOS;Ingestão de álcool pelo condutor;Saída de leito carroçável;Com Vítimas Feridas;Plena Noite;Decrescente;Céu Claro;Simples;Curva;Não;1;0;1;0;0;0;1;1;-28,91804795;-51,10840291;SPRF-RS;DEL05-RS;UOP01-DEL05-RS
370476;13/07/2021;terça-feira;23:30:00;RS;470;208,7;BENTO GONCALVES;Transitar na contramão;Colisão frontal;Com Vítimas Fatais;Plena Noite;Crescente;Nublado;Simples;Curva;Não;2;1;0;1;0;0;1;2;-29,113881;-51,543803;SPRF-RS;DEL06-RS;UOP01-DEL06-RS
371081;16/07/2021;sexta-feira;19:05:00;RS;116;149,5;CAXIAS DO SUL;Condutor deixou de manter distância do veículo da frente;Colisão traseira;Com Vítimas Feridas;Plena Noite;Decrescente;Céu Claro;Dupla;Reta;Sim;3;0;1;0;2;0;1;2;-29,15996905;-51,15645292;SPRF-RS;DEL05-RS;UOP01-DEL05-RS
371180;17/07/2021;sábado;12:00:00;RS;470;194;BENTO GONCALVES;Reação tardia ou ineficiente do condutor;Tombamento;Com Vítimas Feridas;Pleno dia;Crescente;Sol;Simples;"Curva;Aclive";Não;2;0;2;0;0;0;2;1;-29,05071124;-51,5742445;SPRF-RS;DEL06-RS;UOP02-DEL06-RS
371270;17/07/2021;sábado;19:15:00;RS;116;149,9;CAXIAS DO SUL;Reação tardia ou ineficiente do condutor;Colisão traseira;Com Vítimas Feridas;Plena Noite;Decrescente;Céu Claro;Dupla;Reta;Sim;4;0;1;0;3;0;1;2;-29,15996905;-51,15645292;SPRF-RS;DEL05-RS;UOP01-DEL05-RS
371423;18/07/2021;domingo;14:50:00;RS;116;215,1;MORRO REUTER;Desrespeitar a preferência no cruzamento;Colisão transversal;Com Vítimas Feridas;Pleno dia;Crescente;Sol;Simples;Curva;Não;4;0;1;0;3;0;1;2;-29,53533417;-51,08499002;SPRF-RS;DEL05-RS;UOP02-DEL05-RS
371837;20/07/2021;terça-feira;17:30:00;RS;470;178,9;VERANOPOLIS;Acessar a via sem observar a presença dos outros veículos;Colisão transversal;Com Vítimas Feridas;Anoitecer;Decrescente;Nublado;Simples;Reta;Sim;3;0;2;0;1;0;2;2;-28,94753484;-51,55413312;SPRF-RS;DEL06-RS;UOP02-DEL06-RS
372055;21/07/2021;quarta-feira;19:10:00;RS;470;238;CARLOS BARBOSA;Falta de acostamento;Colisão transversal;Com Vítimas Feridas;Plena Noite;Decrescente;Céu Claro;Simples;Curva;Sim;2;0;1;0;1;0;1;2;-29,33794;-51,504517;SPRF-RS;DEL06-RS;UOP01-DEL06-RS
372087;21/07/2021;quarta-feira;23:00:00;RS;116;151,5;CAXIAS DO SUL;Ingestão de álcool e/ou substâncias psicoativas pelo pedestre;Colisão com objeto;Com Vítimas Feridas;Plena Noite;Crescente;Céu Claro;Dupla;Curva;Sim;2;0;1;1;0;0;2;1;-29,18075907;-51,16422242;SPRF-RS;DEL05-RS;UOP01-DEL05-RS
372101;22/07/2021;quinta-feira;01:00:00;RS;470;222;BENTO GONCALVES;Ausência de reação do condutor;Saída de leito carroçável;Sem Vítimas;Plena Noite;Decrescente;Céu Claro;Dupla;"Curva;Retorno Regulamentado";Sim;1;0;0;0;0;1;0;1;-29,20372835;-51,51786908;SPRF-RS;DEL06-RS;UOP01-DEL06-RS
372206;22/07/2021;quinta-feira;17:55:00;RS;116;149,3;CAXIAS DO SUL;Manobra de mudança de faixa;Colisão lateral mesmo sentido;Com Vítimas Feridas;Anoitecer;Crescente;Céu Claro;Dupla;Declive;Sim;3;0;1;0;2;0;1;3;-29,15996905;-51,15645292;SPRF-RS;DEL05-RS;UOP01-DEL05-RS
372258;22/07/2021;quinta-feira;23:18:00;RS;116;137,2;CAXIAS DO SUL;Curva acentuada;Colisão frontal;Com Vítimas Feridas;Plena Noite;Decrescente;Céu Claro;Simples;"Curva;Aclive";Não;4;0;4;0;0;0;4;2;-29,08114701;-51,11228512;SPRF-RS;DEL05-RS;UOP01-DEL05-RS
372515;24/07/2021;sábado;06:00:00;RS;470;218;BENTO GONCALVES;Ausência de reação do condutor;Colisão traseira;Sem Vítimas;Plena Noite;Crescente;Céu Claro;Simples;"Declive;Curva";Não;2;0;0;0;0;2;0;2;-29,18897377;-51,5220291;SPRF-RS;DEL06-RS;UOP01-DEL06-RS
372830;25/07/2021;domingo;13:00:00;RS;470;221;GARIBALDI;Ultrapassagem Indevida;Colisão lateral mesmo sentido;Com Vítimas Feridas;Pleno dia;Crescente;Céu Claro;Simples;Reta;Sim;3;0;2;0;1;0;2;2;-29,19516365;-51,51950463;SPRF-RS;DEL06-RS;UOP01-DEL06-RS
372853;25/07/2021;domingo;15:15:00;RS;470;180,4;VERANOPOLIS;Desrespeitar a preferência no cruzamento;Colisão transversal;Com Vítimas Feridas;Pleno dia;Decrescente;Nublado;Simples;Interseção de Vias;Não;2;0;1;0;1;0;1;2;-28,96031398;-51,56394482;SPRF-RS;DEL06-RS;UOP02-DEL06-RS
373161;27/07/2021;terça-feira;03:25:00;RS;116;136,5;CAXIAS DO SUL;Reação tardia ou ineficiente do condutor;Colisão com objeto;Sem Vítimas;Plena Noite;Decrescente;Garoa/Chuvisco;Simples;Reta;Sim;2;0;0;0;2;0;0;1;-29,075135;-51,106044;SPRF-RS;DEL05-RS;UOP01-DEL05-RS
373416;28/07/2021;quarta-feira;17:13:00;RS;470;213;BENTO GONCALVES;Acessar a via sem observar a presença dos outros veículos;Colisão transversal;Sem Vítimas;Anoitecer;Crescente;Garoa/Chuvisco;Simples;Em Obras;Sim;3;0;0;0;3;0;0;2;-29,138703;-51,542708;SPRF-RS;DEL06-RS;UOP01-DEL06-RS
373552;29/07/2021;quinta-feira;10:00:00;RS;116;147,4;CAXIAS DO SUL;Ingestão de álcool pelo condutor;Engavetamento;Sem Vítimas;Pleno dia;Crescente;Nublado;Dupla;Reta;Sim;4;0;0;0;4;0;0;4;-29,14908014;-51,1429969;SPRF-RS;DEL05-RS;UOP01-DEL05-RS
373662;29/07/2021;quinta-feira;21:45:00;RS;116;152,3;CAXIAS DO SUL;Manobra de mudança de faixa;Colisão lateral mesmo sentido;Com Vítimas Feridas;Plena Noite;Crescente;Nublado;Dupla;Curva;Sim;2;0;1;0;1;0;1;2;-29,18287091;-51,16856575;SPRF-RS;DEL05-RS;UOP01-DEL05-RS
374060;31/07/2021;sábado;16:15:00;RS;116;186,1;NOVA PETROPOLIS;Mal súbito do condutor;Saída de leito carroçável;Com Vítimas Feridas;Pleno dia;Crescente;Céu Claro;Simples;Declive;Não;1;0;1;0;0;0;1;1;-29,39850319;-51,12755022;SPRF-RS;DEL05-RS;UOP02-DEL05-RS
374246;01/08/2021;domingo;09:40:00;RS;470;196,1;BENTO GONCALVES;Velocidade Incompatível;Colisão com objeto;Com Vítimas Feridas;Pleno dia;Crescente;Céu Claro;Simples;Curva;Não;1;0;0;1;0;0;1;1;-29,04900776;-51,59206912;SPRF-RS;DEL06-RS;UOP02-DEL06-RS
374385;01/08/2021;domingo;23:10:00;RS;470;224;GARIBALDI;Velocidade Incompatível;Colisão com objeto;Sem Vítimas;Plena Noite;Crescente;Céu Claro;Dupla;Reta;Não;2;0;0;0;2;0;0;1;-29,21351804;-51,51780626;SPRF-RS;DEL06-RS;UOP01-DEL06-RS
374686;03/08/2021;terça-feira;17:10:00;RS;116;143,9;CAXIAS DO SUL;Acumulo de areia ou detritos sobre o pavimento;Tombamento;Com Vítimas Feridas;Pleno dia;Decrescente;Céu Claro;Dupla;Curva;Sim;1;0;1;0;0;0;1;1;-29,1201739;-51,12260651;SPRF-RS;DEL05-RS;UOP01-DEL05-RS
374844;04/08/2021;quarta-feira;15:50:00;RS;470;196;BENTO GONCALVES;Ingestão de álcool e/ou substâncias psicoativas pelo pedestre;Colisão traseira;Com Vítimas Feridas;Pleno dia;Decrescente;Céu Claro;Simples;Reta;Não;2;0;0;1;1;0;1;2;-29,04890129;-51,59140303;SPRF-RS;DEL06-RS;UOP02-DEL06-RS
374897;10/07/2021;sábado;13:15:00;RS;116;192;NOVA PETROPOLIS;Reação tardia ou ineficiente do condutor;Colisão frontal;Com Vítimas Feridas;Pleno dia;Crescente;Céu Claro;Simples;Curva;Não;3;0;0;1;2;0;1;2;-29,43332367;-51,13413876;SPRF-RS;DEL05-RS;UOP02-DEL05-RS
375147;06/08/2021;sexta-feira;01:15:00;RS;116;151,7;CAXIAS DO SUL;Ingestão de álcool pelo condutor;Colisão com objeto;Sem Vítimas;Plena Noite;Crescente;Céu Claro;Dupla;Reta;Sim;1;0;0;0;1;0;0;1;-29,17694502;-51,16173896;SPRF-RS;DEL05-RS;UOP01-DEL05-RS
375511;07/08/2021;sábado;14:55:00;RS;470;228;GARIBALDI;Ingestão de álcool pelo condutor;Colisão transversal;Sem Vítimas;Pleno dia;Decrescente;Céu Claro;Simples;"Declive;Rotatória;Reta";Sim;7;0;0;0;7;0;0;2;-29,21759706;-51,51703722;SPRF-RS;DEL06-RS;UOP01-DEL06-RS
375789;08/08/2021;domingo;14:40:00;RS;116;180,9;NOVA PETROPOLIS;Frear bruscamente;Queda de ocupante de veículo;Com Vítimas Feridas;Pleno dia;Crescente;Céu Claro;Simples;Reta;Não;3;0;2;0;1;0;2;2;-29,364582;-51,130638;SPRF-RS;DEL05-RS;UOP02-DEL05-RS
376173;09/08/2021;segunda-feira;16:00:00;RS;116;142,5;CAXIAS DO SUL;Velocidade Incompatível;Queda de ocupante de veículo;Com Vítimas Feridas;Pleno dia;Crescente;Céu Claro;Dupla;Curva;Sim;2;0;1;0;1;0;1;2;-29,11727;-51,115208;SPRF-RS;DEL05-RS;UOP01-DEL05-RS
376498;11/08/2021;quarta-feira;17:00:00;RS;116;143;CAXIAS DO SUL;Condutor deixou de manter distância do veículo da frente;Engavetamento;Sem Vítimas;Pleno dia;Crescente;Céu Claro;Dupla;Reta;Sim;4;0;0;0;4;0;0;4;-29,1201739;-51,12260651;SPRF-RS;DEL05-RS;UOP01-DEL05-RS
376508;11/08/2021;quarta-feira;17:36:00;RS;470;221;BENTO GONCALVES;Acessar a via sem observar a presença dos outros veículos;Colisão transversal;Sem Vítimas;Pleno dia;Crescente;Nublado;Simples;Rotatória;Sim;3;0;0;0;3;0;0;2;-29,19516365;-51,51950463;SPRF-RS;DEL06-RS;UOP01-DEL06-RS
376597;12/08/2021;quinta-feira;07:52:00;RS;116;149,6;CAXIAS DO SUL;Condutor deixou de manter distância do veículo da frente;Colisão traseira;Com Vítimas Feridas;Pleno dia;Decrescente;Sol;Dupla;Reta;Sim;2;0;1;0;1;0;1;2;-29,15996905;-51,15645292;SPRF-RS;DEL05-RS;UOP01-DEL05-RS
376934;13/08/2021;sexta-feira;22:30:00;RS;116;147;CAXIAS DO SUL;Demais falhas mecânicas ou elétricas;Incêndio;Sem Vítimas;Plena Noite;Crescente;Céu Claro;Dupla;Reta;Sim;2;0;0;0;1;1;0;2;-29,14908014;-51,1429969;SPRF-RS;DEL05-RS;UOP01-DEL05-RS
376984;14/08/2021;sábado;05:50:00;RS;470;205;BENTO GONCALVES;Transitar na contramão;Colisão frontal;Com Vítimas Feridas;Plena Noite;Decrescente;Céu Claro;Simples;Curva;Não;2;0;1;0;0;1;1;2;-29,08303999;-51,56096429;SPRF-RS;DEL06-RS;UOP01-DEL06-RS
377053;14/08/2021;sábado;12:40:00;RS;470;228;GARIBALDI;Desrespeitar a preferência no cruzamento;Colisão transversal;Com Vítimas Feridas;Pleno dia;Decrescente;Céu Claro;Simples;Aclive;Não;2;0;1;0;1;0;1;2;-29,21759706;-51,51703722;SPRF-RS;DEL06-RS;UOP01-DEL06-RS
377115;14/08/2021;sábado;18:50:00;RS;470;216,9;BENTO GONCALVES;Reação tardia ou ineficiente do condutor;Atropelamento de Pedestre;Com Vítimas Feridas;Plena Noite;Crescente;Nublado;Dupla;Curva;Sim;2;0;1;0;1;0;1;2;-29,15887096;-51,53142395;SPRF-RS;DEL06-RS;UOP01-DEL06-RS
377145;14/08/2021;sábado;17:30:00;RS;116;215;MORRO REUTER;Velocidade Incompatível;Tombamento;Com Vítimas Feridas;Pleno dia;Crescente;Céu Claro;Simples;Curva;Não;1;0;0;1;0;0;1;1;-29,53533417;-51,08499002;SPRF-RS;DEL05-RS;UOP02-DEL05-RS
377249;15/08/2021;domingo;09:40:00;RS;116;206,8;PICADA CAFE;Velocidade Incompatível;Tombamento;Com Vítimas Feridas;Pleno dia;Decrescente;Nublado;Simples;Curva;Não;1;0;1;0;0;0;1;1;-29,49966726;-51,1306017;SPRF-RS;DEL05-RS;UOP02-DEL05-RS
377402;16/08/2021;segunda-feira;03:40:00;RS;116;151;CAXIAS DO SUL;Ingestão de álcool pelo condutor;Saída de leito carroçável;Sem Vítimas;Plena Noite;Crescente;Céu Claro;Dupla;Curva;Sim;1;0;0;0;1;0;0;1;-29,17694502;-51,16173896;SPRF-RS;DEL05-RS;UOP01-DEL05-RS
377887;18/08/2021;quarta-feira;18:55:00;RS;116;144,4;CAXIAS DO SUL;Acessar a via sem observar a presença dos outros veículos;Colisão lateral mesmo sentido;Com Vítimas Feridas;Plena Noite;Crescente;Céu Claro;Dupla;Reta;Sim;2;0;1;0;1;0;1;2;-29,1267449;-51,12768983;SPRF-RS;DEL05-RS;UOP01-DEL05-RS
377907;18/08/2021;quarta-feira;22:00:00;RS;470;213;BENTO GONCALVES;Acessar a via sem observar a presença dos outros veículos;Colisão transversal;Com Vítimas Feridas;Plena Noite;Crescente;Nublado;Simples;Em Obras;Sim;3;0;2;0;1;0;2;2;-29,138703;-51,542708;SPRF-RS;DEL06-RS;UOP01-DEL06-RS
377955;19/08/2021;quinta-feira;08:07:00;RS;116;147,3;CAXIAS DO SUL;Condutor desrespeitou a iluminação vermelha do semáforo;Colisão transversal;Sem Vítimas;Pleno dia;Crescente;Céu Claro;Dupla;Interseção de Vias;Sim;2;0;0;0;2;0;0;2;-29,14908014;-51,1429969;SPRF-RS;DEL05-RS;UOP01-DEL05-RS
378512;21/08/2021;sábado;16:40:00;RS;116;158,2;CAXIAS DO SUL;Ingestão de álcool pelo condutor;Colisão com objeto;Sem Vítimas;Pleno dia;Decrescente;Nublado;Simples;Reta;Não;1;0;0;0;1;0;0;1;-29,22015528;-51,16867117;SPRF-RS;DEL05-RS;UOP01-DEL05-RS
378613;22/08/2021;domingo;00:30:00;RS;116;122,1;SAO MARCOS;Ausência de reação do condutor;Colisão com objeto;Com Vítimas Feridas;Plena Noite;Decrescente;Céu Claro;Múltipla;Curva;Não;1;0;1;0;0;0;1;1;-29,01040633;-51,07327877;SPRF-RS;DEL05-RS;UOP01-DEL05-RS
378702;22/08/2021;domingo;17:20:00;RS;116;215,6;MORRO REUTER;Acumulo de areia ou detritos sobre o pavimento;Saída de leito carroçável;Com Vítimas Feridas;Pleno dia;Crescente;Sol;Simples;"Curva;Interseção de Vias";Não;1;0;1;0;0;0;1;1;-29,53533417;-51,08499002;SPRF-RS;DEL05-RS;UOP02-DEL05-RS
378707;22/08/2021;domingo;16:40:00;RS;470;217,1;BENTO GONCALVES;Desrespeitar a preferência no cruzamento;Colisão transversal;Sem Vítimas;Pleno dia;Decrescente;Sol;Simples;"Aclive;Interseção de Vias;Rotatória";Sim;3;0;0;0;3;0;0;2;-29,17503555;-51,52312344;SPRF-RS;DEL06-RS;UOP01-DEL06-RS
378731;22/08/2021;domingo;18:55:00;RS;470;228,5;GARIBALDI;Transitar no acostamento;Colisão lateral mesmo sentido;Com Vítimas Feridas;Plena Noite;Decrescente;Nublado;Simples;"Reta;Declive";Não;4;0;1;0;3;0;1;2;-29,21759706;-51,51703722;SPRF-RS;DEL06-RS;UOP01-DEL06-RS
378784;22/08/2021;domingo;21:40:00;RS;470;157;NOVA PRATA;Condutor deixou de manter distância do veículo da frente;Colisão lateral mesmo sentido;Com Vítimas Feridas;Plena Noite;Crescente;Céu Claro;Simples;Curva;Não;2;0;1;0;1;0;1;2;-28,791687;-51,616686;SPRF-RS;DEL06-RS;UOP02-DEL06-RS
378970;23/08/2021;segunda-feira;20:15:00;RS;116;150,3;CAXIAS DO SUL;Ingestão de álcool ou de substâncias psicoativas pelo pedestre;Atropelamento de Pedestre;Com Vítimas Feridas;Plena Noite;Crescente;Nublado;Dupla;Reta;Sim;2;0;2;0;0;0;2;2;-29,168428;-51,158337;SPRF-RS;DEL05-RS;UOP01-DEL05-RS
379272;25/08/2021;quarta-feira;15:05:00;RS;116;149,3;CAXIAS DO SUL;Reação tardia ou ineficiente do condutor;Queda de ocupante de veículo;Com Vítimas Feridas;Pleno dia;Decrescente;Chuva;Dupla;Reta;Sim;1;0;1;0;0;0;1;1;-29,15996905;-51,15645292;SPRF-RS;DEL05-RS;UOP01-DEL05-RS
379281;25/08/2021;quarta-feira;16:15:00;RS;470;213,5;BENTO GONCALVES;Acessar a via sem observar a presença dos outros veículos;Colisão transversal;Com Vítimas Feridas;Pleno dia;Crescente;Chuva;Simples;Em Obras;Sim;3;0;2;0;1;0;2;2;-29,14814881;-51,53127107;SPRF-RS;DEL06-RS;UOP01-DEL06-RS
379398;26/08/2021;quinta-feira;07:25:00;RS;116;151,6;CAXIAS DO SUL;Reação tardia ou ineficiente do condutor;Colisão com objeto;Com Vítimas Feridas;Pleno dia;Decrescente;Chuva;Dupla;Curva;Sim;1;0;1;0;0;0;1;1;-29,17694502;-51,16173896;SPRF-RS;DEL05-RS;UOP01-DEL05-RS
379557;27/08/2021;sexta-feira;07:25:00;RS;116;143;CAXIAS DO SUL;Condutor deixou de manter distância do veículo da frente;Colisão traseira;Com Vítimas Feridas;Pleno dia;Decrescente;Céu Claro;Dupla;Reta;Sim;2;0;1;0;1;0;1;2;-29,1201739;-51,12260651;SPRF-RS;DEL05-RS;UOP01-DEL05-RS
379600;27/08/2021;sexta-feira;11:55:00;RS;116;116,1;SAO MARCOS;Reação tardia ou ineficiente do condutor;Colisão transversal;Com Vítimas Feridas;Pleno dia;Crescente;Céu Claro;Simples;Curva;Sim;2;0;1;0;1;0;1;2;-28,97798104;-51,06622003;SPRF-RS;DEL05-RS;UOP01-DEL05-RS
379688;27/08/2021;sexta-feira;20:15:00;RS;116;128,7;CAXIAS DO SUL;Condutor Dormindo;Capotamento;Com Vítimas Feridas;Plena Noite;Crescente;Céu Claro;Simples;"Declive;Curva";Não;1;0;1;0;0;0;1;1;-29,03696065;-51,10445023;SPRF-RS;DEL05-RS;UOP01-DEL05-RS
379719;28/08/2021;sábado;01:30:00;RS;116;148,2;CAXIAS DO SUL;Velocidade Incompatível;Saída de leito carroçável;Com Vítimas Fatais;Plena Noite;Decrescente;Céu Claro;Dupla;Curva;Sim;5;3;0;1;1;0;1;1;-29,15444539;-51,15101681;SPRF-RS;DEL05-RS;UOP01-DEL05-RS
379801;28/08/2021;sábado;09:40:00;RS;116;206,8;PICADA CAFE;Reação tardia ou ineficiente do condutor;Colisão com objeto;Com Vítimas Feridas;Pleno dia;Decrescente;Sol;Simples;Curva;Não;1;0;0;1;0;0;1;1;-29,49966726;-51,1306017;SPRF-RS;DEL05-RS;UOP02-DEL05-RS
379852;28/08/2021;sábado;15:40:00;RS;116;181,4;NOVA PETROPOLIS;Reação tardia ou ineficiente do condutor;Tombamento;Com Vítimas Feridas;Pleno dia;Decrescente;Céu Claro;Simples;Curva;Não;1;0;1;0;0;0;1;1;-29,37096794;-51,13393866;SPRF-RS;DEL05-RS;UOP02-DEL05-RS
380053;29/08/2021;domingo;11:58:00;RS;470;217;BENTO GONCALVES;Acessar a via sem observar a presença dos outros veículos;Colisão transversal;Com Vítimas Feridas;Pleno dia;Decrescente;Chuva;Dupla;Rotatória;Sim;2;0;2;0;0;0;2;2;-29,1750398;-51,52310014;SPRF-RS;DEL06-RS;UOP01-DEL06-RS
380103;29/08/2021;domingo;16:45:00;RS;470;225,6;GARIBALDI;Desrespeitar a preferência no cruzamento;Colisão transversal;Sem Vítimas;Pleno dia;Decrescente;Céu Claro;Simples;Retorno Regulamentado;Não;2;0;0;0;2;0;0;2;-29,24604124;-51,51610494;SPRF-RS;DEL06-RS;UOP01-DEL06-RS
380530;31/08/2021;terça-feira;15:00:00;RS;116;172,2;CAXIAS DO SUL;Ingestão de álcool pelo condutor;Saída de leito carroçável;Com Vítimas Feridas;Pleno dia;Decrescente;Sol;Simples;Curva;Não;1;0;1;0;0;0;1;1;-29,31663009;-51,16927298;SPRF-RS;DEL05-RS;UOP02-DEL05-RS
380552;31/08/2021;terça-feira;19:30:00;RS;470;167;VILA FLORES;Ausência de reação do condutor;Saída de leito carroçável;Com Vítimas Feridas;Plena Noite;Crescente;Céu Claro;Simples;"Reta;Declive";Não;1;0;1;0;0;0;1;1;-28,850615;-51,562645;SPRF-RS;DEL06-RS;UOP02-DEL06-RS
380695;13/08/2021;sexta-feira;16:40:00;RS;116;144,5;CAXIAS DO SUL;Acessar a via sem observar a presença dos outros veículos;Colisão transversal;Com Vítimas Feridas;Pleno dia;Crescente;Nublado;Dupla;Reta;Sim;2;0;1;0;1;0;1;2;-29,1315925;-51,12890124;SPRF-RS;DEL05-RS;UOP01-DEL05-RS
380809;02/09/2021;quinta-feira;07:40:00;RS;116;155,7;CAXIAS DO SUL;Entrada inopinada do pedestre;Atropelamento de Pedestre;Com Vítimas Feridas;Pleno dia;Decrescente;Céu Claro;Simples;Curva;Sim;3;0;1;0;2;0;1;2;-29,19873129;-51,17629631;SPRF-RS;DEL05-RS;UOP01-DEL05-RS
381638;05/09/2021;domingo;15:00:00;RS;470;230;GARIBALDI;Transitar na contramão;Colisão frontal;Com Vítimas Fatais;Pleno dia;Crescente;Céu Claro;Simples;Reta;Sim;39;1;1;1;36;0;2;2;-29,27727489;-51,4932096;SPRF-RS;DEL06-RS;UOP01-DEL06-RS
382131;07/09/2021;terça-feira;17:20:00;RS;116;164;CAXIAS DO SUL;Chuva;Saída de leito carroçável;Com Vítimas Feridas;Pleno dia;Decrescente;Chuva;Simples;Reta;Não;2;0;2;0;0;0;2;1;-29,26344857;-51,16113999;SPRF-RS;DEL05-RS;UOP02-DEL05-RS
382488;09/09/2021;quinta-feira;17:00:00;RS;470;216;BENTO GONCALVES;Acessar a via sem observar a presença dos outros veículos;Colisão traseira;Com Vítimas Feridas;Pleno dia;Crescente;Céu Claro;Dupla;Reta;Sim;2;0;1;0;1;0;1;2;-29,15887096;-51,53142395;SPRF-RS;DEL06-RS;UOP01-DEL06-RS
382498;09/09/2021;quinta-feira;19:15:00;RS;116;216,5;MORRO REUTER;Acessar a via sem observar a presença dos outros veículos;Colisão transversal;Com Vítimas Feridas;Plena Noite;Crescente;Céu Claro;Simples;Reta;Sim;2;0;1;0;1;0;1;2;-29,54001608;-51,07711676;SPRF-RS;DEL05-RS;UOP02-DEL05-RS
382836;11/09/2021;sábado;13:20:00;RS;470;214,5;BENTO GONCALVES;Reação tardia ou ineficiente do condutor;Tombamento;Com Vítimas Feridas;Pleno dia;Decrescente;Céu Claro;Simples;Curva;Sim;4;0;1;0;1;2;1;2;-29,14408811;-51,53555411;SPRF-RS;DEL06-RS;UOP01-DEL06-RS
382921;11/09/2021;sábado;19:30:00;RS;470;222;GARIBALDI;Ausência de reação do condutor;Saída de leito carroçável;Sem Vítimas;Plena Noite;Crescente;Céu Claro;Dupla;Curva;Sim;1;0;0;0;0;1;0;1;-29,22202263;-51,5164501;SPRF-RS;DEL06-RS;UOP01-DEL06-RS
382958;11/09/2021;sábado;23:25:00;RS;116;149,1;CAXIAS DO SUL;Condutor desrespeitou a iluminação vermelha do semáforo;Colisão lateral mesmo sentido;Com Vítimas Feridas;Plena Noite;Crescente;Céu Claro;Dupla;Interseção de Vias;Sim;6;0;1;0;5;0;1;2;-29,15996905;-51,15645292;SPRF-RS;DEL05-RS;UOP01-DEL05-RS
383740;15/09/2021;quarta-feira;22:05:00;RS;116;142,1;CAXIAS DO SUL;Condutor desrespeitou a iluminação vermelha do semáforo;Colisão transversal;Com Vítimas Feridas;Plena Noite;Decrescente;Céu Claro;Dupla;Interseção de Vias;Sim;2;0;1;0;1;0;1;2;-29,11727;-51,115208;SPRF-RS;DEL05-RS;UOP01-DEL05-RS
384205;18/09/2021;sábado;03:20:00;RS;470;157;NOVA PRATA;Ingestão de álcool pelo condutor;Saída de leito carroçável;Com Vítimas Fatais;Plena Noite;Crescente;Céu Claro;Simples;Curva;Não;1;1;0;0;0;0;0;1;-28,79507068;-51,61584453;SPRF-RS;DEL06-RS;UOP02-DEL06-RS
385246;23/09/2021;quinta-feira;14:30:00;RS;470;163;VILA FLORES;Condutor Dormindo;Saída de leito carroçável;Com Vítimas Feridas;Pleno dia;Decrescente;Garoa/Chuvisco;Simples;Curva;Não;2;0;2;0;0;0;2;1;-28,82755543;-51,58058532;SPRF-RS;DEL06-RS;UOP02-DEL06-RS
385271;23/09/2021;quinta-feira;15:15:00;RS;116;142;CAXIAS DO SUL;Condutor desrespeitou a iluminação vermelha do semáforo;Colisão transversal;Com Vítimas Feridas;Pleno dia;Decrescente;Chuva;Dupla;Reta;Sim;2;0;1;0;1;0;1;2;-29,11727;-51,115208;SPRF-RS;DEL05-RS;UOP01-DEL05-RS
385319;23/09/2021;quinta-feira;20:15:00;RS;470;227;GARIBALDI;Ausência de reação do condutor;Tombamento;Com Vítimas Feridas;Plena Noite;Crescente;Garoa/Chuvisco;Simples;Reta;Sim;1;0;1;0;0;0;1;1;-29,259553;-51,508573;SPRF-RS;DEL06-RS;UOP01-DEL06-RS
385354;24/09/2021;sexta-feira;04:40:00;RS;116;177;NOVA PETROPOLIS;Condutor Dormindo;Saída de leito carroçável;Com Vítimas Feridas;Plena Noite;Decrescente;Chuva;Simples;Reta;Não;1;0;0;1;0;0;1;1;-29,35004568;-51,14426266;SPRF-RS;DEL05-RS;UOP02-DEL05-RS
385368;24/09/2021;sexta-feira;08:20:00;RS;116;149,3;CAXIAS DO SUL;Manobra de mudança de faixa;Colisão lateral mesmo sentido;Sem Vítimas;Pleno dia;Crescente;Chuva;Múltipla;"Reta;Interseção de Vias;Retorno Regulamentado";Sim;2;0;0;0;2;0;0;2;-29,15996905;-51,15645292;SPRF-RS;DEL05-RS;UOP01-DEL05-RS
385514;24/09/2021;sexta-feira;19:00:00;RS;470;180;VERANOPOLIS;Ultrapassagem Indevida;Colisão traseira;Com Vítimas Feridas;Plena Noite;Decrescente;Céu Claro;Simples;Reta;Não;3;0;1;0;1;1;1;3;-28,96481707;-51,56355732;SPRF-RS;DEL06-RS;UOP02-DEL06-RS
385555;25/09/2021;sábado;01:00:00;RS;470;226;GARIBALDI;Ingestão de álcool pelo condutor;Colisão frontal;Com Vítimas Feridas;Plena Noite;Decrescente;Nublado;Simples;Curva;Sim;6;0;2;0;4;0;2;3;-29,25496054;-51,51140034;SPRF-RS;DEL06-RS;UOP01-DEL06-RS
385737;25/09/2021;sábado;20:50:00;RS;116;150,3;CAXIAS DO SUL;Ingestão de álcool pelo condutor;Colisão transversal;Com Vítimas Feridas;Plena Noite;Crescente;Nublado;Dupla;"Reta;Interseção de Vias";Sim;4;0;1;0;3;0;1;2;-29,168428;-51,158337;SPRF-RS;DEL05-RS;UOP01-DEL05-RS
385745;12/07/2021;segunda-feira;00:30:00;RS;470;193;VERANOPOLIS;Velocidade Incompatível;Saída de leito carroçável;Com Vítimas Feridas;Plena Noite;Decrescente;Céu Claro;Simples;Reta;Não;4;0;3;1;0;0;4;1;-29,04507912;-51,56926298;SPRF-RS;DEL06-RS;UOP02-DEL06-RS
385808;26/09/2021;domingo;05:40:00;RS;116;144,2;CAXIAS DO SUL;Velocidade Incompatível;Colisão traseira;Sem Vítimas;Amanhecer;Decrescente;Céu Claro;Dupla;Reta;Não;1;0;0;0;0;1;0;1;-29,12899373;-51,12741178;SPRF-RS;DEL05-RS;UOP01-DEL05-RS
386112;27/09/2021;segunda-feira;11:50:00;RS;470;239;CARLOS BARBOSA;Acessar a via sem observar a presença dos outros veículos;Colisão transversal;Com Vítimas Feridas;Pleno dia;Decrescente;Céu Claro;Simples;Curva;Não;2;0;0;1;1;0;1;2;-29,34560555;-51,50870204;SPRF-RS;DEL06-RS;UOP01-DEL06-RS
386142;27/09/2021;segunda-feira;12:40:00;RS;470;209;BENTO GONCALVES;Reação tardia ou ineficiente do condutor;Atropelamento de Pedestre;Com Vítimas Feridas;Pleno dia;Crescente;Céu Claro;Simples;Reta;Sim;3;0;0;1;0;2;1;3;-29,12372087;-51,54377829;SPRF-RS;DEL06-RS;UOP01-DEL06-RS
386165;27/09/2021;segunda-feira;18:25:00;RS;470;215;BENTO GONCALVES;Conversão proibida;Colisão transversal;Com Vítimas Feridas;Anoitecer;Decrescente;Céu Claro;Simples;"Reta;Interseção de Vias";Não;2;0;2;0;0;0;2;2;-29,150635;-51,530241;SPRF-RS;DEL06-RS;UOP01-DEL06-RS
386904;01/10/2021;sexta-feira;17:35:00;RS;470;216;BENTO GONCALVES;Entrada inopinada do pedestre;Atropelamento de Pedestre;Com Vítimas Feridas;Anoitecer;Crescente;Nublado;Dupla;Curva;Sim;3;0;3;0;0;0;3;2;-29,168848;-51,525961;SPRF-RS;DEL06-RS;UOP01-DEL06-RS
386982;02/10/2021;sábado;00:33:00;RS;116;150,2;CAXIAS DO SUL;Reação tardia ou ineficiente do condutor;Colisão traseira;Com Vítimas Feridas;Plena Noite;Decrescente;Céu Claro;Dupla;Interseção de Vias;Sim;2;0;1;0;1;0;1;2;-29,17119896;-51,15989685;SPRF-RS;DEL05-RS;UOP01-DEL05-RS
387066;02/10/2021;sábado;11:45:00;RS;116;152,8;CAXIAS DO SUL;Manobra de mudança de faixa;Colisão traseira;Com Vítimas Feridas;Pleno dia;Crescente;Céu Claro;Simples;Reta;Sim;2;0;1;0;1;0;1;2;-29,1829343;-51,16801501;SPRF-RS;DEL05-RS;UOP01-DEL05-RS
387088;02/10/2021;sábado;13:30:00;RS;470;214;BENTO GONCALVES;Velocidade Incompatível;Saída de leito carroçável;Com Vítimas Feridas;Pleno dia;Decrescente;Céu Claro;Simples;Curva;Não;2;0;1;0;0;1;1;2;-29,14408811;-51,53555411;SPRF-RS;DEL06-RS;UOP01-DEL06-RS
387099;02/10/2021;sábado;14:10:00;RS;470;199;BENTO GONCALVES;Velocidade Incompatível;Saída de leito carroçável;Com Vítimas Feridas;Pleno dia;Crescente;Céu Claro;Simples;Curva;Não;3;0;1;0;0;2;1;2;-29,067986;-51,5817976;SPRF-RS;DEL06-RS;UOP02-DEL06-RS
387131;02/10/2021;sábado;14:30:00;RS;116;206,8;PICADA CAFE;Velocidade Incompatível;Colisão frontal;Com Vítimas Feridas;Pleno dia;Decrescente;Céu Claro;Simples;Curva;Não;2;0;1;0;1;0;1;2;-29,49966726;-51,1306017;SPRF-RS;DEL05-RS;UOP02-DEL05-RS
387178;02/10/2021;sábado;20:00:00;RS;470;217;BENTO GONCALVES;Manobra de mudança de faixa;Colisão lateral mesmo sentido;Com Vítimas Feridas;Plena Noite;Decrescente;Céu Claro;Dupla;"Rotatória;Aclive;Curva";Sim;3;0;1;0;2;0;1;2;-29,16462512;-51,52551964;SPRF-RS;DEL06-RS;UOP01-DEL06-RS
387401;03/10/2021;domingo;19:05:00;RS;470;225;GARIBALDI;Acessar a via sem observar a presença dos outros veículos;Colisão transversal;Com Vítimas Feridas;Plena Noite;Crescente;Garoa/Chuvisco;Simples;Reta;Sim;2;0;1;0;0;1;1;2;-29,21454003;-51,51762617;SPRF-RS;DEL06-RS;UOP01-DEL06-RS
387961;06/10/2021;quarta-feira;18:45:00;RS;116;150,2;CAXIAS DO SUL;Ausência de reação do condutor;Colisão traseira;Com Vítimas Feridas;Anoitecer;Decrescente;Chuva;Dupla;Declive;Sim;2;0;1;0;1;0;1;2;-29,168428;-51,158337;SPRF-RS;DEL05-RS;UOP01-DEL05-RS
388176;07/10/2021;quinta-feira;18:40:00;RS;116;114,9;SAO MARCOS;Velocidade Incompatível;Tombamento;Com Vítimas Feridas;Plena Noite;Crescente;Céu Claro;Simples;Curva;Sim;1;0;1;0;0;0;1;1;-28,96397179;-51,0753428;SPRF-RS;DEL05-RS;UOP01-DEL05-RS
388633;09/10/2021;sábado;15:30:00;RS;470;246,5;BARAO;Avarias e/ou desgaste excessivo no pneu;Tombamento;Com Vítimas Feridas;Pleno dia;Crescente;Nublado;Simples;Curva;Sim;1;0;1;0;0;0;1;1;-29,38753177;-51,49545193;SPRF-RS;DEL06-RS;UOP01-DEL06-RS
388683;09/10/2021;sábado;17:40:00;RS;470;213;BENTO GONCALVES;Ingestão de álcool pelo condutor;Saída de leito carroçável;Sem Vítimas;Anoitecer;Decrescente;Céu Claro;Simples;Retorno Regulamentado;Sim;1;0;0;0;1;0;0;1;-29,14673178;-51,53192108;SPRF-RS;DEL06-RS;UOP01-DEL06-RS
388849;10/10/2021;domingo;10:00:00;RS;116;156;CAXIAS DO SUL;Ingestão de álcool e/ou substâncias psicoativas pelo pedestre;Atropelamento de Pedestre;Com Vítimas Feridas;Pleno dia;Crescente;Nublado;Simples;"Reta;Declive";Sim;3;0;1;0;0;2;1;2;-29,20731013;-51,17757864;SPRF-RS;DEL05-RS;UOP01-DEL05-RS
388923;10/10/2021;domingo;18:10:00;RS;116;114;SAO MARCOS;Ingestão de álcool pelo condutor;Saída de leito carroçável;Com Vítimas Feridas;Anoitecer;Decrescente;Nublado;Simples;Curva;Sim;2;0;1;0;0;1;1;2;-28,96397179;-51,0753428;SPRF-RS;DEL05-RS;UOP01-DEL05-RS
388951;10/10/2021;domingo;18:25:00;RS;470;154;NOVA PRATA;Reação tardia ou ineficiente do condutor;Saída de leito carroçável;Com Vítimas Feridas;Anoitecer;Decrescente;Céu Claro;Simples;Reta;Sim;1;0;0;1;0;0;1;1;-28,76601798;-51,62412822;SPRF-RS;DEL06-RS;UOP02-DEL06-RS
389865;15/10/2021;sexta-feira;17:34:00;RS;116;147,2;CAXIAS DO SUL;Ausência de reação do condutor;Colisão traseira;Com Vítimas Feridas;Anoitecer;Decrescente;Chuva;Dupla;Reta;Sim;4;0;1;0;3;0;1;3;-29,14908014;-51,1429969;SPRF-RS;DEL05-RS;UOP01-DEL05-RS
390015;16/10/2021;sábado;07:00:00;RS;116;148,3;CAXIAS DO SUL;Pista Escorregadia;Colisão com objeto;Com Vítimas Feridas;Pleno dia;Decrescente;Garoa/Chuvisco;Dupla;Curva;Sim;1;0;1;0;0;0;1;1;-29,15777364;-51,15152836;SPRF-RS;DEL05-RS;UOP01-DEL05-RS
390078;16/10/2021;sábado;14:30:00;RS;470;162;NOVA PRATA;Condutor deixou de manter distância do veículo da frente;Colisão lateral mesmo sentido;Com Vítimas Feridas;Pleno dia;Decrescente;Garoa/Chuvisco;Simples;Reta;Não;5;0;2;0;2;1;2;2;-28,82207304;-51,58755803;SPRF-RS;DEL06-RS;UOP02-DEL06-RS
390156;16/10/2021;sábado;19:00:00;RS;116;112,8;SAO MARCOS;Ingestão de álcool pelo condutor;Saída de leito carroçável;Sem Vítimas;Plena Noite;Crescente;Garoa/Chuvisco;Simples;Reta;Sim;2;0;0;0;2;0;0;1;-28,94827931;-51,08170135;SPRF-RS;DEL05-RS;UOP01-DEL05-RS
390187;17/10/2021;domingo;01:44:00;RS;470;157;NOVA PRATA;Ingestão de álcool pelo condutor;Capotamento;Com Vítimas Feridas;Plena Noite;Decrescente;Chuva;Simples;Curva;Não;1;0;1;0;0;0;1;1;-28,79507068;-51,61584453;SPRF-RS;DEL06-RS;UOP02-DEL06-RS
390195;17/10/2021;domingo;04:00:00;RS;116;157,4;CAXIAS DO SUL;Ingestão de álcool pelo condutor;Colisão com objeto;Sem Vítimas;Plena Noite;Crescente;Chuva;Simples;Reta;Não;1;0;0;0;1;0;0;1;-29,21503981;-51,17675573;SPRF-RS;DEL05-RS;UOP01-DEL05-RS
390218;17/10/2021;domingo;01:38:00;RS;470;201;BENTO GONCALVES;Ingestão de álcool pelo condutor;Saída de leito carroçável;Sem Vítimas;Plena Noite;Decrescente;Garoa/Chuvisco;Simples;Curva;Não;1;0;0;0;1;0;0;1;-29,07245097;-51,58569103;SPRF-RS;DEL06-RS;UOP02-DEL06-RS
390273;17/10/2021;domingo;08:05:00;RS;116;183,1;NOVA PETROPOLIS;Velocidade Incompatível;Saída de leito carroçável;Sem Vítimas;Pleno dia;Decrescente;Nublado;Simples;Curva;Sim;1;0;0;0;1;0;0;1;-29,38206672;-51,12330599;SPRF-RS;DEL05-RS;UOP02-DEL05-RS
390390;18/10/2021;segunda-feira;02:30:00;RS;116;153,7;CAXIAS DO SUL;Ingestão de álcool pelo condutor;Colisão com objeto;Sem Vítimas;Plena Noite;Decrescente;Céu Claro;Dupla;"Interseção de Vias;Rotatória";Sim;1;0;0;0;1;0;0;1;-29,18579758;-51,17713005;SPRF-RS;DEL05-RS;UOP01-DEL05-RS
390398;18/10/2021;segunda-feira;04:00:00;RS;116;143,6;CAXIAS DO SUL;Ingestão de álcool pelo condutor;Saída de leito carroçável;Sem Vítimas;Plena Noite;Decrescente;Nublado;Dupla;Curva;Sim;1;0;0;0;1;0;0;1;-29,1201739;-51,12260651;SPRF-RS;DEL05-RS;UOP01-DEL05-RS
390510;18/10/2021;segunda-feira;17:10:00;RS;470;217;BENTO GONCALVES;Acessar a via sem observar a presença dos outros veículos;Colisão transversal;Com Vítimas Feridas;Pleno dia;Decrescente;Céu Claro;Dupla;"Aclive;Interseção de Vias;Rotatória";Sim;2;0;1;0;1;0;1;2;-29,17615031;-51,52137464;SPRF-RS;DEL06-RS;UOP01-DEL06-RS
390593;19/10/2021;terça-feira;07:18:00;RS;470;214,5;BENTO GONCALVES;Conversão proibida;Colisão transversal;Com Vítimas Feridas;Pleno dia;Decrescente;Sol;Simples;Curva;Sim;3;0;0;1;2;0;1;2;-29,15664932;-51,53065324;SPRF-RS;DEL06-RS;UOP01-DEL06-RS
390799;20/10/2021;quarta-feira;08:00:00;RS;116;149,4;CAXIAS DO SUL;Manobra de mudança de faixa;Colisão lateral mesmo sentido;Com Vítimas Feridas;Pleno dia;Crescente;Céu Claro;Dupla;"Declive;Curva";Sim;2;0;1;0;1;0;1;2;-29,15996905;-51,15645292;SPRF-RS;DEL05-RS;UOP01-DEL05-RS
390884;20/10/2021;quarta-feira;19:45:00;RS;116;145,9;CAXIAS DO SUL;Pedestre andava na pista;Atropelamento de Pedestre;Com Vítimas Feridas;Plena Noite;Crescente;Céu Claro;Dupla;Reta;Sim;2;0;1;0;1;0;1;2;-29,1350217;-51,1302779;SPRF-RS;DEL05-RS;UOP01-DEL05-RS
390903;20/10/2021;quarta-feira;17:55:00;RS;470;179;VERANOPOLIS;Ausência de reação do condutor;Colisão transversal;Com Vítimas Feridas;Anoitecer;Crescente;Céu Claro;Simples;Reta;Sim;2;0;1;0;1;0;1;2;-28,95614928;-51,56242466;SPRF-RS;DEL06-RS;UOP02-DEL06-RS
390950;20/10/2021;quarta-feira;08:50:00;RS;470;218;BENTO GONCALVES;Avarias e/ou desgaste excessivo no pneu;Saída de leito carroçável;Sem Vítimas;Pleno dia;Crescente;Céu Claro;Dupla;Curva;Sim;1;0;0;0;1;0;0;1;-29,17292214;-51,52424936;SPRF-RS;DEL06-RS;UOP01-DEL06-RS
391235;22/10/2021;sexta-feira;17:50:00;RS;116;148,8;CAXIAS DO SUL;Demais Fenômenos da natureza;Colisão traseira;Com Vítimas Feridas;Pleno dia;Crescente;Sol;Dupla;Aclive;Sim;3;0;1;0;2;0;1;3;-29,15444539;-51,15101681;SPRF-RS;DEL05-RS;UOP01-DEL05-RS
391258;22/10/2021;sexta-feira;19:20:00;RS;470;213;BENTO GONCALVES;Desrespeitar a preferência no cruzamento;Colisão frontal;Com Vítimas Feridas;Plena Noite;Crescente;Céu Claro;Simples;"Interseção de Vias;Reta;Aclive";Sim;2;0;0;1;1;0;1;2;-29,138703;-51,542708;SPRF-RS;DEL06-RS;UOP01-DEL06-RS
391658;24/10/2021;domingo;10:48:00;RS;116;216;MORRO REUTER;Ausência de reação do condutor;Colisão traseira;Com Vítimas Feridas;Pleno dia;Decrescente;Sol;Simples;Aclive;Não;4;0;1;0;3;0;1;2;-29,54001608;-51,07711676;SPRF-RS;DEL05-RS;UOP02-DEL05-RS
392001;26/10/2021;terça-feira;07:55:00;RS;116;140,5;CAXIAS DO SUL;Desrespeitar a preferência no cruzamento;Colisão lateral mesmo sentido;Com Vítimas Feridas;Pleno dia;Crescente;Sol;Simples;Curva;Não;2;0;1;0;1;0;1;2;-29,10381619;-51,10968039;SPRF-RS;DEL05-RS;UOP01-DEL05-RS
392190;10/09/2021;sexta-feira;10:25:00;RS;116;142;CAXIAS DO SUL;Acessar a via sem observar a presença dos outros veículos;Colisão com objeto;Sem Vítimas;Pleno dia;Decrescente;Céu Claro;Dupla;Reta;Sim;5;0;0;0;4;1;0;3;-29,11727;-51,115208;SPRF-RS;DEL05-RS;UOP01-DEL05-RS
392231;27/10/2021;quarta-feira;13:50:00;RS;116;151,1;CAXIAS DO SUL;Condutor desrespeitou a iluminação vermelha do semáforo;Colisão transversal;Com Vítimas Feridas;Pleno dia;Crescente;Céu Claro;Dupla;"Interseção de Vias;Reta";Sim;3;0;1;0;2;0;1;3;-29,17694502;-51,16173896;SPRF-RS;DEL05-RS;UOP01-DEL05-RS
392989;31/10/2021;domingo;01:10:00;RS;116;150,8;CAXIAS DO SUL;Ingestão de álcool pelo condutor;Saída de leito carroçável;Sem Vítimas;Plena Noite;Crescente;Nublado;Dupla;Reta;Sim;1;0;0;0;1;0;0;1;-29,168428;-51,158337;SPRF-RS;DEL05-RS;UOP01-DEL05-RS
393113;31/10/2021;domingo;15:15:00;RS;470;228,8;GARIBALDI;Acessar a via sem observar a presença dos outros veículos;Colisão transversal;Com Vítimas Feridas;Pleno dia;Decrescente;Nublado;Simples;"Reta;Interseção de Vias";Não;2;0;1;1;0;0;2;2;-29,26905635;-51,49904788;SPRF-RS;DEL06-RS;UOP01-DEL06-RS
393205;31/10/2021;domingo;21:45:00;RS;470;174,4;VERANOPOLIS;Ingestão de álcool pelo condutor;Saída de leito carroçável;Com Vítimas Feridas;Plena Noite;Crescente;Céu Claro;Simples;Curva;Não;1;0;1;0;0;0;1;1;-28,91426441;-51,54056132;SPRF-RS;DEL06-RS;UOP02-DEL06-RS
393306;01/11/2021;segunda-feira;14:00:00;RS;470;164;VILA FLORES;Acessar a via sem observar a presença dos outros veículos;Colisão transversal;Com Vítimas Feridas;Pleno dia;Decrescente;Céu Claro;Simples;Curva;Não;2;0;1;0;1;0;1;2;-28,83381495;-51,57472392;SPRF-RS;DEL06-RS;UOP02-DEL06-RS
393521;02/11/2021;terça-feira;18:40:00;RS;470;200,9;BENTO GONCALVES;Conversão proibida;Colisão transversal;Com Vítimas Feridas;Anoitecer;Crescente;Céu Claro;Simples;Reta;Não;3;0;1;0;1;1;1;2;-29,06736768;-51,57996108;SPRF-RS;DEL06-RS;UOP02-DEL06-RS
393560;02/11/2021;terça-feira;22:45:00;RS;116;152;CAXIAS DO SUL;Ingestão de álcool pelo condutor;Colisão lateral mesmo sentido;Sem Vítimas;Plena Noite;Crescente;Céu Claro;Dupla;Reta;Sim;2;0;0;0;2;0;0;2;-29,1829343;-51,16801501;SPRF-RS;DEL05-RS;UOP01-DEL05-RS
393588;03/11/2021;quarta-feira;06:55:00;RS;470;218,6;BENTO GONCALVES;Ausência de reação do condutor;Saída de leito carroçável;Com Vítimas Feridas;Pleno dia;Decrescente;Céu Claro;Simples;"Curva;Aclive";Não;1;0;1;0;0;0;1;1;-29,17292214;-51,52424936;SPRF-RS;DEL06-RS;UOP01-DEL06-RS
393784;04/11/2021;quinta-feira;09:08:00;RS;116;150,8;CAXIAS DO SUL;Ausência de reação do condutor;Atropelamento de Pedestre;Com Vítimas Fatais;Pleno dia;Decrescente;Sol;Dupla;Curva;Sim;2;1;0;0;1;0;0;2;-29,168428;-51,158337;SPRF-RS;DEL05-RS;UOP01-DEL05-RS
394114;06/11/2021;sábado;05:40:00;RS;116;147;CAXIAS DO SUL;Ingestão de álcool pelo condutor;Colisão transversal;Com Vítimas Feridas;Amanhecer;Decrescente;Céu Claro;Dupla;Aclive;Não;3;0;1;0;1;1;1;3;-29,14908014;-51,1429969;SPRF-RS;DEL05-RS;UOP01-DEL05-RS
394196;06/11/2021;sábado;15:00:00;RS;116;142,7;CAXIAS DO SUL;Reação tardia ou ineficiente do condutor;Tombamento;Com Vítimas Feridas;Pleno dia;Crescente;Nublado;Dupla;Interseção de Vias;Sim;2;0;2;0;0;0;2;1;-29,11793706;-51,12126231;SPRF-RS;DEL05-RS;UOP01-DEL05-RS
394324;07/11/2021;domingo;05:00:00;RS;470;210;BENTO GONCALVES;Ausência de reação do condutor;Saída de leito carroçável;Sem Vítimas;Plena Noite;Crescente;Garoa/Chuvisco;Simples;Declive;Não;1;0;0;0;1;0;0;1;-29,13506934;-51,5454483;SPRF-RS;DEL06-RS;UOP01-DEL06-RS
394394;07/11/2021;domingo;14:20:00;RS;470;178;VERANOPOLIS;Condutor usando celular;Saída de leito carroçável;Sem Vítimas;Pleno dia;Crescente;Céu Claro;Simples;Curva;Sim;1;0;0;0;1;0;0;1;-28,94753484;-51,55413312;SPRF-RS;DEL06-RS;UOP02-DEL06-RS
394502;08/11/2021;segunda-feira;03:20:00;RS;470;227;GARIBALDI;Ausência de reação do condutor;Saída de leito carroçável;Sem Vítimas;Plena Noite;Crescente;Céu Claro;Simples;Curva;Sim;2;0;0;0;2;0;0;1;-29,21657705;-51,51722624;SPRF-RS;DEL06-RS;UOP01-DEL06-RS
394550;02/11/2021;terça-feira;22:15:00;RS;116;150;CAXIAS DO SUL;Reação tardia ou ineficiente do condutor;Colisão transversal;Com Vítimas Feridas;Plena Noite;Decrescente;Céu Claro;Dupla;Reta;Sim;2;0;1;0;1;0;1;1;-29,168428;-51,158337;SPRF-RS;DEL05-RS;UOP01-DEL05-RS
394611;08/11/2021;segunda-feira;16:25:00;RS;470;169,6;VERANOPOLIS;Frear bruscamente;Colisão traseira;Com Vítimas Feridas;Pleno dia;Decrescente;Sol;Simples;Reta;Sim;3;0;1;0;2;0;1;2;-28,87750412;-51,54875278;SPRF-RS;DEL06-RS;UOP02-DEL06-RS
394969;10/11/2021;quarta-feira;17:39:00;RS;116;146,9;CAXIAS DO SUL;Condutor desrespeitou a iluminação vermelha do semáforo;Colisão transversal;Com Vítimas Feridas;Pleno dia;Decrescente;Sol;Dupla;Interseção de Vias;Sim;3;0;1;0;1;1;1;3;-29,14228897;-51,13622202;SPRF-RS;DEL05-RS;UOP01-DEL05-RS
395007;10/11/2021;quarta-feira;20:45:00;RS;116;116;SAO MARCOS;Ingestão de álcool pelo condutor;Atropelamento de Pedestre;Com Vítimas Feridas;Plena Noite;Decrescente;Céu Claro;Simples;Rotatória;Sim;3;0;3;0;0;0;3;2;-28,97609141;-51,06640231;SPRF-RS;DEL05-RS;UOP01-DEL05-RS
395457;12/11/2021;sexta-feira;23:10:00;RS;470;252,5;SAO PEDRO DA SERRA;Frear bruscamente;Colisão traseira;Com Vítimas Feridas;Plena Noite;Crescente;Céu Claro;Simples;Reta;Não;4;0;2;0;1;1;2;2;-29,42177378;-51,52044123;SPRF-RS;DEL06-RS;UOP01-DEL06-RS
395509;13/11/2021;sábado;06:00:00;RS;470;226;GARIBALDI;Manobra de mudança de faixa;Colisão frontal;Com Vítimas Feridas;Pleno dia;Crescente;Céu Claro;Simples;Reta;Não;4;0;2;0;1;1;2;3;-29,21556004;-51,51743821;SPRF-RS;DEL06-RS;UOP01-DEL06-RS
395512;13/11/2021;sábado;07:35:00;RS;116;149,6;CAXIAS DO SUL;Ingestão de álcool e/ou substâncias psicoativas pelo pedestre;Colisão com objeto;Com Vítimas Feridas;Pleno dia;Crescente;Céu Claro;Dupla;Curva;Sim;2;0;1;1;0;0;2;1;-29,15996905;-51,15645292;SPRF-RS;DEL05-RS;UOP01-DEL05-RS
395776;14/11/2021;domingo;10:00:00;RS;116;206,1;PICADA CAFE;Velocidade Incompatível;Colisão traseira;Com Vítimas Feridas;Pleno dia;Decrescente;Sol;Simples;Curva;Não;3;0;1;1;1;0;2;3;-29,49966726;-51,1306017;SPRF-RS;DEL05-RS;UOP02-DEL05-RS
395789;14/11/2021;domingo;11:05:00;RS;470;188,8;VERANOPOLIS;Reação tardia ou ineficiente do condutor;Saída de leito carroçável;Com Vítimas Feridas;Pleno dia;Crescente;Sol;Simples;Curva;Não;1;0;1;0;0;0;1;1;-29,008926;-51,564772;SPRF-RS;DEL06-RS;UOP02-DEL06-RS
395878;14/11/2021;domingo;19:20:00;RS;470;206;BENTO GONCALVES;Transitar na contramão;Colisão frontal;Com Vítimas Fatais;Plena Noite;Crescente;Céu Claro;Simples;Reta;Não;7;3;0;3;0;1;3;3;-29,094876;-51,54889;SPRF-RS;DEL06-RS;UOP01-DEL06-RS
396041;15/11/2021;segunda-feira;17:55:00;RS;116;145,1;CAXIAS DO SUL;Acessar a via sem observar a presença dos outros veículos;Colisão lateral mesmo sentido;Com Vítimas Feridas;Pleno dia;Crescente;Sol;Dupla;Interseção de Vias;Sim;2;0;1;0;1;0;1;2;-29,1350217;-51,1302779;SPRF-RS;DEL05-RS;UOP01-DEL05-RS
396332;17/11/2021;quarta-feira;08:20:00;RS;116;148,3;CAXIAS DO SUL;Pista Escorregadia;Saída de leito carroçável;Com Vítimas Feridas;Pleno dia;Decrescente;Garoa/Chuvisco;Dupla;Curva;Sim;2;0;1;0;0;1;1;2;-29,15444539;-51,15101681;SPRF-RS;DEL05-RS;UOP01-DEL05-RS
396973;20/11/2021;sábado;17:59:00;RS;470;245;BARAO;Ausência de reação do condutor;Saída de leito carroçável;Com Vítimas Feridas;Pleno dia;Decrescente;Céu Claro;Simples;Curva;Não;1;0;1;0;0;0;1;1;-29,36751735;-51,51081606;SPRF-RS;DEL06-RS;UOP01-DEL06-RS
396985;20/11/2021;sábado;19:45:00;RS;470;215,9;BENTO GONCALVES;Ingestão de álcool pelo condutor;Colisão lateral sentido oposto;Sem Vítimas;Plena Noite;Crescente;Céu Claro;Dupla;Reta;Sim;3;0;0;0;3;0;0;2;-29,150635;-51,530241;SPRF-RS;DEL06-RS;UOP01-DEL06-RS
397015;20/11/2021;sábado;21:25:00;RS;116;134,4;CAXIAS DO SUL;Velocidade Incompatível;Capotamento;Sem Vítimas;Plena Noite;Crescente;Céu Claro;Simples;Curva;Não;1;0;0;0;1;0;0;1;-29,06329012;-51,09842716;SPRF-RS;DEL05-RS;UOP01-DEL05-RS
397243;21/11/2021;domingo;23:15:00;RS;470;222;GARIBALDI;Acumulo de areia ou detritos sobre o pavimento;Queda de ocupante de veículo;Com Vítimas Feridas;Plena Noite;Crescente;Céu Claro;Simples;Reta;Sim;2;0;2;0;0;0;2;1;-29,20372835;-51,51786908;SPRF-RS;DEL06-RS;UOP01-DEL06-RS
397275;21/11/2021;domingo;17:50:00;RS;470;238;CARLOS BARBOSA;Ingestão de álcool pelo condutor;Capotamento;Sem Vítimas;Anoitecer;Crescente;Céu Claro;Simples;Curva;Sim;1;0;0;0;1;0;0;1;-29,32448694;-51,49862424;SPRF-RS;DEL06-RS;UOP01-DEL06-RS
397328;22/11/2021;segunda-feira;07:30:00;RS;470;190;VERANOPOLIS;Ingestão de álcool pelo condutor;Colisão traseira;Com Vítimas Feridas;Pleno dia;Decrescente;Céu Claro;Simples;Reta;Não;2;0;1;0;1;0;1;2;-29,02312304;-51,56485893;SPRF-RS;DEL06-RS;UOP02-DEL06-RS
397509;19/10/2021;terça-feira;17:05:00;RS;470;221;BENTO GONCALVES;Acessar a via sem observar a presença dos outros veículos;Colisão transversal;Com Vítimas Feridas;Pleno dia;Crescente;Céu Claro;Simples;"Retorno Regulamentado;Reta";Sim;2;0;0;1;1;0;1;2;-29,19807087;-51,51854575;SPRF-RS;DEL06-RS;UOP01-DEL06-RS
397518;09/10/2021;sábado;02:00:00;RS;470;216;BENTO GONCALVES;Reação tardia ou ineficiente do condutor;Colisão com objeto;Com Vítimas Feridas;Plena Noite;Crescente;Chuva;Simples;Reta;Sim;2;0;0;1;1;0;1;2;-29,15887096;-51,53142395;SPRF-RS;DEL06-RS;UOP01-DEL06-RS
397599;24/11/2021;quarta-feira;07:00:00;RS;470;217;BENTO GONCALVES;Acessar a via sem observar a presença dos outros veículos;Colisão transversal;Com Vítimas Feridas;Pleno dia;Decrescente;Céu Claro;Dupla;Rotatória;Não;2;0;0;1;0;1;1;2;-29,17502765;-51,52301615;SPRF-RS;DEL06-RS;UOP01-DEL06-RS
397645;24/11/2021;quarta-feira;11:00:00;RS;116;105,5;SAO MARCOS;Avarias e/ou desgaste excessivo no pneu;Saída de leito carroçável;Com Vítimas Feridas;Pleno dia;Decrescente;Céu Claro;Simples;Reta;Não;1;0;1;0;0;0;1;1;-28,91254612;-51,11046562;SPRF-RS;DEL05-RS;UOP01-DEL05-RS
397729;24/11/2021;quarta-feira;20:25:00;RS;116;152,1;CAXIAS DO SUL;Acesso irregular;Colisão transversal;Com Vítimas Feridas;Plena Noite;Crescente;Céu Claro;Múltipla;Curva;Sim;2;0;2;0;0;0;2;2;-29,1829343;-51,16801501;SPRF-RS;DEL05-RS;UOP01-DEL05-RS
397802;14/11/2021;domingo;00:39:00;RS;470;222;GARIBALDI;Ingestão de álcool e/ou substâncias psicoativas pelo pedestre;Capotamento;Com Vítimas Feridas;Plena Noite;Decrescente;Céu Claro;Dupla;Reta;Sim;4;0;2;2;0;0;4;1;-29,20372835;-51,51786908;SPRF-RS;DEL06-RS;UOP01-DEL06-RS
398168;27/11/2021;sábado;07:15:00;RS;116;125,4;SAO MARCOS;Acumulo de água sobre o pavimento;Saída de leito carroçável;Com Vítimas Feridas;Pleno dia;Decrescente;Chuva;Simples;Curva;Sim;2;0;1;1;0;0;2;1;-29,02308597;-51,090808;SPRF-RS;DEL05-RS;UOP01-DEL05-RS
398192;27/11/2021;sábado;08:50:00;RS;470;247,8;SAO PEDRO DA SERRA;Reação tardia ou ineficiente do condutor;Colisão frontal;Com Vítimas Feridas;Pleno dia;Crescente;Chuva;Dupla;Reta;Não;2;0;1;0;1;0;1;2;-29,37593098;-51,49908082;SPRF-RS;DEL06-RS;UOP01-DEL06-RS
398306;27/11/2021;sábado;20:50:00;RS;470;228,9;GARIBALDI;Acessar a via sem observar a presença dos outros veículos;Colisão transversal;Com Vítimas Feridas;Plena Noite;Decrescente;Garoa/Chuvisco;Dupla;Retorno Regulamentado;Não;4;0;1;0;3;0;1;2;-29,26865547;-51,49921775;SPRF-RS;DEL06-RS;UOP01-DEL06-RS
398450;28/11/2021;domingo;09:30:00;RS;116;191;NOVA PETROPOLIS;Ausência de reação do condutor;Saída de leito carroçável;Com Vítimas Feridas;Pleno dia;Crescente;Nublado;Simples;"Declive;Curva";Não;1;0;0;1;0;0;1;1;-29,43001301;-51,13412787;SPRF-RS;DEL05-RS;UOP02-DEL05-RS
398699;29/11/2021;segunda-feira;15:50:00;RS;116;170,2;CAXIAS DO SUL;Condutor Dormindo;Saída de leito carroçável;Com Vítimas Feridas;Pleno dia;Crescente;Céu Claro;Simples;Reta;Não;2;0;2;0;0;0;2;1;-29,30044589;-51,16453405;SPRF-RS;DEL05-RS;UOP02-DEL05-RS
399008;01/12/2021;quarta-feira;12:10:00;RS;116;147,4;CAXIAS DO SUL;Ausência de reação do condutor;Tombamento;Com Vítimas Feridas;Pleno dia;Crescente;Céu Claro;Dupla;Curva;Sim;1;0;0;1;0;0;1;1;-29,15193641;-51,14770889;SPRF-RS;DEL05-RS;UOP01-DEL05-RS
399137;02/12/2021;quinta-feira;07:25:00;RS;470;213;BENTO GONCALVES;Condutor deixou de manter distância do veículo da frente;Engavetamento;Com Vítimas Feridas;Pleno dia;Crescente;Céu Claro;Simples;"Curva;Aclive";Sim;4;0;1;0;3;0;1;3;-29,138703;-51,542708;SPRF-RS;DEL06-RS;UOP01-DEL06-RS
399219;02/12/2021;quinta-feira;16:10:00;RS;470;181,3;VERANOPOLIS;Mal súbito do condutor;Saída de leito carroçável;Com Vítimas Feridas;Pleno dia;Decrescente;Céu Claro;Simples;Curva;Sim;2;0;0;2;0;0;2;1;-28,96827407;-51,5622282;SPRF-RS;DEL06-RS;UOP02-DEL06-RS
399223;02/12/2021;quinta-feira;16:40:00;RS;116;146,8;CAXIAS DO SUL;Entrada inopinada do pedestre;Atropelamento de Pedestre;Com Vítimas Feridas;Pleno dia;Crescente;Céu Claro;Dupla;Reta;Sim;2;0;1;0;1;0;1;2;-29,14228897;-51,13622202;SPRF-RS;DEL05-RS;UOP01-DEL05-RS
399230;02/12/2021;quinta-feira;17:50:00;RS;116;149,2;CAXIAS DO SUL;Desrespeitar a preferência no cruzamento;Colisão lateral mesmo sentido;Com Vítimas Feridas;Anoitecer;Crescente;Céu Claro;Dupla;Retorno Regulamentado;Sim;2;0;1;0;1;0;1;2;-29,15996905;-51,15645292;SPRF-RS;DEL05-RS;UOP01-DEL05-RS
399235;02/12/2021;quinta-feira;17:50:00;RS;116;152,3;CAXIAS DO SUL;Entrada inopinada do pedestre;Atropelamento de Pedestre;Com Vítimas Feridas;Pleno dia;Crescente;Nublado;Dupla;"Declive;Curva";Sim;2;0;0;1;1;0;1;2;-29,1829343;-51,16801501;SPRF-RS;DEL05-RS;UOP01-DEL05-RS
399580;04/12/2021;sábado;07:30:00;RS;116;203,2;PICADA CAFE;Acumulo de areia ou detritos sobre o pavimento;Tombamento;Com Vítimas Feridas;Pleno dia;Decrescente;Céu Claro;Simples;Curva;Não;1;0;0;1;0;0;1;1;-29,48986231;-51,15338445;SPRF-RS;DEL05-RS;UOP02-DEL05-RS
399616;04/12/2021;sábado;12:40:00;RS;116;146,8;CAXIAS DO SUL;Retorno proibido;Colisão lateral mesmo sentido;Com Vítimas Feridas;Pleno dia;Crescente;Sol;Dupla;Aclive;Sim;2;0;1;0;1;0;1;2;-29,14228897;-51,13622202;SPRF-RS;DEL05-RS;UOP01-DEL05-RS
399676;04/12/2021;sábado;17:20:00;RS;470;229,8;GARIBALDI;Ausência de reação do condutor;Saída de leito carroçável;Com Vítimas Feridas;Pleno dia;Crescente;Céu Claro;Simples;Curva;Sim;1;0;1;0;0;0;1;1;-29,275031;-51,493932;SPRF-RS;DEL06-RS;UOP01-DEL06-RS
399772;05/12/2021;domingo;00:50:00;RS;470;176;VERANOPOLIS;Ausência de reação do condutor;Colisão frontal;Com Vítimas Feridas;Plena Noite;Decrescente;Céu Claro;Simples;Curva;Sim;3;0;2;1;0;0;3;2;-28,93175124;-51,5415985;SPRF-RS;DEL06-RS;UOP02-DEL06-RS
400395;07/12/2021;terça-feira;18:00:00;RS;470;175;VERANOPOLIS;Acessar a via sem observar a presença dos outros veículos;Colisão transversal;Com Vítimas Feridas;Anoitecer;Decrescente;Céu Claro;Simples;Reta;Sim;2;0;1;0;1;0;1;2;-28,91926201;-51,53914905;SPRF-RS;DEL06-RS;UOP02-DEL06-RS
400719;09/12/2021;quinta-feira;19:34:00;RS;470;208;BENTO GONCALVES;Manobra de mudança de faixa;Saída de leito carroçável;Com Vítimas Feridas;Anoitecer;Crescente;Céu Claro;Simples;Curva;Não;3;0;3;0;0;0;3;1;-29,10086692;-51,54406862;SPRF-RS;DEL06-RS;UOP01-DEL06-RS
400892;10/12/2021;sexta-feira;17:00:00;RS;470;201,8;BENTO GONCALVES;Ausência de reação do condutor;Colisão com objeto;Com Vítimas Feridas;Pleno dia;Decrescente;Céu Claro;Simples;"Declive;Curva";Não;1;0;1;0;0;0;1;1;-29,07702548;-51,58141136;SPRF-RS;DEL06-RS;UOP02-DEL06-RS
400955;10/12/2021;sexta-feira;23:50:00;RS;470;219,9;BENTO GONCALVES;Condutor deixou de manter distância do veículo da frente;Tombamento;Com Vítimas Feridas;Plena Noite;Decrescente;Céu Claro;Simples;Declive;Não;2;0;1;0;1;0;1;2;-29,17909489;-51,51855675;SPRF-RS;DEL06-RS;UOP01-DEL06-RS
401100;11/12/2021;sábado;15:54:00;RS;470;236;CARLOS BARBOSA;Acesso irregular;Colisão traseira;Com Vítimas Feridas;Pleno dia;Crescente;Céu Claro;Simples;Reta;Não;2;0;2;0;0;0;2;2;-29,31235085;-51,48694723;SPRF-RS;DEL06-RS;UOP01-DEL06-RS
401151;11/12/2021;sábado;22:30:00;RS;470;230;CARLOS BARBOSA;Condutor deixou de manter distância do veículo da frente;Colisão traseira;Sem Vítimas;Plena Noite;Crescente;Céu Claro;Dupla;Reta;Sim;2;0;0;0;2;0;0;2;-29,28220575;-51,49147337;SPRF-RS;DEL06-RS;UOP01-DEL06-RS
401183;11/12/2021;sábado;22:40:00;RS;116;153;CAXIAS DO SUL;Ingestão de álcool pelo condutor;Tombamento;Com Vítimas Feridas;Plena Noite;Crescente;Nublado;Dupla;Reta;Sim;1;0;1;0;0;0;1;1;-29,18579758;-51,17713005;SPRF-RS;DEL05-RS;UOP01-DEL05-RS
401240;12/12/2021;domingo;02:50:00;RS;470;165;VERANOPOLIS;Ingestão de álcool pelo condutor;Saída de leito carroçável;Com Vítimas Feridas;Plena Noite;Decrescente;Céu Claro;Simples;Reta;Não;2;0;2;0;0;0;2;1;-28,84169703;-51,57429796;SPRF-RS;DEL06-RS;UOP02-DEL06-RS
401342;12/12/2021;domingo;19:00:00;RS;470;222,3;GARIBALDI;Avarias e/ou desgaste excessivo no pneu;Colisão com objeto;Com Vítimas Feridas;Pleno dia;Crescente;Nublado;Dupla;"Reta;Rotatória;Interseção de Vias";Não;2;0;2;0;0;0;2;1;-29,2218434;-51,51652705;SPRF-RS;DEL06-RS;UOP01-DEL06-RS
401434;13/12/2021;segunda-feira;01:30:00;RS;470;210;BENTO GONCALVES;Ausência de reação do condutor;Saída de leito carroçável;Com Vítimas Feridas;Plena Noite;Crescente;Nublado;Simples;Reta;Não;1;0;1;0;0;0;1;1;-29,1312027;-51,54397141;SPRF-RS;DEL06-RS;UOP01-DEL06-RS
401695;14/12/2021;terça-feira;12:10:00;RS;116;146,3;CAXIAS DO SUL;Condutor deixou de manter distância do veículo da frente;Colisão traseira;Sem Vítimas;Pleno dia;Decrescente;Nublado;Dupla;Reta;Sim;2;0;0;0;2;0;0;2;-29,14228897;-51,13622202;SPRF-RS;DEL05-RS;UOP01-DEL05-RS
401740;14/12/2021;terça-feira;17:00:00;RS;470;215;BENTO GONCALVES;Acessar a via sem observar a presença dos outros veículos;Colisão transversal;Com Vítimas Feridas;Pleno dia;Crescente;Garoa/Chuvisco;Simples;Reta;Sim;2;0;1;0;1;0;1;2;-29,16024433;-51,52871316;SPRF-RS;DEL06-RS;UOP01-DEL06-RS
401841;15/12/2021;quarta-feira;08:00:00;RS;116;152,3;CAXIAS DO SUL;Conversão proibida;Colisão transversal;Com Vítimas Feridas;Pleno dia;Crescente;Sol;Simples;Curva;Sim;2;0;1;0;1;0;1;2;-29,1829343;-51,16801501;SPRF-RS;DEL05-RS;UOP01-DEL05-RS
402426;17/12/2021;sexta-feira;20:50:00;RS;470;163;VILA FLORES;Manobra de mudança de faixa;Saída de leito carroçável;Com Vítimas Feridas;Anoitecer;Crescente;Céu Claro;Simples;Aclive;Não;1;0;1;0;0;0;1;1;-28,82878563;-51,57879674;SPRF-RS;DEL06-RS;UOP02-DEL06-RS
402528;18/12/2021;sábado;12:30:00;RS;470;213,5;BENTO GONCALVES;Acessar a via sem observar a presença dos outros veículos;Colisão transversal;Com Vítimas Feridas;Pleno dia;Crescente;Céu Claro;Simples;Reta;Sim;3;0;1;0;2;0;1;2;-29,14802633;-51,53139537;SPRF-RS;DEL06-RS;UOP01-DEL06-RS
402575;18/12/2021;sábado;15:55:00;RS;116;114,5;SAO MARCOS;Frear bruscamente;Colisão traseira;Com Vítimas Fatais;Pleno dia;Decrescente;Céu Claro;Simples;Declive;Sim;2;1;0;0;1;0;0;2;-28,96397179;-51,0753428;SPRF-RS;DEL05-RS;UOP01-DEL05-RS
402608;18/12/2021;sábado;18:20:00;RS;470;175;VERANOPOLIS;Ingestão de álcool pelo condutor;Saída de leito carroçável;Com Vítimas Feridas;Pleno dia;Crescente;Céu Claro;Simples;Reta;Sim;2;0;2;0;0;0;2;1;-28,91926201;-51,53914905;SPRF-RS;DEL06-RS;UOP02-DEL06-RS
402725;19/12/2021;domingo;01:30:00;RS;116;149,9;CAXIAS DO SUL;Manobra de mudança de faixa;Colisão lateral mesmo sentido;Com Vítimas Feridas;Plena Noite;Decrescente;Céu Claro;Dupla;Reta;Não;2;0;1;0;0;1;1;2;-29,15996905;-51,15645292;SPRF-RS;DEL05-RS;UOP01-DEL05-RS
402742;19/12/2021;domingo;06:00:00;RS;470;174;VERANOPOLIS;Acessar a via sem observar a presença dos outros veículos;Colisão traseira;Com Vítimas Feridas;Amanhecer;Decrescente;Céu Claro;Simples;Reta;Não;3;0;0;1;2;0;1;2;-28,91371839;-51,54111754;SPRF-RS;DEL06-RS;UOP02-DEL06-RS
402749;19/12/2021;domingo;06:10:00;RS;470;198;BENTO GONCALVES;Ingestão de álcool pelo condutor;Saída de leito carroçável;Sem Vítimas;Pleno dia;Crescente;Céu Claro;Simples;Curva;Não;2;0;0;0;2;0;0;1;-29,05764849;-51,58750672;SPRF-RS;DEL06-RS;UOP02-DEL06-RS
402817;19/12/2021;domingo;15:15:00;RS;116;195,8;PICADA CAFE;Ultrapassagem Indevida;Tombamento;Com Vítimas Feridas;Pleno dia;Crescente;Céu Claro;Simples;Reta;Sim;1;0;0;1;0;0;1;1;-29,460423;-51,139767;SPRF-RS;DEL05-RS;UOP02-DEL05-RS
402974;20/12/2021;segunda-feira;07:00:00;RS;116;167,1;CAXIAS DO SUL;Mal súbito do condutor;Colisão com objeto;Com Vítimas Fatais;Pleno dia;Crescente;Sol;Simples;Curva;Não;1;1;0;0;0;0;0;1;-29,27521124;-51,1587288;SPRF-RS;DEL05-RS;UOP02-DEL05-RS
403075;20/12/2021;segunda-feira;16:30:00;RS;116;206,8;PICADA CAFE;Ausência de reação do condutor;Colisão com objeto;Com Vítimas Feridas;Pleno dia;Decrescente;Céu Claro;Simples;Curva;Não;2;0;1;0;0;1;1;2;-29,49966726;-51,1306017;SPRF-RS;DEL05-RS;UOP02-DEL05-RS
403116;20/12/2021;segunda-feira;20:50:00;RS;470;194,1;BENTO GONCALVES;Ingestão de álcool pelo condutor;Colisão frontal;Com Vítimas Feridas;Plena Noite;Decrescente;Céu Claro;Simples;"Declive;Curva";Não;2;0;2;0;0;0;2;2;-29,05030203;-51,57387285;SPRF-RS;DEL06-RS;UOP02-DEL06-RS
403153;21/12/2021;terça-feira;07:20:00;RS;116;108,5;SAO MARCOS;Acessar a via sem observar a presença dos outros veículos;Colisão transversal;Com Vítimas Feridas;Pleno dia;Decrescente;Sol;Simples;Curva;Sim;3;0;2;0;1;0;2;2;-28,92514807;-51,09447449;SPRF-RS;DEL05-RS;UOP01-DEL05-RS
403698;23/12/2021;quinta-feira;23:15:00;RS;470;166;VILA FLORES;Ingestão de álcool pelo condutor;Capotamento;Com Vítimas Feridas;Plena Noite;Decrescente;Céu Claro;Simples;Curva;Não;2;0;1;0;1;0;1;1;-28,84766792;-51,57122398;SPRF-RS;DEL06-RS;UOP02-DEL06-RS
403996;25/12/2021;sábado;14:50:00;RS;470;240;BARAO;Ausência de reação do condutor;Saída de leito carroçável;Com Vítimas Feridas;Pleno dia;Crescente;Céu Claro;Simples;Curva;Sim;4;0;4;0;0;0;4;1;-29,3514449;-51,51380192;SPRF-RS;DEL06-RS;UOP01-DEL06-RS
404207;26/12/2021;domingo;17:40:00;RS;470;232;CARLOS BARBOSA;Desrespeitar a preferência no cruzamento;Colisão transversal;Com Vítimas Feridas;Pleno dia;Decrescente;Céu Claro;Simples;Reta;Não;6;0;3;2;1;0;5;3;-29,23579206;-51,51193423;SPRF-RS;DEL06-RS;UOP01-DEL06-RS
404345;27/12/2021;segunda-feira;12:00:00;RS;116;203,1;PICADA CAFE;Velocidade Incompatível;Saída de leito carroçável;Com Vítimas Feridas;Pleno dia;Crescente;Sol;Simples;Curva;Não;1;0;1;0;0;0;1;1;-29,48974091;-51,15345955;SPRF-RS;DEL05-RS;UOP02-DEL05-RS
404365;27/12/2021;segunda-feira;15:15:00;RS;470;218;BENTO GONCALVES;Afundamento ou ondulação no pavimento;Saída de leito carroçável;Com Vítimas Feridas;Pleno dia;Crescente;Céu Claro;Simples;Curva;Não;1;0;1;0;0;0;1;1;-29,17292214;-51,52424936;SPRF-RS;DEL06-RS;UOP01-DEL06-RS
404694;29/12/2021;quarta-feira;18:00:00;RS;116;142;CAXIAS DO SUL;Acessar a via sem observar a presença dos outros veículos;Colisão lateral mesmo sentido;Com Vítimas Feridas;Anoitecer;Decrescente;Nublado;Dupla;Interseção de Vias;Sim;2;0;0;1;1;0;1;2;-29,11727;-51,115208;SPRF-RS;DEL05-RS;UOP01-DEL05-RS
406014;25/11/2021;quinta-feira;06:40:00;RS;470;206,8;BENTO GONCALVES;Conversão proibida;Colisão transversal;Com Vítimas Feridas;Amanhecer;Decrescente;Céu Claro;Simples;Retorno Regulamentado;Sim;2;0;1;1;0;0;2;2;-29,09848896;-51,54380771;SPRF-RS;DEL06-RS;UOP01-DEL06-RS
406074;01/10/2021;sexta-feira;01:30:00;RS;116;151,7;CAXIAS DO SUL;Ingestão de álcool pelo condutor;Colisão com objeto;Com Vítimas Feridas;Plena Noite;Decrescente;Chuva;Dupla;Curva;Sim;2;0;1;1;0;0;2;1;-29,17694502;-51,16173896;SPRF-RS;DEL05-RS;UOP01-DEL05-RS
407253;27/10/2021;quarta-feira;18:45:00;RS;470;209;BENTO GONCALVES;Mal súbito do condutor;Colisão traseira;Sem Vítimas;Anoitecer;Crescente;Céu Claro;Simples;"Retorno Regulamentado;Interseção de Vias;Curva";Sim;4;0;0;0;4;0;0;3;-29,11884198;-51,54231733;SPRF-RS;DEL06-RS;UOP01-DEL06-RS
409534;03/12/2021;sexta-feira;07:00:00;RS;470;228,9;GARIBALDI;Desrespeitar a preferência no cruzamento;Colisão transversal;Com Vítimas Feridas;Pleno dia;Decrescente;Céu Claro;Simples;"Declive;Retorno Regulamentado";Não;2;0;1;0;0;1;1;2;-29,21759706;-51,51703722;SPRF-RS;DEL06-RS;UOP01-DEL06-RS
409542;17/12/2021;sexta-feira;21:30:00;RS;116;174,2;CAXIAS DO SUL;Ausência de reação do condutor;Colisão com objeto;Com Vítimas Feridas;Plena Noite;Crescente;Céu Claro;Simples;Curva;Sim;1;0;1;0;0;0;1;1;-29,33141698;-51,16362896;SPRF-RS;DEL05-RS;UOP02-DEL05-RS
411348;20/11/2021;sábado;14:20:00;RS;116;206,8;PICADA CAFE;Velocidade Incompatível;Queda de ocupante de veículo;Com Vítimas Feridas;Pleno dia;Decrescente;Sol;Simples;Curva;Não;1;0;0;1;0;0;1;1;-29,49966726;-51,1306017;SPRF-RS;DEL05-RS;UOP02-DEL05-RS
422059;12/12/2021;domingo;15:25:00;RS;116;199,8;PICADA CAFE;Reação tardia ou ineficiente do condutor;Queda de ocupante de veículo;Com Vítimas Feridas;Pleno dia;Crescente;Sol;Simples;Curva;Não;3;0;1;1;0;1;2;2;-29,48291667;-51,13579595;SPRF-RS;DEL05-RS;UOP02-DEL05-RS
447531;01/09/2021;quarta-feira;00:30:00;RS;116;147,5;CAXIAS DO SUL;Ingestão de álcool pelo condutor;Colisão com objeto;Sem Vítimas;Plena Noite;Crescente;Céu Claro;Dupla;Curva;Sim;1;0;0;0;1;0;0;1;-29,14908014;-51,1429969;SPRF-RS;DEL05-RS;UOP01-DEL05-RS
410460;22/01/2022;sábado;18:25:00;RS;470;216,5;BENTO GONCALVES;Acessar a via sem observar a presença dos outros veículos;Colisão lateral mesmo sentido;Sem Vítimas;Pleno dia;Decrescente;Céu Claro;Dupla;Reta;Sim;3;0;0;0;2;1;0;2;-29,17000522;-51,52527084;SPRF-RS;DEL06-RS;UOP01-DEL06-RS
411419;27/01/2022;quinta-feira;09:35:00;RS;470;207;BENTO GONCALVES;Acessar a via sem observar a presença dos outros veículos;Colisão transversal;Com Vítimas Feridas;Pleno dia;Crescente;Chuva;Simples;Reta;Sim;4;0;2;0;2;0;2;2;-29,10466121;-51,543716;SPRF-RS;DEL06-RS;UOP01-DEL06-RS
412057;30/01/2022;domingo;21:20:00;RS;470;228,7;GARIBALDI;Reação tardia ou ineficiente do condutor;Saída de leito carroçável;Com Vítimas Feridas;Plena Noite;Decrescente;Céu Claro;Simples;"Reta;Declive";Não;2;0;1;0;0;1;1;2;-29,21759706;-51,51703722;SPRF-RS;DEL06-RS;UOP01-DEL06-RS
412298;20/01/2022;quinta-feira;22:45:00;RS;470;174;VERANOPOLIS;Frear bruscamente;Saída de leito carroçável;Com Vítimas Feridas;Plena Noite;Crescente;Céu Claro;Dupla;Reta;Não;2;0;0;1;0;1;1;2;-28,90964993;-51,54526793;SPRF-RS;DEL06-RS;UOP02-DEL06-RS
412896;04/02/2022;sexta-feira;09:30:00;RS;470;214;BENTO GONCALVES;Reação tardia ou ineficiente do condutor;Colisão lateral mesmo sentido;Com Vítimas Feridas;Pleno dia;Crescente;Nublado;Simples;"Curva;Aclive";Sim;3;0;2;0;1;0;2;2;-29,14408811;-51,53555411;SPRF-RS;DEL06-RS;UOP01-DEL06-RS
413231;06/02/2022;domingo;05:00:00;RS;470;156,9;NOVA PRATA;Iluminação deficiente;Atropelamento de Pedestre;Com Vítimas Fatais;Plena Noite;Decrescente;Nublado;Simples;"Reta;Aclive";Não;2;1;0;0;0;1;0;2;-28,78587279;-51,61410391;SPRF-RS;DEL06-RS;UOP02-DEL06-RS
413498;07/02/2022;segunda-feira;12:45:00;RS;116;131;CAXIAS DO SUL;Ausência de reação do condutor;Colisão lateral sentido oposto;Com Vítimas Feridas;Pleno dia;Decrescente;Céu Claro;Simples;Curva;Não;2;0;1;0;1;0;1;2;-29,04243793;-51,09118821;SPRF-RS;DEL05-RS;UOP01-DEL05-RS
416072;20/02/2022;domingo;13:30:00;RS;116;153,8;CAXIAS DO SUL;Velocidade Incompatível;Tombamento;Com Vítimas Feridas;Pleno dia;Decrescente;Céu Claro;Múltipla;Rotatória;Sim;2;0;1;0;0;1;1;2;-29,18832236;-51,18264198;SPRF-RS;DEL05-RS;UOP01-DEL05-RS
416420;22/02/2022;terça-feira;01:10:00;RS;470;162;NOVA PRATA;Velocidade Incompatível;Colisão traseira;Com Vítimas Feridas;Plena Noite;Decrescente;Céu Claro;Simples;Reta;Sim;3;0;1;0;1;1;1;3;-28,82572058;-51,58308875;SPRF-RS;DEL06-RS;UOP02-DEL06-RS
416569;22/02/2022;terça-feira;17:10:00;RS;470;201;BENTO GONCALVES;Reação tardia ou ineficiente do condutor;Saída de leito carroçável;Com Vítimas Feridas;Pleno dia;Decrescente;Nublado;Simples;"Declive;Curva";Não;1;0;1;0;0;0;1;1;-29,07627535;-51,58905029;SPRF-RS;DEL06-RS;UOP02-DEL06-RS
417961;01/03/2022;terça-feira;07:45:00;RS;470;162,5;NOVA PRATA;Transitar na contramão;Colisão frontal;Com Vítimas Feridas;Pleno dia;Crescente;Nublado;Simples;Reta;Não;3;0;1;0;2;0;1;2;-28,82207304;-51,58755803;SPRF-RS;DEL06-RS;UOP02-DEL06-RS
418320;03/03/2022;quinta-feira;10:15:00;RS;470;240;BARAO;Reação tardia ou ineficiente do condutor;Colisão frontal;Com Vítimas Feridas;Pleno dia;Crescente;Céu Claro;Simples;Curva;Não;3;0;1;0;1;1;1;3;-29,33853872;-51,5054282;SPRF-RS;DEL06-RS;UOP01-DEL06-RS
419178;07/03/2022;segunda-feira;01:00:00;RS;470;227;GARIBALDI;Reação tardia ou ineficiente do condutor;Saída de leito carroçável;Sem Vítimas;Plena Noite;Decrescente;Garoa/Chuvisco;Simples;Curva;Sim;1;0;0;0;1;0;0;1;-29,21657705;-51,51722624;SPRF-RS;DEL06-RS;UOP01-DEL06-RS
419595;09/03/2022;quarta-feira;19:20:00;RS;470;195;BENTO GONCALVES;Reação tardia ou ineficiente do condutor;Saída de leito carroçável;Com Vítimas Feridas;Plena Noite;Decrescente;Nublado;Simples;"Declive;Reta";Não;2;0;2;0;0;0;2;1;-29,05097073;-51,58205288;SPRF-RS;DEL06-RS;UOP02-DEL06-RS
419951;11/03/2022;sexta-feira;17:45:00;RS;470;163,5;NOVA PRATA;Reação tardia ou ineficiente do condutor;Colisão traseira;Com Vítimas Feridas;Pleno dia;Crescente;Chuva;Simples;Reta;Não;2;0;1;0;1;0;1;2;-28,8287496;-51,57911897;SPRF-RS;DEL06-RS;UOP02-DEL06-RS
421708;20/03/2022;domingo;09:44:00;RS;470;218;BENTO GONCALVES;Velocidade Incompatível;Colisão frontal;Com Vítimas Feridas;Pleno dia;Crescente;Garoa/Chuvisco;Simples;Curva;Não;2;0;0;1;1;0;1;2;-29,17292214;-51,52424936;SPRF-RS;DEL06-RS;UOP01-DEL06-RS
421807;20/03/2022;domingo;19:50:00;RS;470;154,8;NOVA PRATA;Ingestão de álcool pelo condutor;Colisão frontal;Sem Vítimas;Plena Noite;Decrescente;Nublado;Simples;Reta;Não;3;0;0;0;2;1;0;3;-28,77116542;-51,61806285;SPRF-RS;DEL06-RS;UOP02-DEL06-RS
421968;21/03/2022;segunda-feira;16:50:00;RS;116;194;PICADA CAFE;Acessar a via sem observar a presença dos outros veículos;Colisão frontal;Com Vítimas Feridas;Pleno dia;Decrescente;Céu Claro;Dupla;Interseção de Vias;Sim;3;0;2;0;1;0;2;3;-29,45426575;-51,13702297;SPRF-RS;DEL05-RS;UOP02-DEL05-RS
422285;06/01/2022;quinta-feira;13:00:00;RS;470;156,5;NOVA PRATA;Manobra de mudança de faixa;Colisão lateral mesmo sentido;Com Vítimas Feridas;Pleno dia;Decrescente;Sol;Simples;Reta;Não;3;0;0;1;1;1;1;3;-28,78874508;-51,61532195;SPRF-RS;DEL06-RS;UOP02-DEL06-RS
423562;30/03/2022;quarta-feira;10:00:00;RS;470;199;BENTO GONCALVES;Pista Escorregadia;Colisão lateral sentido oposto;Sem Vítimas;Pleno dia;Crescente;Chuva;Simples;"Curva;Aclive";Não;3;0;0;0;2;1;0;3;-29,06736768;-51,57996108;SPRF-RS;DEL06-RS;UOP02-DEL06-RS
423571;30/03/2022;quarta-feira;14:00:00;RS;470;201,7;BENTO GONCALVES;Falta de acostamento;Colisão lateral mesmo sentido;Sem Vítimas;Pleno dia;Decrescente;Chuva;Simples;Curva;Não;3;0;0;0;3;0;0;3;-29,07499386;-51,58739805;SPRF-RS;DEL06-RS;UOP02-DEL06-RS
423623;30/03/2022;quarta-feira;16:00:00;RS;470;191;VERANOPOLIS;Demais Fenômenos da natureza;Derramamento de carga;Sem Vítimas;Pleno dia;Crescente;Chuva;Simples;"Reta;Declive";Não;2;0;0;0;2;0;0;1;-29,03641102;-51,56675946;SPRF-RS;DEL06-RS;UOP02-DEL06-RS
423889;01/04/2022;sexta-feira;10:25:00;RS;116;147,4;CAXIAS DO SUL;Manobra de mudança de faixa;Colisão lateral mesmo sentido;Com Vítimas Feridas;Pleno dia;Decrescente;Céu Claro;Dupla;Reta;Sim;4;0;1;0;3;0;1;3;-29,14908014;-51,1429969;SPRF-RS;DEL05-RS;UOP01-DEL05-RS
429966;08/04/2022;sexta-feira;21:50:00;RS;470;165,9;VILA FLORES;Reação tardia ou ineficiente do condutor;Colisão lateral sentido oposto;Com Vítimas Feridas;Plena Noite;Crescente;Nublado;Dupla;Reta;Não;4;0;2;0;2;0;2;2;-28,84169703;-51,57429796;SPRF-RS;DEL06-RS;UOP02-DEL06-RS
442860;10/04/2022;domingo;05:30:00;RS;470;215;BENTO GONCALVES;Reação tardia ou ineficiente do condutor;Saída de leito carroçável;Com Vítimas Feridas;Plena Noite;Decrescente;Céu Claro;Simples;"Declive;Curva";Sim;1;0;1;0;0;0;1;1;-29,150635;-51,530241;SPRF-RS;DEL06-RS;UOP01-DEL06-RS
442954;11/04/2022;segunda-feira;16:40:00;RS;116;149,8;CAXIAS DO SUL;Frear bruscamente;Colisão traseira;Sem Vítimas;Pleno dia;Crescente;Nublado;Dupla;"Retorno Regulamentado;Reta";Sim;4;0;0;0;4;0;0;2;-29,1599473;-51,15664601;SPRF-RS;DEL05-RS;UOP01-DEL05-RS
444202;17/04/2022;domingo;06:40:00;RS;470;182,5;VERANOPOLIS;Reação tardia ou ineficiente do condutor;Colisão frontal;Sem Vítimas;Pleno dia;Decrescente;Nublado;Simples;"Declive;Curva";Não;2;0;0;0;1;1;0;2;-28,98103995;-51,56650172;SPRF-RS;DEL06-RS;UOP02-DEL06-RS
444528;18/04/2022;segunda-feira;11:10:00;RS;116;164;CAXIAS DO SUL;Reação tardia ou ineficiente do condutor;Tombamento;Sem Vítimas;Pleno dia;Crescente;Céu Claro;Simples;Curva;Não;2;0;0;0;2;0;0;1;-29,26344857;-51,16113999;SPRF-RS;DEL05-RS;UOP02-DEL05-RS
444822;19/04/2022;terça-feira;18:10:00;RS;116;149;CAXIAS DO SUL;Ausência de reação do condutor;Colisão lateral mesmo sentido;Sem Vítimas;Anoitecer;Crescente;Nublado;Dupla;Reta;Sim;3;0;0;0;2;1;0;3;-29,15996905;-51,15645292;SPRF-RS;DEL05-RS;UOP01-DEL05-RS
445008;20/04/2022;quarta-feira;17:45:00;RS;470;177;VERANOPOLIS;Acessar a via sem observar a presença dos outros veículos;Colisão transversal;Com Vítimas Feridas;Pleno dia;Crescente;Nublado;Simples;Reta;Sim;2;0;1;0;1;0;1;2;-28,93915139;-51,54591976;SPRF-RS;DEL06-RS;UOP02-DEL06-RS
446499;28/04/2022;quinta-feira;12:00:00;RS;116;112,2;SAO MARCOS;Velocidade Incompatível;Tombamento;Com Vítimas Feridas;Pleno dia;Decrescente;Garoa/Chuvisco;Simples;Reta;Sim;2;0;0;1;0;1;1;2;-28,94827931;-51,08170135;SPRF-RS;DEL05-RS;UOP01-DEL05-RS
447346;14/04/2022;quinta-feira;06:15:00;RS;470;194,8;BENTO GONCALVES;Velocidade Incompatível;Saída de leito carroçável;Com Vítimas Feridas;Amanhecer;Decrescente;Céu Claro;Simples;Curva;Sim;2;0;0;1;0;1;1;2;-29,05163039;-51,58087492;SPRF-RS;DEL06-RS;UOP02-DEL06-RS
447581;03/05/2022;terça-feira;14:55:00;RS;470;187,9;VERANOPOLIS;Velocidade Incompatível;Saída de leito carroçável;Com Vítimas Feridas;Pleno dia;Crescente;Chuva;Simples;Curva;Sim;3;0;1;0;1;1;1;3;-29,0076243;-51,56267881;SPRF-RS;DEL06-RS;UOP02-DEL06-RS
448776;09/05/2022;segunda-feira;12:50:00;RS;470;195;BENTO GONCALVES;Reação tardia ou ineficiente do condutor;Saída de leito carroçável;Com Vítimas Feridas;Pleno dia;Decrescente;Céu Claro;Simples;"Reta;Declive";Não;2;0;1;0;0;1;1;2;-29,1769078;-51,5208871;SPRF-RS;DEL06-RS;UOP02-DEL06-RS
451550;23/05/2022;segunda-feira;12:50:00;RS;470;232;CARLOS BARBOSA;Acessar a via sem observar a presença dos outros veículos;Colisão transversal;Com Vítimas Feridas;Pleno dia;Decrescente;Céu Claro;Simples;Rotatória;Não;2;0;1;0;1;0;1;2;-29,29848109;-51,48076147;SPRF-RS;DEL06-RS;UOP01-DEL06-RS
452866;30/05/2022;segunda-feira;03:30:00;RS;470;154;NOVA PRATA;Acessar a via sem observar a presença dos outros veículos;Colisão transversal;Sem Vítimas;Plena Noite;Crescente;Garoa/Chuvisco;Dupla;Rotatória;Não;3;0;0;0;1;2;0;3;-28,77711311;-51,61126545;SPRF-RS;DEL06-RS;UOP02-DEL06-RS
453126;31/05/2022;terça-feira;14:00:00;RS;116;152,9;CAXIAS DO SUL;Semáforo com defeito;Colisão transversal;Com Vítimas Feridas;Pleno dia;Decrescente;Sol;Dupla;Interseção de Vias;Sim;2;0;0;1;1;0;1;2;-29,1829343;-51,16801501;SPRF-RS;DEL05-RS;UOP01-DEL05-RS
453352;01/06/2022;quarta-feira;18:05:00;RS;470;204;BENTO GONCALVES;Reação tardia ou ineficiente do condutor;Colisão lateral sentido oposto;Sem Vítimas;Plena Noite;Decrescente;Chuva;Simples;Curva;Não;3;0;0;0;2;1;0;2;-29,082081;-51,560932;SPRF-RS;DEL06-RS;UOP01-DEL06-RS
458698;29/06/2022;quarta-feira;17:20:00;RS;470;223;GARIBALDI;Desrespeitar a preferência no cruzamento;Colisão transversal;Com Vítimas Feridas;Anoitecer;Crescente;Céu Claro;Simples;"Aclive;Reta;Retorno Regulamentado";Sim;3;0;1;0;2;0;1;2;-29,22731429;-51,51627844;SPRF-RS;DEL06-RS;UOP01-DEL06-RS
461166;11/07/2022;segunda-feira;18:00:00;RS;470;221;GARIBALDI;Ultrapassagem Indevida;Colisão lateral mesmo sentido;Com Vítimas Feridas;Anoitecer;Decrescente;Céu Claro;Simples;Reta;Sim;3;0;1;0;2;0;1;3;-29,19516365;-51,51950463;SPRF-RS;DEL06-RS;UOP01-DEL06-RS
462831;20/07/2022;quarta-feira;14:00:00;RS;470;157;NOVA PRATA;Condutor deixou de manter distância do veículo da frente;Colisão traseira;Com Vítimas Feridas;Pleno dia;Crescente;Céu Claro;Simples;Reta;Não;3;0;2;0;1;0;2;2;-28,79507068;-51,61584453;SPRF-RS;DEL06-RS;UOP02-DEL06-RS
463081;21/07/2022;quinta-feira;19:30:00;RS;470;165;VERANOPOLIS;Carga excessiva e/ou mal acondicionada;Derramamento de carga;Sem Vítimas;Plena Noite;Crescente;Céu Claro;Simples;Reta;Não;3;0;0;0;2;1;0;3;-28,84169703;-51,57429796;SPRF-RS;DEL06-RS;UOP02-DEL06-RS
466050;05/08/2022;sexta-feira;10:00:00;RS;116;165,5;CAXIAS DO SUL;Demais falhas mecânicas ou elétricas;Incêndio;Sem Vítimas;Pleno dia;Decrescente;Céu Claro;Simples;Curva;Não;1;0;0;0;1;0;0;1;-29,2596449;-51,1574433;SPRF-RS;DEL05-RS;UOP02-DEL05-RS
467144;10/08/2022;quarta-feira;14:25:00;RS;116;147;CAXIAS DO SUL;Manobra de mudança de faixa;Colisão lateral mesmo sentido;Sem Vítimas;Pleno dia;Decrescente;Céu Claro;Dupla;Reta;Sim;2;0;0;0;2;0;0;2;-29,14908014;-51,1429969;SPRF-RS;DEL05-RS;UOP01-DEL05-RS
467202;10/08/2022;quarta-feira;19:30:00;RS;470;194;BENTO GONCALVES;Reação tardia ou ineficiente do condutor;Colisão transversal;Com Vítimas Feridas;Pleno dia;Crescente;Céu Claro;Simples;"Curva;Aclive";Não;4;0;2;0;1;1;2;3;-29,05030203;-51,57387285;SPRF-RS;DEL06-RS;UOP02-DEL06-RS
468862;18/08/2022;quinta-feira;14:15:00;RS;116;144;CAXIAS DO SUL;Manobra de mudança de faixa;Colisão traseira;Com Vítimas Feridas;Pleno dia;Decrescente;Nublado;Dupla;Reta;Sim;2;0;1;0;0;1;1;2;-29,1267449;-51,12768983;SPRF-RS;DEL05-RS;UOP01-DEL05-RS
469718;22/08/2022;segunda-feira;17:15:00;RS;116;217;MORRO REUTER;Reação tardia ou ineficiente do condutor;Saída de leito carroçável;Com Vítimas Feridas;Anoitecer;Decrescente;Céu Claro;Simples;Reta;Não;1;0;1;0;0;0;1;1;-29,54396389;-51,08555876;SPRF-RS;DEL05-RS;UOP02-DEL05-RS
470174;25/08/2022;quinta-feira;08:20:00;RS;470;228;GARIBALDI;Transitar na contramão;Colisão frontal;Com Vítimas Feridas;Pleno dia;Crescente;Céu Claro;Simples;"Retorno Regulamentado;Declive";Não;3;0;2;0;0;1;2;3;-29,21759706;-51,51703722;SPRF-RS;DEL06-RS;UOP01-DEL06-RS
471482;31/08/2022;quarta-feira;18:25:00;RS;116;151,3;CAXIAS DO SUL;Pedestre cruzava a pista fora da faixa;Atropelamento de Pedestre;Com Vítimas Feridas;Anoitecer;Crescente;Céu Claro;Dupla;Aclive;Sim;3;0;0;1;1;1;1;2;-29,17694502;-51,16173896;SPRF-RS;DEL05-RS;UOP01-DEL05-RS
477008;26/09/2022;segunda-feira;12:40:00;RS;116;194,4;PICADA CAFE;Transitar na contramão;Colisão frontal;Com Vítimas Feridas;Pleno dia;Crescente;Céu Claro;Simples;Curva;Sim;3;0;0;1;2;0;1;3;-29,45252442;-51,13569545;SPRF-RS;DEL05-RS;UOP02-DEL05-RS
477226;27/09/2022;terça-feira;12:00:00;RS;470;204,5;BENTO GONCALVES;Transitar na contramão;Colisão frontal;Com Vítimas Fatais;Pleno dia;Crescente;Céu Claro;Simples;"Declive;Reta";Não;3;1;1;0;1;0;1;2;-29,07878136;-51,5682871;SPRF-RS;DEL06-RS;UOP01-DEL06-RS
477742;30/09/2022;sexta-feira;12:15:00;RS;116;154;CAXIAS DO SUL;Reação tardia ou ineficiente do condutor;Colisão traseira;Com Vítimas Feridas;Pleno dia;Crescente;Céu Claro;Simples;Reta;Sim;3;0;1;0;1;1;1;3;-29,19074818;-51,18073734;SPRF-RS;DEL05-RS;UOP01-DEL05-RS
478755;05/10/2022;quarta-feira;13:20:00;RS;470;159;NOVA PRATA;Desrespeitar a preferência no cruzamento;Colisão transversal;Com Vítimas Feridas;Pleno dia;Crescente;Céu Claro;Simples;Interseção de Vias;Sim;4;0;3;0;1;0;3;2;-28,80586721;-51,60682934;SPRF-RS;DEL06-RS;UOP02-DEL06-RS
478901;19/05/2022;quinta-feira;10:50:00;RS;470;178;VERANOPOLIS;Semáforo com defeito;Colisão transversal;Com Vítimas Feridas;Pleno dia;Decrescente;Garoa/Chuvisco;Simples;Interseção de Vias;Sim;2;0;1;0;1;0;1;2;-28,94753484;-51,55413312;SPRF-RS;DEL06-RS;UOP02-DEL06-RS
479192;26/07/2022;terça-feira;19:10:00;RS;470;228;GARIBALDI;Acessar a via sem observar a presença dos outros veículos;Colisão transversal;Com Vítimas Feridas;Plena Noite;Decrescente;Céu Claro;Dupla;Interseção de Vias;Não;6;0;4;1;1;0;5;2;-29,21759706;-51,51703722;SPRF-RS;DEL06-RS;UOP01-DEL06-RS
479629;18/08/2022;quinta-feira;06:30:00;RS;470;232;CARLOS BARBOSA;Velocidade Incompatível;Colisão transversal;Com Vítimas Feridas;Amanhecer;Decrescente;Chuva;Simples;Curva;Não;4;0;2;1;1;0;3;2;-29,23579206;-51,51193423;SPRF-RS;DEL06-RS;UOP01-DEL06-RS
479872;10/10/2022;segunda-feira;13:30:00;RS;116;142,8;CAXIAS DO SUL;Reação tardia ou ineficiente do condutor;Engavetamento;Com Vítimas Feridas;Pleno dia;Crescente;Chuva;Dupla;Interseção de Vias;Sim;7;0;1;0;6;0;1;7;-29,11727;-51,115208;SPRF-RS;DEL05-RS;UOP01-DEL05-RS
480746;15/10/2022;sábado;08:00:00;RS;470;216;BENTO GONCALVES;Manobra de mudança de faixa;Colisão lateral mesmo sentido;Com Vítimas Feridas;Pleno dia;Decrescente;Céu Claro;Dupla;Reta;Sim;2;0;1;0;1;0;1;2;-29,17291052;-51,52415693;SPRF-RS;DEL06-RS;UOP01-DEL06-RS
483293;27/10/2022;quinta-feira;19:25:00;RS;116;132;CAXIAS DO SUL;Demais falhas mecânicas ou elétricas;Colisão com objeto;Com Vítimas Feridas;Plena Noite;Decrescente;Nublado;Simples;Curva;Não;3;0;0;1;2;0;1;1;-29,05058626;-51,09156082;SPRF-RS;DEL05-RS;UOP01-DEL05-RS
483693;29/10/2022;sábado;14:50:00;RS;116;105,5;SAO MARCOS;Velocidade Incompatível;Tombamento;Sem Vítimas;Pleno dia;Crescente;Céu Claro;Simples;Curva;Não;2;0;0;0;1;1;0;2;-28,91254612;-51,11046562;SPRF-RS;DEL05-RS;UOP01-DEL05-RS
483941;30/10/2022;domingo;18:15:00;RS;470;225,2;GARIBALDI;Ingestão de álcool pelo condutor;Colisão traseira;Com Vítimas Feridas;Pleno dia;Decrescente;Céu Claro;Múltipla;Rotatória;Não;2;0;1;0;0;1;1;2;-29,21454003;-51,51762617;SPRF-RS;DEL06-RS;UOP01-DEL06-RS
484085;31/10/2022;segunda-feira;09:30:00;RS;470;228;GARIBALDI;Desrespeitar a preferência no cruzamento;Colisão transversal;Com Vítimas Feridas;Pleno dia;Crescente;Chuva;Simples;"Rotatória;Interseção de Vias";Não;4;0;1;0;2;1;1;3;-29,21759706;-51,51703722;SPRF-RS;DEL06-RS;UOP01-DEL06-RS
484570;03/11/2022;quinta-feira;14:50:00;RS;470;226;GARIBALDI;Acessar a via sem observar a presença dos outros veículos;Colisão transversal;Com Vítimas Feridas;Pleno dia;Decrescente;Céu Claro;Dupla;Interseção de Vias;Sim;4;0;1;0;3;0;1;2;-29,21556004;-51,51743821;SPRF-RS;DEL06-RS;UOP01-DEL06-RS
484775;06/10/2022;quinta-feira;07:40:00;RS;470;240;CARLOS BARBOSA;Transitar na contramão;Colisão frontal;Com Vítimas Feridas;Pleno dia;Crescente;Garoa/Chuvisco;Simples;Curva;Não;4;0;3;0;1;0;3;3;-29,33853872;-51,5054282;SPRF-RS;DEL06-RS;UOP01-DEL06-RS
488689;22/11/2022;terça-feira;10:00:00;RS;116;146;CAXIAS DO SUL;Condutor deixou de manter distância do veículo da frente;Colisão traseira;Com Vítimas Feridas;Pleno dia;Crescente;Chuva;Dupla;Reta;Sim;3;0;1;0;2;0;1;2;-29,14228897;-51,13622202;SPRF-RS;DEL05-RS;UOP01-DEL05-RS
489324;21/11/2022;segunda-feira;02:15:00;RS;470;194;BENTO GONCALVES;Velocidade Incompatível;Colisão frontal;Com Vítimas Feridas;Plena Noite;Decrescente;Céu Claro;Simples;"Declive;Curva";Não;3;0;2;0;1;0;2;2;-29,05068399;-51,57438029;SPRF-RS;DEL06-RS;UOP02-DEL06-RS
490552;03/12/2022;sábado;14:00:00;RS;116;158,2;CAXIAS DO SUL;Reação tardia ou ineficiente do condutor;Saída de leito carroçável;Com Vítimas Feridas;Pleno dia;Crescente;Céu Claro;Simples;Curva;Não;2;0;1;0;0;1;1;2;-29,22015528;-51,16867117;SPRF-RS;DEL05-RS;UOP01-DEL05-RS
490874;05/12/2022;segunda-feira;07:50:00;RS;470;225;GARIBALDI;Acessar a via sem observar a presença dos outros veículos;Colisão transversal;Com Vítimas Feridas;Pleno dia;Crescente;Nublado;Simples;"Curva;Interseção de Vias;Declive";Sim;9;0;2;0;6;2;2;5;-29,21454003;-51,51762617;SPRF-RS;DEL06-RS;UOP01-DEL06-RS
490949;05/12/2022;segunda-feira;15:00:00;RS;116;149,7;CAXIAS DO SUL;Reação tardia ou ineficiente do condutor;Colisão traseira;Com Vítimas Feridas;Pleno dia;Crescente;Nublado;Dupla;"Reta;Declive";Sim;5;0;1;0;4;0;1;4;-29,15996905;-51,15645292;SPRF-RS;DEL05-RS;UOP01-DEL05-RS
491326;07/12/2022;quarta-feira;11:00:00;RS;116;157;CAXIAS DO SUL;Acessar a via sem observar a presença dos outros veículos;Atropelamento de Pedestre;Com Vítimas Feridas;Pleno dia;Crescente;Céu Claro;Simples;Declive;Não;3;0;0;1;1;1;1;2;-29,21503981;-51,17675573;SPRF-RS;DEL05-RS;UOP01-DEL05-RS
491727;09/12/2022;sexta-feira;12:35:00;RS;470;228,5;GARIBALDI;Mal súbito do condutor;Saída de leito carroçável;Com Vítimas Feridas;Pleno dia;Crescente;Céu Claro;Simples;"Aclive;Reta";Sim;2;0;1;0;0;1;1;2;-29,21759706;-51,51703722;SPRF-RS;DEL06-RS;UOP01-DEL06-RS
491944;10/12/2022;sábado;12:20:00;RS;470;225;GARIBALDI;Acessar a via sem observar a presença dos outros veículos;Colisão transversal;Com Vítimas Feridas;Pleno dia;Crescente;Sol;Simples;"Retorno Regulamentado;Reta";Sim;5;0;1;0;4;0;1;2;-29,21454003;-51,51762617;SPRF-RS;DEL06-RS;UOP01-DEL06-RS
492450;12/12/2022;segunda-feira;16:00:00;RS;470;218;BENTO GONCALVES;Manobra de mudança de faixa;Colisão transversal;Com Vítimas Feridas;Pleno dia;Crescente;Nublado;Simples;"Declive;Curva";Não;7;0;3;0;4;0;3;4;-29,17292214;-51,52424936;SPRF-RS;DEL06-RS;UOP01-DEL06-RS
492767;14/12/2022;quarta-feira;14:45:00;RS;116;144;CAXIAS DO SUL;Carga excessiva e/ou mal acondicionada;Tombamento;Com Vítimas Feridas;Pleno dia;Crescente;Céu Claro;Dupla;Reta;Sim;3;0;1;0;1;1;1;3;-29,13174245;-51,12891197;SPRF-RS;DEL05-RS;UOP01-DEL05-RS
495971;29/12/2022;quinta-feira;09:37:00;RS;470;192;VERANOPOLIS;Problema com o freio;Colisão traseira;Com Vítimas Feridas;Pleno dia;Crescente;Céu Claro;Simples;"Declive;Curva";Não;22;0;5;0;17;0;5;9;-29,03826903;-51,56647017;SPRF-RS;DEL06-RS;UOP02-DEL06-RS
422179;22/03/2022;terça-feira;20:20:00;RS;470;215;BENTO GONCALVES;Pedestre cruzava a pista fora da faixa;Atropelamento de Pedestre;Com Vítimas Feridas;Plena Noite;Decrescente;Céu Claro;Simples;Reta;Sim;3;0;0;1;1;1;1;3;-29,1600972;-51,52912974;SPRF-RS;DEL06-RS;UOP01-DEL06-RS
484598;03/11/2022;quinta-feira;18:05:00;RS;116;152,2;CAXIAS DO SUL;Velocidade Incompatível;Tombamento;Com Vítimas Feridas;Pleno dia;Decrescente;Céu Claro;Simples;Curva;Sim;3;0;0;1;1;1;1;3;-29,1829343;-51,16801501;SPRF-RS;DEL05-RS;UOP01-DEL05-RS
486172;11/11/2022;sexta-feira;18:00:00;RS;116;132;CAXIAS DO SUL;Ultrapassagem Indevida;Colisão frontal;Com Vítimas Feridas;Anoitecer;Crescente;Nublado;Simples;Reta;Não;4;0;1;0;2;1;1;3;-29,05058626;-51,09156082;SPRF-RS;DEL05-RS;UOP01-DEL05-RS
405550;02/01/2022;domingo;21:20:00;RS;116;151,3;CAXIAS DO SUL;Velocidade Incompatível;Tombamento;Com Vítimas Feridas;Plena Noite;Crescente;Garoa/Chuvisco;Dupla;Declive;Sim;2;0;2;0;0;0;2;1;-29,17694502;-51,16173896;SPRF-RS;DEL05-RS;UOP01-DEL05-RS
405951;04/01/2022;terça-feira;18:30:00;RS;470;214;BENTO GONCALVES;Acesso irregular;Colisão transversal;Com Vítimas Feridas;Anoitecer;Crescente;Céu Claro;Simples;Curva;Sim;3;0;3;0;0;0;3;2;-29,14408811;-51,53555411;SPRF-RS;DEL06-RS;UOP01-DEL06-RS
407487;08/01/2022;sábado;11:44:00;RS;470;177;VERANOPOLIS;Condutor deixou de manter distância do veículo da frente;Colisão frontal;Com Vítimas Feridas;Pleno dia;Crescente;Céu Claro;Simples;Reta;Não;4;0;4;0;0;0;4;2;-28,91926201;-51,53914905;SPRF-RS;DEL06-RS;UOP02-DEL06-RS
407551;08/01/2022;sábado;19:22:00;RS;116;146,4;CAXIAS DO SUL;Manobra de mudança de faixa;Colisão lateral mesmo sentido;Com Vítimas Feridas;Anoitecer;Crescente;Céu Claro;Dupla;Reta;Sim;3;0;1;1;1;0;2;2;-29,14228897;-51,13622202;SPRF-RS;DEL05-RS;UOP01-DEL05-RS
407603;09/01/2022;domingo;00:30:00;RS;470;166;VILA FLORES;Reação tardia ou ineficiente do condutor;Saída de leito carroçável;Com Vítimas Feridas;Plena Noite;Decrescente;Céu Claro;Simples;Curva;Não;1;0;1;0;0;0;1;1;-28,84766792;-51,57122398;SPRF-RS;DEL06-RS;UOP02-DEL06-RS
407994;10/01/2022;segunda-feira;17:43:00;RS;470;218;BENTO GONCALVES;Reação tardia ou ineficiente do condutor;Tombamento;Com Vítimas Feridas;Pleno dia;Decrescente;Céu Claro;Simples;Curva;Não;1;0;1;0;0;0;1;1;-29,17292214;-51,52424936;SPRF-RS;DEL06-RS;UOP01-DEL06-RS
408039;11/01/2022;terça-feira;04:40:00;RS;470;146;NOVA PRATA;Ingestão de álcool pelo condutor;Saída de leito carroçável;Sem Vítimas;Amanhecer;Crescente;Céu Claro;Simples;Curva;Sim;2;0;0;0;2;0;0;1;-28,70856476;-51,61384342;SPRF-RS;DEL06-RS;UOP02-DEL06-RS
408524;14/01/2022;sexta-feira;07:45:00;RS;116;159,5;CAXIAS DO SUL;Reação tardia ou ineficiente do condutor;Engavetamento;Com Vítimas Feridas;Pleno dia;Decrescente;Céu Claro;Simples;Reta;Sim;5;0;1;0;1;3;1;4;-29,22511711;-51,16049118;SPRF-RS;DEL05-RS;UOP01-DEL05-RS
408615;14/01/2022;sexta-feira;17:30:00;RS;116;149,5;CAXIAS DO SUL;Condutor deixou de manter distância do veículo da frente;Colisão traseira;Com Vítimas Feridas;Pleno dia;Crescente;Céu Claro;Dupla;Reta;Sim;6;0;1;0;4;1;1;3;-29,15996905;-51,15645292;SPRF-RS;DEL05-RS;UOP01-DEL05-RS
408620;14/01/2022;sexta-feira;17:50:00;RS;116;160,3;CAXIAS DO SUL;Reação tardia ou ineficiente do condutor;Colisão traseira;Com Vítimas Feridas;Pleno dia;Decrescente;Céu Claro;Simples;Reta;Sim;3;0;1;0;1;1;1;2;-29,23493822;-51,15678549;SPRF-RS;DEL05-RS;UOP01-DEL05-RS
408751;15/01/2022;sábado;06:45:00;RS;470;157;NOVA PRATA;Ultrapassagem Indevida;Colisão traseira;Sem Vítimas;Amanhecer;Decrescente;Céu Claro;Simples;Reta;Não;6;0;0;0;6;0;0;2;-28,79507068;-51,61584453;SPRF-RS;DEL06-RS;UOP02-DEL06-RS
408943;16/01/2022;domingo;05:50:00;RS;116;148,8;CAXIAS DO SUL;Ausência de reação do condutor;Saída de leito carroçável;Com Vítimas Feridas;Amanhecer;Decrescente;Céu Claro;Dupla;Curva;Sim;2;0;2;0;0;0;2;1;-29,15444539;-51,15101681;SPRF-RS;DEL05-RS;UOP01-DEL05-RS
409547;17/01/2022;segunda-feira;17:00:00;RS;116;127;SAO MARCOS;Reação tardia ou ineficiente do condutor;Colisão traseira;Sem Vítimas;Pleno dia;Crescente;Céu Claro;Múltipla;Reta;Não;2;0;0;0;2;0;0;2;-29,02646869;-51,11018528;SPRF-RS;DEL05-RS;UOP01-DEL05-RS
410140;21/01/2022;sexta-feira;04:30:00;RS;470;195;BENTO GONCALVES;Avarias e/ou desgaste excessivo no pneu;Saída de leito carroçável;Com Vítimas Feridas;Amanhecer;Decrescente;Céu Claro;Simples;Curva;Não;1;0;1;0;0;0;1;1;-29,05097073;-51,58205288;SPRF-RS;DEL06-RS;UOP02-DEL06-RS
410334;22/01/2022;sábado;05:00:00;RS;116;147,6;CAXIAS DO SUL;Ingestão de álcool pelo condutor;Colisão com objeto;Sem Vítimas;Amanhecer;Crescente;Céu Claro;Múltipla;Curva;Sim;1;0;0;0;1;0;0;1;-29,14908014;-51,1429969;SPRF-RS;DEL05-RS;UOP01-DEL05-RS
410502;22/01/2022;sábado;21:25:00;RS;470;167,1;VILA FLORES;Reação tardia ou ineficiente do condutor;Colisão traseira;Sem Vítimas;Plena Noite;Crescente;Céu Claro;Simples;Reta;Não;5;0;0;0;2;3;0;3;-28,850615;-51,562645;SPRF-RS;DEL06-RS;UOP02-DEL06-RS
410772;24/01/2022;segunda-feira;02:45:00;RS;116;204,5;PICADA CAFE;Velocidade Incompatível;Tombamento;Com Vítimas Fatais;Plena Noite;Crescente;Céu Claro;Simples;"Curva;Em Obras";Não;1;1;0;0;0;0;0;1;-29,49524134;-51,14188313;SPRF-RS;DEL05-RS;UOP02-DEL05-RS
410989;25/01/2022;terça-feira;06:55:00;RS;470;226;GARIBALDI;Problema com o freio;Eventos atípicos;Com Vítimas Feridas;Pleno dia;Crescente;Céu Claro;Simples;Reta;Não;1;0;1;0;0;0;1;1;-29,21556004;-51,51743821;SPRF-RS;DEL06-RS;UOP01-DEL06-RS
411072;25/01/2022;terça-feira;16:10:00;RS;470;194;BENTO GONCALVES;Acumulo de água sobre o pavimento;Colisão frontal;Com Vítimas Feridas;Pleno dia;Decrescente;Chuva;Simples;Curva;Não;4;0;1;0;3;0;1;2;-29,06;-51,58;SPRF-RS;DEL06-RS;UOP02-DEL06-RS
411094;25/01/2022;terça-feira;16:10:00;RS;470;186,9;VERANOPOLIS;Acumulo de água sobre o pavimento;Saída de leito carroçável;Com Vítimas Feridas;Pleno dia;Crescente;Chuva;Simples;"Declive;Curva";Não;1;0;1;0;0;0;1;1;-29,00527945;-51,55425765;SPRF-RS;DEL06-RS;UOP02-DEL06-RS
411346;19/01/2022;quarta-feira;15:30:00;RS;116;163,6;CAXIAS DO SUL;Ausência de reação do condutor;Colisão lateral mesmo sentido;Com Vítimas Feridas;Pleno dia;Crescente;Sol;Simples;Declive;Não;2;0;1;0;1;0;1;2;-29,25506295;-51,16005783;SPRF-RS;DEL05-RS;UOP02-DEL05-RS
411415;27/01/2022;quinta-feira;14:15:00;RS;470;220,1;BENTO GONCALVES;Desrespeitar a preferência no cruzamento;Colisão transversal;Com Vítimas Feridas;Pleno dia;Crescente;Chuva;Simples;"Aclive;Reta;Interseção de Vias";Sim;2;0;1;0;1;0;1;2;-29,19810833;-51,51861727;SPRF-RS;DEL06-RS;UOP01-DEL06-RS
411669;28/01/2022;sexta-feira;20:10:00;RS;116;143;CAXIAS DO SUL;Ingestão de álcool pelo condutor;Saída de leito carroçável;Sem Vítimas;Plena Noite;Decrescente;Céu Claro;Dupla;Reta;Sim;2;0;0;0;2;0;0;2;-29,1201739;-51,12260651;SPRF-RS;DEL05-RS;UOP01-DEL05-RS
411740;29/01/2022;sábado;06:00:00;RS;470;154;NOVA PRATA;Reação tardia ou ineficiente do condutor;Saída de leito carroçável;Com Vítimas Feridas;Amanhecer;Decrescente;Céu Claro;Simples;Reta;Sim;1;0;1;0;0;0;1;1;-28,771703;-51,6172;SPRF-RS;DEL06-RS;UOP02-DEL06-RS
411973;30/01/2022;domingo;11:55:00;RS;116;203;PICADA CAFE;Velocidade Incompatível;Colisão transversal;Com Vítimas Feridas;Pleno dia;Crescente;Céu Claro;Simples;Reta;Sim;2;0;0;1;1;0;1;2;-29,49113279;-51,14998489;SPRF-RS;DEL05-RS;UOP02-DEL05-RS
411984;30/01/2022;domingo;10:30:00;RS;116;217,5;MORRO REUTER;Reação tardia ou ineficiente do condutor;Colisão lateral mesmo sentido;Com Vítimas Feridas;Pleno dia;Decrescente;Céu Claro;Simples;Curva;Não;2;0;1;0;1;0;1;2;-29,54396389;-51,08555876;SPRF-RS;DEL05-RS;UOP02-DEL05-RS
412095;31/01/2022;segunda-feira;01:55:00;RS;116;168,5;CAXIAS DO SUL;Ingestão de álcool pelo condutor;Saída de leito carroçável;Com Vítimas Feridas;Plena Noite;Crescente;Nublado;Simples;Reta;Não;2;0;2;0;0;0;2;1;-29,28313396;-51,16252272;SPRF-RS;DEL05-RS;UOP02-DEL05-RS
412574;03/02/2022;quinta-feira;01:30:00;RS;116;143,2;CAXIAS DO SUL;Condutor Dormindo;Colisão traseira;Com Vítimas Feridas;Plena Noite;Crescente;Céu Claro;Dupla;Reta;Não;4;0;2;0;2;0;2;2;-29,1201739;-51,12260651;SPRF-RS;DEL05-RS;UOP01-DEL05-RS
412769;04/02/2022;sexta-feira;07:40:00;RS;116;152;CAXIAS DO SUL;Conversão proibida;Colisão transversal;Com Vítimas Feridas;Pleno dia;Decrescente;Céu Claro;Simples;Reta;Sim;3;0;1;0;2;0;1;2;-29,1829343;-51,16801501;SPRF-RS;DEL05-RS;UOP01-DEL05-RS
413031;05/02/2022;sábado;11:59:00;RS;470;219;BENTO GONCALVES;Reação tardia ou ineficiente do condutor;Saída de leito carroçável;Sem Vítimas;Pleno dia;Decrescente;Chuva;Simples;Curva;Não;1;0;0;0;1;0;0;1;-29,17909489;-51,51855675;SPRF-RS;DEL06-RS;UOP01-DEL06-RS
413349;06/02/2022;domingo;21:50:00;RS;116;151,7;CAXIAS DO SUL;Reação tardia ou ineficiente do condutor;Eventos atípicos;Com Vítimas Feridas;Plena Noite;Crescente;Céu Claro;Dupla;Aclive;Sim;1;0;0;1;0;0;1;1;-29,17694502;-51,16173896;SPRF-RS;DEL05-RS;UOP01-DEL05-RS
413420;07/02/2022;segunda-feira;07:00:00;RS;116;150,2;CAXIAS DO SUL;Reação tardia ou ineficiente do condutor;Atropelamento de Pedestre;Com Vítimas Feridas;Pleno dia;Decrescente;Céu Claro;Múltipla;Reta;Sim;2;0;0;1;1;0;1;2;-29,168428;-51,158337;SPRF-RS;DEL05-RS;UOP01-DEL05-RS
413445;07/02/2022;segunda-feira;08:20:00;RS;470;163;VILA FLORES;Ausência de reação do condutor;Colisão lateral sentido oposto;Com Vítimas Feridas;Pleno dia;Decrescente;Céu Claro;Simples;"Curva;Aclive";Não;2;0;1;0;1;0;1;2;-28,82755543;-51,58058532;SPRF-RS;DEL06-RS;UOP02-DEL06-RS
413781;08/02/2022;terça-feira;23:00:00;RS;470;217,3;BENTO GONCALVES;Condutor usando celular;Saída de leito carroçável;Sem Vítimas;Plena Noite;Decrescente;Céu Claro;Simples;"Curva;Rotatória";Sim;1;0;0;0;1;0;0;1;-29,17640455;-51,52108888;SPRF-RS;DEL06-RS;UOP01-DEL06-RS
414285;11/02/2022;sexta-feira;17:10:00;RS;470;245;BARAO;Conversão proibida;Colisão transversal;Com Vítimas Feridas;Pleno dia;Crescente;Nublado;Simples;Curva;Sim;2;0;2;0;0;0;2;2;-29,36751735;-51,51081606;SPRF-RS;DEL06-RS;UOP01-DEL06-RS
414292;11/02/2022;sexta-feira;17:20:00;RS;470;226;GARIBALDI;Manobra de mudança de faixa;Colisão lateral mesmo sentido;Com Vítimas Feridas;Pleno dia;Decrescente;Nublado;Simples;"Reta;Aclive";Sim;2;0;1;0;1;0;1;2;-29,21556004;-51,51743821;SPRF-RS;DEL06-RS;UOP01-DEL06-RS
414427;12/02/2022;sábado;07:15:00;RS;470;217;BENTO GONCALVES;Acessar a via sem observar a presença dos outros veículos;Atropelamento de Pedestre;Com Vítimas Feridas;Pleno dia;Crescente;Céu Claro;Dupla;Reta;Sim;2;0;1;0;1;0;1;2;-29,16462512;-51,52551964;SPRF-RS;DEL06-RS;UOP01-DEL06-RS
414455;12/02/2022;sábado;08:50:00;RS;116;189;NOVA PETROPOLIS;Reação tardia ou ineficiente do condutor;Tombamento;Com Vítimas Feridas;Pleno dia;Decrescente;Céu Claro;Simples;Curva;Não;1;0;1;0;0;0;1;1;-29,41439425;-51,12826171;SPRF-RS;DEL05-RS;UOP02-DEL05-RS
414522;12/02/2022;sábado;05:00:00;RS;116;153;CAXIAS DO SUL;Ausência de reação do condutor;Saída de leito carroçável;Sem Vítimas;Amanhecer;Decrescente;Céu Claro;Simples;Curva;Sim;2;0;0;0;0;2;0;2;-29,18579758;-51,17713005;SPRF-RS;DEL05-RS;UOP01-DEL05-RS
414663;13/02/2022;domingo;04:40:00;RS;116;148,2;CAXIAS DO SUL;Entrada inopinada do pedestre;Atropelamento de Pedestre;Com Vítimas Fatais;Plena Noite;Crescente;Céu Claro;Dupla;Curva;Sim;2;1;0;0;0;1;0;2;-29,15444539;-51,15101681;SPRF-RS;DEL05-RS;UOP01-DEL05-RS
415152;12/02/2022;sábado;14:10:00;RS;116;198;PICADA CAFE;Acumulo de areia ou detritos sobre o pavimento;Saída de leito carroçável;Com Vítimas Feridas;Pleno dia;Decrescente;Céu Claro;Simples;Curva;Não;1;0;1;0;0;0;1;1;-29,47732808;-51,14276201;SPRF-RS;DEL05-RS;UOP02-DEL05-RS
415258;16/02/2022;quarta-feira;10:02:00;RS;116;142,2;CAXIAS DO SUL;Demais falhas mecânicas ou elétricas;Queda de ocupante de veículo;Com Vítimas Feridas;Pleno dia;Decrescente;Sol;Dupla;Curva;Sim;2;0;2;0;0;0;2;1;-29,11727;-51,115208;SPRF-RS;DEL05-RS;UOP01-DEL05-RS
415330;16/02/2022;quarta-feira;15:25:00;RS;470;167,9;VILA FLORES;Acessar a via sem observar a presença dos outros veículos;Colisão lateral mesmo sentido;Com Vítimas Feridas;Pleno dia;Decrescente;Céu Claro;Simples;Declive;Não;2;0;1;0;1;0;1;2;-28,85941487;-51,5551061;SPRF-RS;DEL06-RS;UOP02-DEL06-RS
415335;16/02/2022;quarta-feira;15:50:00;RS;470;226;GARIBALDI;Transitar na contramão;Colisão frontal;Com Vítimas Feridas;Pleno dia;Decrescente;Céu Claro;Simples;Reta;Sim;2;0;1;0;1;0;1;2;-29,21556004;-51,51743821;SPRF-RS;DEL06-RS;UOP01-DEL06-RS
415362;16/02/2022;quarta-feira;18:32:00;RS;470;158;NOVA PRATA;Reação tardia ou ineficiente do condutor;Atropelamento de Pedestre;Com Vítimas Feridas;Pleno dia;Decrescente;Céu Claro;Simples;"Declive;Interseção de Vias;Reta";Sim;4;0;1;0;1;2;1;2;-28,80000398;-51,61054097;SPRF-RS;DEL06-RS;UOP02-DEL06-RS
415732;18/02/2022;sexta-feira;08:55:00;RS;116;154;CAXIAS DO SUL;Ingestão de álcool pelo condutor;Colisão frontal;Com Vítimas Feridas;Plena Noite;Decrescente;Céu Claro;Simples;Reta;Sim;4;0;0;1;1;2;1;3;-29,19074818;-51,18073734;SPRF-RS;DEL05-RS;UOP01-DEL05-RS
415840;19/02/2022;sábado;11:30:00;RS;116;152;CAXIAS DO SUL;Velocidade Incompatível;Queda de ocupante de veículo;Com Vítimas Feridas;Pleno dia;Decrescente;Céu Claro;Dupla;Curva;Sim;1;0;1;0;0;0;1;1;-29,1829343;-51,16801501;SPRF-RS;DEL05-RS;UOP01-DEL05-RS
416112;20/02/2022;domingo;18:00:00;RS;116;149;CAXIAS DO SUL;Ingestão de álcool pelo condutor;Colisão lateral mesmo sentido;Sem Vítimas;Pleno dia;Decrescente;Céu Claro;Múltipla;Reta;Sim;2;0;0;0;2;0;0;2;-29,15996905;-51,15645292;SPRF-RS;DEL05-RS;UOP01-DEL05-RS
416235;21/02/2022;segunda-feira;04:20:00;RS;0;0;BENTO GONCALVES;Iluminação deficiente;Colisão com objeto;Sem Vítimas;Plena Noite;Não Informado;Céu Claro;Simples;Curva;Sim;3;0;0;0;3;0;0;1;-29,16550302;-51,5246129;SPRF-RS;DEL06-RS;UOP01-DEL06-RS
416280;21/02/2022;segunda-feira;10:30:00;RS;470;210,5;BENTO GONCALVES;Chuva;Colisão transversal;Com Vítimas Feridas;Pleno dia;Decrescente;Chuva;Simples;Curva;Sim;3;0;2;0;1;0;2;2;-29,12961506;-51,54158592;SPRF-RS;DEL06-RS;UOP01-DEL06-RS
416482;22/02/2022;terça-feira;12:00:00;RS;116;106,8;SAO MARCOS;Manobra de mudança de faixa;Colisão transversal;Com Vítimas Feridas;Pleno dia;Crescente;Céu Claro;Simples;Reta;Não;2;0;0;1;1;0;1;2;-28,91381788;-51,11045837;SPRF-RS;DEL05-RS;UOP01-DEL05-RS
416517;22/02/2022;terça-feira;17:05:00;RS;470;217;BENTO GONCALVES;Desrespeitar a preferência no cruzamento;Colisão transversal;Sem Vítimas;Pleno dia;Crescente;Garoa/Chuvisco;Simples;"Curva;Retorno Regulamentado";Sim;2;0;0;0;2;0;0;2;-29,17869973;-51,51840275;SPRF-RS;DEL06-RS;UOP01-DEL06-RS
417215;25/02/2022;sexta-feira;18:25:00;RS;470;228;GARIBALDI;Transitar na contramão;Colisão frontal;Com Vítimas Feridas;Anoitecer;Crescente;Céu Claro;Simples;Curva;Não;2;0;1;0;1;0;1;2;-29,21759706;-51,51703722;SPRF-RS;DEL06-RS;UOP01-DEL06-RS
417518;27/02/2022;domingo;02:10:00;RS;116;143,8;CAXIAS DO SUL;Ingestão de álcool pelo condutor;Colisão com objeto;Sem Vítimas;Plena Noite;Crescente;Ignorado;Dupla;Curva;Sim;1;0;0;0;0;1;0;1;-29,1201739;-51,12260651;SPRF-RS;DEL05-RS;UOP01-DEL05-RS
417600;27/02/2022;domingo;09:15:00;RS;116;156;CAXIAS DO SUL;Velocidade Incompatível;Saída de leito carroçável;Sem Vítimas;Pleno dia;Decrescente;Céu Claro;Dupla;Reta;Sim;1;0;0;0;1;0;0;1;-29,17694502;-51,16173896;SPRF-RS;DEL05-RS;UOP01-DEL05-RS
417616;27/02/2022;domingo;11:20:00;RS;470;195;BENTO GONCALVES;Reação tardia ou ineficiente do condutor;Saída de leito carroçável;Com Vítimas Feridas;Pleno dia;Decrescente;Céu Claro;Simples;"Declive;Curva";Não;1;0;0;1;0;0;1;1;-29,05097073;-51,58205288;SPRF-RS;DEL06-RS;UOP02-DEL06-RS
417867;28/02/2022;segunda-feira;16:20:00;RS;470;184;VERANOPOLIS;Avarias e/ou desgaste excessivo no pneu;Capotamento;Sem Vítimas;Pleno dia;Crescente;Nublado;Simples;Reta;Não;1;0;0;0;0;1;0;1;-28,99615608;-51,55829913;SPRF-RS;DEL06-RS;UOP02-DEL06-RS
417927;28/02/2022;segunda-feira;21:31:00;RS;470;194;BENTO GONCALVES;Velocidade Incompatível;Tombamento;Sem Vítimas;Plena Noite;Decrescente;Nevoeiro/Neblina;Simples;Curva;Não;2;0;0;0;0;2;0;2;-29,05030203;-51,57387285;SPRF-RS;DEL06-RS;UOP02-DEL06-RS
418254;03/03/2022;quinta-feira;00:30:00;RS;116;151,8;CAXIAS DO SUL;Ingestão de álcool pelo condutor;Colisão com objeto;Com Vítimas Feridas;Plena Noite;Decrescente;Nublado;Dupla;"Curva;Aclive";Sim;2;0;1;0;1;0;1;1;-29,17694502;-51,16173896;SPRF-RS;DEL05-RS;UOP01-DEL05-RS
418357;03/03/2022;quinta-feira;08:25:00;RS;470;159,5;NOVA PRATA;Acessar a via sem observar a presença dos outros veículos;Colisão transversal;Sem Vítimas;Pleno dia;Crescente;Céu Claro;Simples;Reta;Sim;2;0;0;0;2;0;0;2;-28,80816654;-51,60340548;SPRF-RS;DEL06-RS;UOP02-DEL06-RS
418483;03/03/2022;quinta-feira;21:00:00;RS;116;127;SAO MARCOS;Velocidade Incompatível;Capotamento;Sem Vítimas;Plena Noite;Decrescente;Céu Claro;Simples;Reta;Não;1;0;0;0;0;1;0;1;-29,02646869;-51,11018528;SPRF-RS;DEL05-RS;UOP01-DEL05-RS
418758;05/03/2022;sábado;02:00:00;RS;470;228;GARIBALDI;Transitar na contramão;Colisão frontal;Com Vítimas Feridas;Plena Noite;Decrescente;Céu Claro;Simples;Curva;Não;2;0;1;0;1;0;1;2;-29,21759706;-51,51703722;SPRF-RS;DEL06-RS;UOP01-DEL06-RS
418884;06/03/2022;domingo;01:00:00;RS;470;219;BENTO GONCALVES;Reação tardia ou ineficiente do condutor;Colisão lateral mesmo sentido;Sem Vítimas;Plena Noite;Decrescente;Céu Claro;Simples;Curva;Sim;2;0;0;0;2;0;0;2;-29,19182537;-51,52233839;SPRF-RS;DEL06-RS;UOP01-DEL06-RS
419158;07/03/2022;segunda-feira;00:15:00;RS;470;218;BENTO GONCALVES;Ingestão de álcool pelo condutor;Saída de leito carroçável;Com Vítimas Feridas;Plena Noite;Decrescente;Garoa/Chuvisco;Simples;Curva;Sim;1;0;1;0;0;0;1;1;-29,18778569;-51,52163213;SPRF-RS;DEL06-RS;UOP01-DEL06-RS
419181;07/03/2022;segunda-feira;11:45:00;RS;470;226,4;GARIBALDI;Manobra de mudança de faixa;Colisão traseira;Com Vítimas Feridas;Pleno dia;Crescente;Céu Claro;Simples;"Interseção de Vias;Reta;Declive";Sim;2;0;2;0;0;0;2;2;-29,2510719;-51,51378047;SPRF-RS;DEL06-RS;UOP01-DEL06-RS
419268;24/02/2022;quinta-feira;22:00:00;RS;470;173;VERANOPOLIS;Frear bruscamente;Colisão traseira;Com Vítimas Feridas;Plena Noite;Crescente;Nublado;Simples;Reta;Sim;2;0;1;0;0;1;1;2;-28,90074603;-51,55311438;SPRF-RS;DEL06-RS;UOP02-DEL06-RS
419516;09/03/2022;quarta-feira;07:20:00;RS;116;142,5;CAXIAS DO SUL;Pedestre cruzava a pista fora da faixa;Atropelamento de Pedestre;Com Vítimas Feridas;Pleno dia;Crescente;Céu Claro;Dupla;Reta;Sim;2;0;2;0;0;0;2;2;-29,11727;-51,115208;SPRF-RS;DEL05-RS;UOP01-DEL05-RS
419528;25/02/2022;sexta-feira;12:44:00;RS;470;217;BENTO GONCALVES;Reação tardia ou ineficiente do condutor;Colisão transversal;Com Vítimas Feridas;Pleno dia;Crescente;Céu Claro;Simples;Rotatória;Sim;2;0;1;0;1;0;1;2;-29,16462512;-51,52551964;SPRF-RS;DEL06-RS;UOP01-DEL06-RS
419652;10/03/2022;quinta-feira;07:00:00;RS;470;222;GARIBALDI;Acessar a via sem observar a presença dos outros veículos;Colisão lateral mesmo sentido;Com Vítimas Feridas;Pleno dia;Decrescente;Nublado;Dupla;Reta;Sim;2;0;1;0;1;0;1;2;-29,22013266;-51,51658958;SPRF-RS;DEL06-RS;UOP01-DEL06-RS
419847;11/03/2022;sexta-feira;07:55:00;RS;470;226,6;GARIBALDI;Objeto estático sobre o leito carroçável;Colisão com objeto;Com Vítimas Feridas;Pleno dia;Crescente;Chuva;Simples;"Reta;Interseção de Vias;Declive";Sim;2;0;1;0;1;0;1;2;-29,21556004;-51,51743821;SPRF-RS;DEL06-RS;UOP01-DEL06-RS
420220;12/03/2022;sábado;21:35:00;RS;116;152;CAXIAS DO SUL;Objeto estático sobre o leito carroçável;Colisão com objeto;Com Vítimas Feridas;Plena Noite;Crescente;Garoa/Chuvisco;Dupla;Reta;Sim;2;0;2;0;0;0;2;1;-29,1829343;-51,16801501;SPRF-RS;DEL05-RS;UOP01-DEL05-RS
420712;15/03/2022;terça-feira;07:30:00;RS;470;216;BENTO GONCALVES;Pedestre cruzava a pista fora da faixa;Atropelamento de Pedestre;Com Vítimas Feridas;Pleno dia;Decrescente;Nublado;Dupla;Reta;Sim;2;0;2;0;0;0;2;2;-29,15887096;-51,53142395;SPRF-RS;DEL06-RS;UOP01-DEL06-RS
420754;15/03/2022;terça-feira;11:55:00;RS;470;168;VILA FLORES;Acessar a via sem observar a presença dos outros veículos;Colisão transversal;Com Vítimas Feridas;Pleno dia;Decrescente;Nublado;Simples;Retorno Regulamentado;Não;3;0;1;0;2;0;1;2;-28,85711814;-51,55698016;SPRF-RS;DEL06-RS;UOP02-DEL06-RS
420808;15/03/2022;terça-feira;16:30:00;RS;470;166,2;VILA FLORES;Acessar a via sem observar a presença dos outros veículos;Colisão transversal;Com Vítimas Feridas;Pleno dia;Crescente;Nublado;Simples;"Reta;Retorno Regulamentado;Aclive";Não;3;0;1;0;2;0;1;2;-28,84766792;-51,57122398;SPRF-RS;DEL06-RS;UOP02-DEL06-RS
421104;12/03/2022;sábado;19:50:00;RS;116;152;CAXIAS DO SUL;Ausência de reação do condutor;Saída de leito carroçável;Com Vítimas Feridas;Plena Noite;Decrescente;Garoa/Chuvisco;Dupla;Reta;Sim;5;0;1;0;3;1;1;2;-29,1829343;-51,16801501;SPRF-RS;DEL05-RS;UOP01-DEL05-RS
421501;19/03/2022;sábado;08:20:00;RS;116;148;CAXIAS DO SUL;Velocidade Incompatível;Colisão com objeto;Sem Vítimas;Pleno dia;Decrescente;Chuva;Dupla;Curva;Sim;1;0;0;0;1;0;0;1;-29,15444539;-51,15101681;SPRF-RS;DEL05-RS;UOP01-DEL05-RS
421506;19/03/2022;sábado;10:43:00;RS;470;199;BENTO GONCALVES;Reação tardia ou ineficiente do condutor;Saída de leito carroçável;Com Vítimas Feridas;Pleno dia;Crescente;Garoa/Chuvisco;Simples;"Reta;Aclive";Não;5;0;3;0;2;0;3;2;-29,0629582;-51,58054016;SPRF-RS;DEL06-RS;UOP02-DEL06-RS
421668;20/03/2022;domingo;03:45:00;RS;116;148,9;CAXIAS DO SUL;Ingestão de álcool pelo condutor;Saída de leito carroçável;Com Vítimas Feridas;Anoitecer;Decrescente;Garoa/Chuvisco;Múltipla;Reta;Sim;1;0;1;0;0;0;1;1;-29,15444539;-51,15101681;SPRF-RS;DEL05-RS;UOP01-DEL05-RS
421905;12/03/2022;sábado;11:20:00;RS;116;144;CAXIAS DO SUL;Ausência de reação do condutor;Saída de leito carroçável;Sem Vítimas;Pleno dia;Decrescente;Céu Claro;Dupla;Reta;Sim;1;0;0;0;1;0;0;1;-29,03573345;-51,09397238;SPRF-RS;DEL05-RS;UOP01-DEL05-RS
422122;03/02/2022;quinta-feira;06:50:00;RS;116;157,7;CAXIAS DO SUL;Ausência de reação do condutor;Colisão frontal;Com Vítimas Feridas;Pleno dia;Crescente;Céu Claro;Múltipla;Curva;Sim;4;0;1;0;3;0;1;2;-29,21503981;-51,17675573;SPRF-RS;DEL05-RS;UOP01-DEL05-RS
422282;10/01/2022;segunda-feira;23:10:00;RS;470;229,5;GARIBALDI;Ausência de reação do condutor;Saída de leito carroçável;Com Vítimas Feridas;Plena Noite;Decrescente;Céu Claro;Simples;Reta;Não;1;0;0;1;0;0;1;1;-29,27277341;-51,49643898;SPRF-RS;DEL06-RS;UOP01-DEL06-RS
422745;26/03/2022;sábado;00:15:00;RS;470;176;VERANOPOLIS;Reação tardia ou ineficiente do condutor;Tombamento;Com Vítimas Feridas;Plena Noite;Crescente;Céu Claro;Simples;Retorno Regulamentado;Sim;1;0;1;0;0;0;1;1;-28,92671156;-51,54169321;SPRF-RS;DEL06-RS;UOP02-DEL06-RS
422782;25/03/2022;sexta-feira;22:30:00;RS;470;221;GARIBALDI;Reação tardia ou ineficiente do condutor;Queda de ocupante de veículo;Com Vítimas Feridas;Plena Noite;Crescente;Nublado;Dupla;Reta;Sim;1;0;1;0;0;0;1;1;-29,22111861;-51,51667356;SPRF-RS;DEL06-RS;UOP01-DEL06-RS
422856;26/03/2022;sábado;10:20:00;RS;470;249;BARAO;Ausência de reação do condutor;Colisão traseira;Com Vítimas Feridas;Pleno dia;Decrescente;Nublado;Simples;Reta;Não;2;0;1;0;1;0;1;2;-29,385815;-51,49171;SPRF-RS;DEL06-RS;UOP01-DEL06-RS
422965;27/03/2022;domingo;02:05:00;RS;116;148,3;CAXIAS DO SUL;Velocidade Incompatível;Tombamento;Com Vítimas Feridas;Plena Noite;Decrescente;Céu Claro;Dupla;Curva;Sim;2;0;0;2;0;0;2;1;-29,15788451;-51,15151227;SPRF-RS;DEL05-RS;UOP01-DEL05-RS
423004;27/03/2022;domingo;05:50:00;RS;470;214;BENTO GONCALVES;Ausência de reação do condutor;Saída de leito carroçável;Sem Vítimas;Amanhecer;Decrescente;Céu Claro;Simples;Reta;Não;1;0;0;0;0;1;0;1;-29,15698384;-51,5308482;SPRF-RS;DEL06-RS;UOP01-DEL06-RS
423265;28/03/2022;segunda-feira;14:32:00;RS;116;143,2;CAXIAS DO SUL;Reação tardia ou ineficiente do condutor;Atropelamento de Pedestre;Com Vítimas Feridas;Pleno dia;Crescente;Céu Claro;Dupla;Interseção de Vias;Sim;3;0;1;0;2;0;1;2;-29,1201739;-51,12260651;SPRF-RS;DEL05-RS;UOP01-DEL05-RS
423746;31/03/2022;quinta-feira;14:00:00;RS;0;0;BENTO GONCALVES;Acessar a via sem observar a presença dos outros veículos;Colisão transversal;Sem Vítimas;Pleno dia;Não Informado;Céu Claro;Simples;"Reta;Declive";Sim;3;0;0;0;3;0;0;2;-29,18029183;-51,51163101;SPRF-RS;DEL06-RS;UOP01-DEL06-RS
423842;01/04/2022;sexta-feira;04:00:00;RS;470;230;GARIBALDI;Ingestão de álcool pelo condutor;Saída de leito carroçável;Sem Vítimas;Amanhecer;Crescente;Céu Claro;Dupla;Curva;Sim;1;0;0;0;1;0;0;1;-29,218603;-51,51677;SPRF-RS;DEL06-RS;UOP01-DEL06-RS
423939;01/04/2022;sexta-feira;16:37:00;RS;116;150,3;CAXIAS DO SUL;Manobra de mudança de faixa;Colisão lateral mesmo sentido;Com Vítimas Feridas;Pleno dia;Crescente;Céu Claro;Múltipla;Reta;Sim;2;0;1;0;1;0;1;2;-29,17222944;-51,16048694;SPRF-RS;DEL05-RS;UOP01-DEL05-RS
424074;02/04/2022;sábado;06:00:00;RS;470;214,7;BENTO GONCALVES;Ingestão de álcool pelo condutor;Colisão frontal;Sem Vítimas;Amanhecer;Crescente;Sol;Simples;Curva;Sim;2;0;0;0;2;0;0;2;-29,15734265;-51,53128624;SPRF-RS;DEL06-RS;UOP01-DEL06-RS
424142;02/04/2022;sábado;11:30:00;RS;116;193,4;PICADA CAFE;Reação tardia ou ineficiente do condutor;Saída de leito carroçável;Com Vítimas Feridas;Pleno dia;Crescente;Céu Claro;Simples;Curva;Não;2;0;1;0;1;0;1;2;-29,44460951;-51,13861322;SPRF-RS;DEL05-RS;UOP02-DEL05-RS
424157;02/04/2022;sábado;15:55:00;RS;470;230;CARLOS BARBOSA;Retorno proibido;Colisão transversal;Com Vítimas Fatais;Pleno dia;Crescente;Céu Claro;Simples;Reta;Sim;4;2;2;0;0;0;2;2;-29,27712238;-51,49329728;SPRF-RS;DEL06-RS;UOP01-DEL06-RS
424214;01/04/2022;sexta-feira;07:05:00;RS;116;154;CAXIAS DO SUL;Ausência de reação do condutor;Colisão lateral mesmo sentido;Com Vítimas Feridas;Pleno dia;Crescente;Céu Claro;Simples;Reta;Sim;2;0;1;0;0;1;1;2;-29,19074818;-51,18073734;SPRF-RS;DEL05-RS;UOP01-DEL05-RS
424294;03/04/2022;domingo;06:20:00;RS;116;151,5;CAXIAS DO SUL;Ingestão de álcool pelo condutor;Saída de leito carroçável;Com Vítimas Feridas;Amanhecer;Decrescente;Nublado;Dupla;Curva;Sim;1;0;1;0;0;0;1;1;-29,18090382;-51,16442442;SPRF-RS;DEL05-RS;UOP01-DEL05-RS
424310;03/04/2022;domingo;07:00:00;RS;470;194;BENTO GONCALVES;Ausência de reação do condutor;Colisão frontal;Sem Vítimas;Amanhecer;Crescente;Nublado;Simples;"Declive;Curva";Não;4;0;0;0;4;0;0;2;-29,05030203;-51,57387285;SPRF-RS;DEL06-RS;UOP02-DEL06-RS
424455;03/04/2022;domingo;22:40:00;RS;470;218;BENTO GONCALVES;Ingestão de álcool pelo condutor;Capotamento;Sem Vítimas;Plena Noite;Decrescente;Chuva;Dupla;"Curva;Aclive";Sim;2;0;0;0;2;0;0;1;-29,17292214;-51,52424936;SPRF-RS;DEL06-RS;UOP01-DEL06-RS
424497;04/04/2022;segunda-feira;04:00:00;RS;470;245;BARAO;Ausência de reação do condutor;Saída de leito carroçável;Sem Vítimas;Anoitecer;Crescente;Chuva;Simples;Reta;Sim;1;0;0;0;0;1;0;1;-29,37855779;-51,49671403;SPRF-RS;DEL06-RS;UOP01-DEL06-RS
424525;04/04/2022;segunda-feira;08:00:00;RS;470;215;BENTO GONCALVES;Reação tardia ou ineficiente do condutor;Engavetamento;Sem Vítimas;Pleno dia;Decrescente;Garoa/Chuvisco;Simples;Reta;Não;4;0;0;0;4;0;0;3;-29,1564713;-51,53055668;SPRF-RS;DEL06-RS;UOP01-DEL06-RS
424660;04/04/2022;segunda-feira;23:50:00;RS;470;237;CARLOS BARBOSA;Ingestão de álcool pelo condutor;Saída de leito carroçável;Com Vítimas Feridas;Plena Noite;Crescente;Nevoeiro/Neblina;Simples;Reta;Não;2;0;1;0;0;1;1;2;-29,28420506;-51,49174876;SPRF-RS;DEL06-RS;UOP01-DEL06-RS
424743;05/04/2022;terça-feira;12:50:00;RS;116;149;CAXIAS DO SUL;Pedestre andava na pista;Atropelamento de Pedestre;Com Vítimas Feridas;Pleno dia;Crescente;Nublado;Dupla;Declive;Não;2;0;1;0;1;0;1;2;-29,15996905;-51,15645292;SPRF-RS;DEL05-RS;UOP01-DEL05-RS
425084;07/04/2022;quinta-feira;08:30:00;RS;470;160;NOVA PRATA;Ausência de reação do condutor;Saída de leito carroçável;Sem Vítimas;Pleno dia;Decrescente;Nublado;Simples;Reta;Não;1;0;0;0;1;0;0;1;-28,81066741;-51,60061401;SPRF-RS;DEL06-RS;UOP02-DEL06-RS
442681;10/04/2022;domingo;17:00:00;RS;470;231,9;CARLOS BARBOSA;Velocidade Incompatível;Colisão frontal;Com Vítimas Feridas;Pleno dia;Decrescente;Nublado;Simples;"Declive;Curva";Não;7;0;4;2;0;1;6;3;-29,29157972;-51,48544192;SPRF-RS;DEL06-RS;UOP01-DEL06-RS
442688;10/04/2022;domingo;16:05:00;RS;116;149;CAXIAS DO SUL;Condutor deixou de manter distância do veículo da frente;Colisão traseira;Sem Vítimas;Pleno dia;Crescente;Sol;Dupla;Reta;Sim;2;0;0;0;2;0;0;2;-29,15996905;-51,15645292;SPRF-RS;DEL05-RS;UOP01-DEL05-RS
442689;10/04/2022;domingo;18:15:00;RS;116;216;MORRO REUTER;Reação tardia ou ineficiente do condutor;Colisão com objeto;Com Vítimas Feridas;Plena Noite;Crescente;Nublado;Simples;Reta;Não;2;0;1;0;1;0;1;1;-29,54001608;-51,07711676;SPRF-RS;DEL05-RS;UOP02-DEL05-RS
442692;10/04/2022;domingo;15:45:00;RS;470;224;GARIBALDI;Acessar a via sem observar a presença dos outros veículos;Colisão transversal;Com Vítimas Feridas;Pleno dia;Crescente;Nublado;Simples;Reta;Não;4;0;2;0;2;0;2;2;-29,21351804;-51,51780626;SPRF-RS;DEL06-RS;UOP01-DEL06-RS
442817;09/04/2022;sábado;16:40:00;RS;116;115;SAO MARCOS;Reação tardia ou ineficiente do condutor;Tombamento;Com Vítimas Feridas;Pleno dia;Crescente;Céu Claro;Simples;Reta;Sim;2;0;1;0;1;0;1;2;-28,9712;-51,072197;SPRF-RS;DEL05-RS;UOP01-DEL05-RS
442868;11/04/2022;segunda-feira;07:20:00;RS;470;181;VERANOPOLIS;Ausência de reação do condutor;Colisão frontal;Com Vítimas Feridas;Amanhecer;Crescente;Chuva;Simples;Reta;Não;2;0;0;1;1;0;1;2;-28,961859;-51,563769;SPRF-RS;DEL06-RS;UOP02-DEL06-RS
442900;09/04/2022;sábado;07:20:00;RS;470;168;VILA FLORES;Acessar a via sem observar a presença dos outros veículos;Colisão transversal;Com Vítimas Feridas;Pleno dia;Decrescente;Nublado;Simples;Reta;Sim;2;0;2;0;0;0;2;2;-28,86124054;-51,55426741;SPRF-RS;DEL06-RS;UOP02-DEL06-RS
442943;10/04/2022;domingo;04:50:00;RS;470;199;BENTO GONCALVES;Reação tardia ou ineficiente do condutor;Saída de leito carroçável;Sem Vítimas;Plena Noite;Decrescente;Céu Claro;Simples;"Declive;Curva";Não;1;0;0;0;0;1;0;1;-29,0629582;-51,58054016;SPRF-RS;DEL06-RS;UOP02-DEL06-RS
443068;12/04/2022;terça-feira;06:45:00;RS;116;144,7;CAXIAS DO SUL;Condutor deixou de manter distância do veículo da frente;Colisão traseira;Com Vítimas Feridas;Amanhecer;Crescente;Nublado;Dupla;"Reta;Viaduto";Sim;3;0;1;0;2;0;1;3;-29,1267449;-51,12768983;SPRF-RS;DEL05-RS;UOP01-DEL05-RS
443455;20/02/2022;domingo;13:00:00;RS;470;246;BARAO;Ingestão de álcool pelo condutor;Colisão frontal;Sem Vítimas;Pleno dia;Crescente;Céu Claro;Simples;Curva;Não;2;0;0;0;2;0;0;2;-29,3742;-51,50585;SPRF-RS;DEL06-RS;UOP01-DEL06-RS
443489;13/04/2022;quarta-feira;17:00:00;RS;470;182,2;VERANOPOLIS;Reação tardia ou ineficiente do condutor;Saída de leito carroçável;Com Vítimas Feridas;Pleno dia;Crescente;Nublado;Simples;Curva;Sim;1;0;1;0;0;0;1;1;-28,9763274;-51,56531811;SPRF-RS;DEL06-RS;UOP02-DEL06-RS
443544;13/04/2022;quarta-feira;19:40:00;RS;116;146;CAXIAS DO SUL;Reação tardia ou ineficiente do condutor;Colisão transversal;Sem Vítimas;Plena Noite;Crescente;Céu Claro;Dupla;Reta;Sim;3;0;0;0;3;0;0;3;-29,14228897;-51,13622202;SPRF-RS;DEL05-RS;UOP01-DEL05-RS
443725;14/04/2022;quinta-feira;17:00:00;RS;470;222,7;GARIBALDI;Reação tardia ou ineficiente do condutor;Colisão traseira;Com Vítimas Feridas;Pleno dia;Decrescente;Céu Claro;Dupla;"Retorno Regulamentado;Reta";Sim;2;0;0;1;1;0;1;2;-29,220419;-51,516522;SPRF-RS;DEL06-RS;UOP01-DEL06-RS
443945;15/04/2022;sexta-feira;14:00:00;RS;116;151,5;CAXIAS DO SUL;Ingestão de álcool pelo condutor;Colisão lateral mesmo sentido;Sem Vítimas;Pleno dia;Crescente;Sol;Dupla;Curva;Sim;2;0;0;0;2;0;0;2;-29,17694502;-51,16173896;SPRF-RS;DEL05-RS;UOP01-DEL05-RS
444199;17/04/2022;domingo;05:45:00;RS;116;185;NOVA PETROPOLIS;Condutor Dormindo;Colisão com objeto;Sem Vítimas;Amanhecer;Crescente;Céu Claro;Dupla;Curva;Sim;1;0;0;0;0;1;0;1;-29,39221114;-51,12482919;SPRF-RS;DEL05-RS;UOP02-DEL05-RS
444788;19/04/2022;terça-feira;13:00:00;RS;470;219;BENTO GONCALVES;Ingestão de álcool pelo condutor;Engavetamento;Sem Vítimas;Pleno dia;Decrescente;Sol;Simples;Reta;Não;4;0;0;0;4;0;0;4;-29,17909489;-51,51855675;SPRF-RS;DEL06-RS;UOP01-DEL06-RS
444813;19/04/2022;terça-feira;17:20:00;RS;470;225;BENTO GONCALVES;Demais falhas mecânicas ou elétricas;Colisão transversal;Com Vítimas Feridas;Anoitecer;Crescente;Céu Claro;Simples;Reta;Sim;2;0;1;0;1;0;1;2;-29,21454003;-51,51762617;SPRF-RS;DEL06-RS;UOP01-DEL06-RS
444956;20/04/2022;quarta-feira;13:30:00;RS;116;193,2;PICADA CAFE;Reação tardia ou ineficiente do condutor;Saída de leito carroçável;Com Vítimas Feridas;Pleno dia;Crescente;Céu Claro;Simples;Reta;Não;1;0;1;0;0;0;1;1;-29,44460951;-51,13861322;SPRF-RS;DEL05-RS;UOP02-DEL05-RS
445159;04/03/2022;sexta-feira;07:45:00;RS;116;146,8;CAXIAS DO SUL;Acessar a via sem observar a presença dos outros veículos;Colisão transversal;Com Vítimas Feridas;Pleno dia;Crescente;Céu Claro;Dupla;Interseção de Vias;Sim;3;0;1;1;1;0;2;3;-29,14228897;-51,13622202;SPRF-RS;DEL05-RS;UOP01-DEL05-RS
445513;23/04/2022;sábado;07:40:00;RS;470;179;VERANOPOLIS;Acessar a via sem observar a presença dos outros veículos;Colisão transversal;Com Vítimas Feridas;Pleno dia;Decrescente;Nublado;Simples;Reta;Sim;2;0;2;0;0;0;2;2;-28,94090593;-51,54809833;SPRF-RS;DEL06-RS;UOP02-DEL06-RS
445739;24/04/2022;domingo;08:10:00;RS;116;207,9;PICADA CAFE;Velocidade Incompatível;Saída de leito carroçável;Com Vítimas Feridas;Pleno dia;Decrescente;Céu Claro;Simples;Curva;Não;2;0;0;1;0;1;1;2;-29,49944247;-51,12184894;SPRF-RS;DEL05-RS;UOP02-DEL05-RS
445788;24/04/2022;domingo;15:20:00;RS;116;134,3;CAXIAS DO SUL;Ultrapassagem Indevida;Colisão frontal;Com Vítimas Feridas;Pleno dia;Decrescente;Céu Claro;Simples;Curva;Não;5;0;3;2;0;0;5;2;-29,06329012;-51,09842716;SPRF-RS;DEL05-RS;UOP01-DEL05-RS
446127;26/04/2022;terça-feira;07:00:00;RS;470;235,9;CARLOS BARBOSA;Ausência de reação do condutor;Colisão transversal;Com Vítimas Feridas;Pleno dia;Decrescente;Chuva;Simples;Reta;Não;2;0;1;0;1;0;1;2;-29,31808517;-51,49369424;SPRF-RS;DEL06-RS;UOP01-DEL06-RS
446178;15/04/2022;sexta-feira;02:15:00;RS;470;159;NOVA PRATA;Ingestão de álcool pelo condutor;Saída de leito carroçável;Com Vítimas Feridas;Plena Noite;Decrescente;Ignorado;Simples;"Curva;Aclive";Não;1;0;0;1;0;0;1;1;-28,80586721;-51,60682934;SPRF-RS;DEL06-RS;UOP02-DEL06-RS
446364;27/04/2022;quarta-feira;12:10:00;RS;470;176;VERANOPOLIS;Acessar a via sem observar a presença dos outros veículos;Colisão transversal;Com Vítimas Feridas;Pleno dia;Crescente;Céu Claro;Simples;Reta;Sim;2;0;1;0;1;0;1;2;-28,929109;-51,54315;SPRF-RS;DEL06-RS;UOP02-DEL06-RS
446491;28/04/2022;quinta-feira;10:40:00;RS;470;212;BENTO GONCALVES;Reação tardia ou ineficiente do condutor;Saída de leito carroçável;Com Vítimas Feridas;Pleno dia;Crescente;Chuva;Simples;Curva;Não;2;0;1;0;0;1;1;2;-29,13243;-51,545414;SPRF-RS;DEL06-RS;UOP01-DEL06-RS
446869;30/04/2022;sábado;08:50:00;RS;116;133;CAXIAS DO SUL;Ingestão de álcool pelo condutor;Saída de leito carroçável;Com Vítimas Feridas;Pleno dia;Decrescente;Céu Claro;Simples;Curva;Não;2;0;2;0;0;0;2;1;-29,05652609;-51,0964787;SPRF-RS;DEL05-RS;UOP01-DEL05-RS
447486;03/05/2022;terça-feira;07:00:00;RS;470;189;VERANOPOLIS;Reação tardia ou ineficiente do condutor;Saída de leito carroçável;Com Vítimas Feridas;Pleno dia;Crescente;Chuva;Simples;Curva;Não;1;0;1;0;0;0;1;1;-29,00826234;-51,5651679;SPRF-RS;DEL06-RS;UOP02-DEL06-RS
447493;03/05/2022;terça-feira;07:10:00;RS;470;221;BENTO GONCALVES;Reação tardia ou ineficiente do condutor;Colisão com objeto;Com Vítimas Feridas;Pleno dia;Crescente;Garoa/Chuvisco;Simples;Rotatória;Não;1;0;1;0;0;0;1;1;-29,19516365;-51,51950463;SPRF-RS;DEL06-RS;UOP01-DEL06-RS
447888;05/05/2022;quinta-feira;13:00:00;RS;116;151,9;CAXIAS DO SUL;Acessar a via sem observar a presença dos outros veículos;Colisão transversal;Com Vítimas Feridas;Pleno dia;Decrescente;Céu Claro;Dupla;Curva;Sim;2;0;1;0;1;0;1;2;-29,17694502;-51,16173896;SPRF-RS;DEL05-RS;UOP01-DEL05-RS
448134;06/05/2022;sexta-feira;17:20:00;RS;116;133;CAXIAS DO SUL;Ultrapassagem Indevida;Colisão com objeto;Com Vítimas Feridas;Anoitecer;Crescente;Céu Claro;Dupla;Reta;Não;1;0;0;1;0;0;1;1;-29,05590302;-51,09689605;SPRF-RS;DEL05-RS;UOP01-DEL05-RS
448147;06/05/2022;sexta-feira;18:20:00;RS;470;215;BENTO GONCALVES;Condutor deixou de manter distância do veículo da frente;Colisão traseira;Sem Vítimas;Anoitecer;Decrescente;Céu Claro;Simples;"Reta;Interseção de Vias";Sim;1;0;0;0;1;0;0;1;-29,150635;-51,530241;SPRF-RS;DEL06-RS;UOP01-DEL06-RS
448149;06/05/2022;sexta-feira;19:40:00;RS;116;149;CAXIAS DO SUL;Reação tardia ou ineficiente do condutor;Colisão traseira;Sem Vítimas;Plena Noite;Crescente;Céu Claro;Múltipla;Interseção de Vias;Sim;2;0;0;0;2;0;0;2;-29,15996905;-51,15645292;SPRF-RS;DEL05-RS;UOP01-DEL05-RS
448202;07/05/2022;sábado;03:20:00;RS;116;151,6;CAXIAS DO SUL;Reação tardia ou ineficiente do condutor;Saída de leito carroçável;Sem Vítimas;Plena Noite;Crescente;Céu Claro;Dupla;Curva;Sim;1;0;0;0;1;0;0;1;-29,17694502;-51,16173896;SPRF-RS;DEL05-RS;UOP01-DEL05-RS
448215;07/05/2022;sábado;04:15:00;RS;116;151,6;CAXIAS DO SUL;Ausência de reação do condutor;Saída de leito carroçável;Sem Vítimas;Plena Noite;Decrescente;Céu Claro;Dupla;Reta;Sim;2;0;0;0;2;0;0;1;-29,17694502;-51,16173896;SPRF-RS;DEL05-RS;UOP01-DEL05-RS
448295;07/05/2022;sábado;13:00:00;RS;116;148;CAXIAS DO SUL;Reação tardia ou ineficiente do condutor;Colisão frontal;Com Vítimas Feridas;Pleno dia;Crescente;Céu Claro;Dupla;Curva;Sim;4;0;2;0;2;0;2;2;-29,15444539;-51,15101681;SPRF-RS;DEL05-RS;UOP01-DEL05-RS
448373;07/05/2022;sábado;19:00:00;RS;470;212;BENTO GONCALVES;Ingestão de álcool pelo condutor;Saída de leito carroçável;Sem Vítimas;Plena Noite;Crescente;Céu Claro;Simples;Curva;Não;1;0;0;0;1;0;0;1;-29,13985624;-51,54236577;SPRF-RS;DEL06-RS;UOP01-DEL06-RS
448471;08/05/2022;domingo;07:00:00;RS;116;113,8;SAO MARCOS;Ausência de reação do condutor;Saída de leito carroçável;Com Vítimas Feridas;Amanhecer;Decrescente;Céu Claro;Simples;Reta;Sim;2;0;1;0;0;1;1;2;-28,95667906;-51,08016019;SPRF-RS;DEL05-RS;UOP01-DEL05-RS
448589;08/05/2022;domingo;18:40:00;RS;116;184,4;NOVA PETROPOLIS;Acessar a via sem observar a presença dos outros veículos;Colisão lateral mesmo sentido;Com Vítimas Feridas;Anoitecer;Crescente;Céu Claro;Simples;Reta;Sim;2;0;1;0;1;0;1;2;-29,38638307;-51,12346595;SPRF-RS;DEL05-RS;UOP02-DEL05-RS
448825;09/05/2022;segunda-feira;20:00:00;RS;116;143;CAXIAS DO SUL;Pedestre andava na pista;Atropelamento de Pedestre;Com Vítimas Feridas;Plena Noite;Decrescente;Nublado;Dupla;Reta;Não;2;0;1;0;0;1;1;2;-29,1201739;-51,12260651;SPRF-RS;DEL05-RS;UOP01-DEL05-RS
449251;11/05/2022;quarta-feira;15:15:00;RS;116;160,9;CAXIAS DO SUL;Reação tardia ou ineficiente do condutor;Saída de leito carroçável;Sem Vítimas;Pleno dia;Crescente;Céu Claro;Simples;Curva;Não;1;0;0;0;1;0;0;1;-29,23848645;-51,16044402;SPRF-RS;DEL05-RS;UOP01-DEL05-RS
449486;12/05/2022;quinta-feira;19:30:00;RS;116;152;CAXIAS DO SUL;Reação tardia ou ineficiente do condutor;Saída de leito carroçável;Sem Vítimas;Plena Noite;Crescente;Céu Claro;Simples;Curva;Sim;2;0;0;0;2;0;0;1;-29,1829343;-51,16801501;SPRF-RS;DEL05-RS;UOP01-DEL05-RS
449544;13/05/2022;sexta-feira;05:43:00;RS;470;217,4;BENTO GONCALVES;Reação tardia ou ineficiente do condutor;Colisão com objeto;Sem Vítimas;Amanhecer;Decrescente;Nublado;Simples;"Rotatória;Curva;Aclive";Sim;3;0;0;0;3;0;0;1;-29,17651989;-51,52105093;SPRF-RS;DEL06-RS;UOP01-DEL06-RS
449545;13/05/2022;sexta-feira;06:30:00;RS;470;217;BENTO GONCALVES;Área urbana sem a presença de local apropriado para a travessia de pedestres;Atropelamento de Pedestre;Com Vítimas Feridas;Amanhecer;Crescente;Céu Claro;Dupla;Curva;Sim;2;0;1;0;1;0;1;2;-29,16462512;-51,52551964;SPRF-RS;DEL06-RS;UOP01-DEL06-RS
449748;14/05/2022;sábado;06:00:00;RS;116;133,3;CAXIAS DO SUL;Condutor Dormindo;Saída de leito carroçável;Com Vítimas Feridas;Plena Noite;Crescente;Céu Claro;Simples;Curva;Não;2;0;1;0;0;1;1;2;-29,05590302;-51,09689605;SPRF-RS;DEL05-RS;UOP01-DEL05-RS
449782;14/05/2022;sábado;09:50:00;RS;116;154,5;CAXIAS DO SUL;Ultrapassagem Indevida;Colisão lateral mesmo sentido;Com Vítimas Feridas;Pleno dia;Crescente;Sol;Simples;Curva;Sim;2;0;1;0;1;0;1;2;-29,19074818;-51,18073734;SPRF-RS;DEL05-RS;UOP01-DEL05-RS
449963;15/05/2022;domingo;06:00:00;RS;470;165;VERANOPOLIS;Ausência de reação do condutor;Saída de leito carroçável;Com Vítimas Feridas;Amanhecer;Crescente;Chuva;Simples;Curva;Não;1;0;1;0;0;0;1;1;-28,84783127;-51,57092929;SPRF-RS;DEL06-RS;UOP02-DEL06-RS
450147;15/05/2022;domingo;23:00:00;RS;470;165;VILA FLORES;Ingestão de álcool pelo condutor;Colisão frontal;Sem Vítimas;Plena Noite;Crescente;Chuva;Simples;Curva;Sim;2;0;0;0;2;0;0;2;-28,84795931;-51,57026812;SPRF-RS;DEL06-RS;UOP02-DEL06-RS
450148;15/05/2022;domingo;20:20:00;RS;116;113,9;SAO MARCOS;Ingestão de álcool pelo condutor;Colisão transversal;Sem Vítimas;Plena Noite;Crescente;Chuva;Simples;Reta;Sim;3;0;0;0;3;0;0;2;-28,95667906;-51,08016019;SPRF-RS;DEL05-RS;UOP01-DEL05-RS
450592;18/05/2022;quarta-feira;18:30:00;RS;470;175;VERANOPOLIS;Reação tardia ou ineficiente do condutor;Tombamento;Com Vítimas Feridas;Plena Noite;Crescente;Chuva;Simples;"Curva;Aclive";Não;1;0;1;0;0;0;1;1;-28,91926201;-51,53914905;SPRF-RS;DEL06-RS;UOP02-DEL06-RS
450853;20/05/2022;sexta-feira;08:00:00;RS;470;217;BENTO GONCALVES;Condutor deixou de manter distância do veículo da frente;Colisão traseira;Com Vítimas Feridas;Pleno dia;Decrescente;Nevoeiro/Neblina;Simples;"Rotatória;Em Obras;Retorno Regulamentado;Interseção de Vias";Sim;2;0;1;0;1;0;1;2;-29,17480941;-51,52335059;SPRF-RS;DEL06-RS;UOP01-DEL06-RS
451055;21/05/2022;sábado;04:15:00;RS;470;229;GARIBALDI;Ingestão de álcool pelo condutor;Saída de leito carroçável;Sem Vítimas;Plena Noite;Decrescente;Céu Claro;Simples;Curva;Sim;1;0;0;0;1;0;0;1;-29,270958;-51,498197;SPRF-RS;DEL06-RS;UOP01-DEL06-RS
451080;21/05/2022;sábado;08:20:00;RS;470;219;BENTO GONCALVES;Acessar a via sem observar a presença dos outros veículos;Colisão lateral sentido oposto;Com Vítimas Feridas;Pleno dia;Crescente;Céu Claro;Simples;Reta;Sim;2;0;1;0;1;0;1;2;-29,17909489;-51,51855675;SPRF-RS;DEL06-RS;UOP01-DEL06-RS
451147;21/05/2022;sábado;15:00:00;RS;116;208,7;PICADA CAFE;Velocidade Incompatível;Colisão transversal;Com Vítimas Feridas;Pleno dia;Decrescente;Céu Claro;Simples;Reta;Não;2;0;0;1;1;0;1;2;-29,50493622;-51,1171341;SPRF-RS;DEL05-RS;UOP02-DEL05-RS
451258;22/05/2022;domingo;00:45:00;RS;116;114,9;SAO MARCOS;Ingestão de álcool pelo condutor;Atropelamento de Pedestre;Com Vítimas Feridas;Plena Noite;Decrescente;Céu Claro;Simples;Rotatória;Sim;4;0;0;1;2;1;1;3;-28,96990731;-51,07149124;SPRF-RS;DEL05-RS;UOP01-DEL05-RS
451386;22/05/2022;domingo;18:40:00;RS;116;104;SAO MARCOS;Reação tardia ou ineficiente do condutor;Saída de leito carroçável;Sem Vítimas;Plena Noite;Decrescente;Céu Claro;Simples;Curva;Não;1;0;0;0;0;1;0;1;-28,91002968;-51,11743891;SPRF-RS;DEL05-RS;UOP01-DEL05-RS
451397;22/05/2022;domingo;19:00:00;RS;116;117;SAO MARCOS;Velocidade Incompatível;Saída de leito carroçável;Com Vítimas Feridas;Plena Noite;Decrescente;Céu Claro;Simples;Reta;Não;1;0;1;0;0;0;1;1;-28,98310299;-51,06761081;SPRF-RS;DEL05-RS;UOP01-DEL05-RS
451538;23/05/2022;segunda-feira;11:20:00;RS;116;119;SAO MARCOS;Ausência de reação do condutor;Saída de leito carroçável;Com Vítimas Feridas;Pleno dia;Decrescente;Céu Claro;Simples;Curva;Não;1;0;1;0;0;0;1;1;-28,9961971;-51,07362295;SPRF-RS;DEL05-RS;UOP01-DEL05-RS
451577;27/04/2022;quarta-feira;06:22:00;RS;116;151;CAXIAS DO SUL;Acessar a via sem observar a presença dos outros veículos;Colisão lateral mesmo sentido;Com Vítimas Feridas;Amanhecer;Decrescente;Nublado;Dupla;Interseção de Vias;Sim;2;0;1;0;1;0;1;2;-29,17694502;-51,16173896;SPRF-RS;DEL05-RS;UOP01-DEL05-RS
451721;24/05/2022;terça-feira;12:00:00;RS;116;147;CAXIAS DO SUL;Acessar a via sem observar a presença dos outros veículos;Colisão transversal;Com Vítimas Feridas;Pleno dia;Decrescente;Céu Claro;Dupla;Reta;Sim;2;0;0;1;1;0;1;2;-29,14908014;-51,1429969;SPRF-RS;DEL05-RS;UOP01-DEL05-RS
452029;25/05/2022;quarta-feira;22:15:00;RS;116;152,5;CAXIAS DO SUL;Ingestão de álcool pelo condutor;Colisão frontal;Com Vítimas Feridas;Plena Noite;Crescente;Céu Claro;Dupla;Curva;Sim;2;0;1;0;1;0;1;2;-29,1829343;-51,16801501;SPRF-RS;DEL05-RS;UOP01-DEL05-RS
452259;27/05/2022;sexta-feira;06:10:00;RS;470;166;VILA FLORES;Ausência de reação do condutor;Saída de leito carroçável;Sem Vítimas;Amanhecer;Decrescente;Garoa/Chuvisco;Simples;Reta;Sim;1;0;0;0;0;1;0;1;-28,84766792;-51,57122398;SPRF-RS;DEL06-RS;UOP02-DEL06-RS
452405;27/05/2022;sexta-feira;22:30:00;RS;116;142;CAXIAS DO SUL;Reação tardia ou ineficiente do condutor;Colisão transversal;Sem Vítimas;Plena Noite;Crescente;Céu Claro;Dupla;Reta;Sim;3;0;0;0;3;0;0;2;-29,11727;-51,115208;SPRF-RS;DEL05-RS;UOP01-DEL05-RS
452414;28/05/2022;sábado;00:30:00;RS;470;217;BENTO GONCALVES;Acessar a via sem observar a presença dos outros veículos;Colisão transversal;Sem Vítimas;Plena Noite;Decrescente;Céu Claro;Dupla;Rotatória;Sim;2;0;0;0;2;0;0;2;-29,16462512;-51,52551964;SPRF-RS;DEL06-RS;UOP01-DEL06-RS
452461;28/05/2022;sábado;07:20:00;RS;116;142,9;CAXIAS DO SUL;Ingestão de álcool pelo condutor;Colisão transversal;Sem Vítimas;Pleno dia;Crescente;Nublado;Dupla;Reta;Sim;3;0;0;0;3;0;0;2;-29,12034587;-51,12265706;SPRF-RS;DEL05-RS;UOP01-DEL05-RS
452500;28/05/2022;sábado;13:00:00;RS;470;218;BENTO GONCALVES;Problema com o freio;Saída de leito carroçável;Com Vítimas Feridas;Pleno dia;Crescente;Nublado;Simples;"Interseção de Vias;Declive";Não;1;0;1;0;0;0;1;1;-29,18220429;-51,52031243;SPRF-RS;DEL06-RS;UOP01-DEL06-RS
452509;28/05/2022;sábado;11:30:00;RS;116;206,8;PICADA CAFE;Velocidade Incompatível;Saída de leito carroçável;Com Vítimas Feridas;Pleno dia;Decrescente;Nublado;Simples;Curva;Não;1;0;1;0;0;0;1;1;-29,49966726;-51,1306017;SPRF-RS;DEL05-RS;UOP02-DEL05-RS
452522;28/05/2022;sábado;13:50:00;RS;116;138,7;CAXIAS DO SUL;Velocidade Incompatível;Saída de leito carroçável;Com Vítimas Feridas;Pleno dia;Crescente;Nublado;Simples;Curva;Não;1;0;1;0;0;0;1;1;-29,08970102;-51,11289119;SPRF-RS;DEL05-RS;UOP01-DEL05-RS
452577;28/05/2022;sábado;05:00:00;RS;470;254;SAO PEDRO DA SERRA;Frear bruscamente;Saída de leito carroçável;Sem Vítimas;Plena Noite;Crescente;Céu Claro;Simples;Reta;Não;1;0;0;0;0;1;0;1;-29,40393116;-51,51140849;SPRF-RS;DEL06-RS;UOP01-DEL06-RS
452599;28/05/2022;sábado;19:50:00;RS;116;136;CAXIAS DO SUL;Reação tardia ou ineficiente do condutor;Tombamento;Sem Vítimas;Plena Noite;Crescente;Ignorado;Simples;Curva;Não;1;0;0;0;1;0;0;1;-29,075135;-51,106044;SPRF-RS;DEL05-RS;UOP01-DEL05-RS
452634;29/05/2022;domingo;00:30:00;RS;470;159;NOVA PRATA;Ausência de reação do condutor;Saída de leito carroçável;Sem Vítimas;Plena Noite;Decrescente;Chuva;Simples;Curva;Sim;1;0;0;0;1;0;0;1;-28,80586721;-51,60682934;SPRF-RS;DEL06-RS;UOP02-DEL06-RS
452776;29/05/2022;domingo;18:30:00;RS;470;157;NOVA PRATA;Ingestão de álcool pelo condutor;Saída de leito carroçável;Com Vítimas Feridas;Plena Noite;Crescente;Chuva;Simples;Curva;Sim;2;0;1;1;0;0;2;1;-28,79507068;-51,61584453;SPRF-RS;DEL06-RS;UOP02-DEL06-RS
453275;01/06/2022;quarta-feira;12:40:00;RS;116;147,3;CAXIAS DO SUL;Acessar a via sem observar a presença dos outros veículos;Colisão transversal;Sem Vítimas;Pleno dia;Crescente;Nublado;Dupla;Reta;Sim;2;0;0;0;1;1;0;2;-29,15126178;-51,14706516;SPRF-RS;DEL05-RS;UOP01-DEL05-RS
453419;31/05/2022;terça-feira;07:30:00;RS;470;213;BENTO GONCALVES;Conversão proibida;Colisão transversal;Com Vítimas Feridas;Pleno dia;Crescente;Sol;Simples;Curva;Sim;3;0;2;0;1;0;2;2;-29,138703;-51,542708;SPRF-RS;DEL06-RS;UOP01-DEL06-RS
453630;03/06/2022;sexta-feira;11:40:00;RS;116;144,9;CAXIAS DO SUL;Condutor deixou de manter distância do veículo da frente;Colisão traseira;Com Vítimas Feridas;Pleno dia;Crescente;Céu Claro;Dupla;Reta;Sim;2;0;1;0;1;0;1;2;-29,1267449;-51,12768983;SPRF-RS;DEL05-RS;UOP01-DEL05-RS
453660;03/06/2022;sexta-feira;13:50:00;RS;116;154;CAXIAS DO SUL;Retorno proibido;Tombamento;Com Vítimas Feridas;Pleno dia;Crescente;Céu Claro;Simples;Reta;Sim;2;0;1;0;1;0;1;2;-29,19074818;-51,18073734;SPRF-RS;DEL05-RS;UOP01-DEL05-RS
453677;29/05/2022;domingo;05:30:00;RS;470;199;BENTO GONCALVES;Reação tardia ou ineficiente do condutor;Saída de leito carroçável;Sem Vítimas;Amanhecer;Decrescente;Nublado;Simples;Curva;Não;1;0;0;0;1;0;0;1;-29,068176;-51,581798;SPRF-RS;DEL06-RS;UOP02-DEL06-RS
453782;04/06/2022;sábado;03:00:00;RS;470;217;BENTO GONCALVES;Ingestão de álcool pelo condutor;Saída de leito carroçável;Sem Vítimas;Plena Noite;Decrescente;Céu Claro;Simples;Rotatória;Sim;1;0;0;0;1;0;0;1;-29,16462512;-51,52551964;SPRF-RS;DEL06-RS;UOP01-DEL06-RS
454673;08/06/2022;quarta-feira;17:40:00;RS;470;154,9;NOVA PRATA;Desrespeitar a preferência no cruzamento;Colisão transversal;Com Vítimas Feridas;Pleno dia;Crescente;Sol;Simples;Interseção de Vias;Não;2;0;1;0;1;0;1;2;-28,77418574;-51,61396265;SPRF-RS;DEL06-RS;UOP02-DEL06-RS
454699;08/06/2022;quarta-feira;13:20:00;RS;116;149,2;CAXIAS DO SUL;Afundamento ou ondulação no pavimento;Colisão com objeto;Sem Vítimas;Pleno dia;Crescente;Sol;Múltipla;Reta;Sim;2;0;0;0;2;0;0;1;-29,15996905;-51,15645292;SPRF-RS;DEL05-RS;UOP01-DEL05-RS
454760;09/06/2022;quinta-feira;06:55:00;RS;116;143;CAXIAS DO SUL;Desrespeitar a preferência no cruzamento;Colisão transversal;Com Vítimas Feridas;Amanhecer;Crescente;Céu Claro;Dupla;Interseção de Vias;Sim;2;0;1;0;1;0;1;2;-29,1201739;-51,12260651;SPRF-RS;DEL05-RS;UOP01-DEL05-RS
454762;09/06/2022;quinta-feira;07:40:00;RS;470;188,7;VERANOPOLIS;Ultrapassagem Indevida;Colisão frontal;Com Vítimas Feridas;Pleno dia;Decrescente;Nublado;Simples;"Reta;Declive";Não;2;0;0;2;0;0;2;2;-29,0090907;-51,56456778;SPRF-RS;DEL06-RS;UOP02-DEL06-RS
455063;10/06/2022;sexta-feira;19:20:00;RS;116;145,2;CAXIAS DO SUL;Manobra de mudança de faixa;Colisão com objeto;Com Vítimas Feridas;Plena Noite;Crescente;Céu Claro;Dupla;Curva;Sim;1;0;1;0;0;0;1;1;-29,13669994;-51,13135815;SPRF-RS;DEL05-RS;UOP01-DEL05-RS
455197;11/06/2022;sábado;11:40:00;RS;470;156;NOVA PRATA;Reação tardia ou ineficiente do condutor;Colisão transversal;Com Vítimas Feridas;Pleno dia;Crescente;Céu Claro;Simples;Reta;Não;1;0;1;0;0;0;1;1;-28,78874508;-51,61532195;SPRF-RS;DEL06-RS;UOP02-DEL06-RS
455404;12/06/2022;domingo;13:30:00;RS;116;143,1;CAXIAS DO SUL;Ingestão de álcool pelo condutor;Colisão lateral mesmo sentido;Sem Vítimas;Pleno dia;Crescente;Céu Claro;Múltipla;"Interseção de Vias;Reta";Sim;2;0;0;0;2;0;0;2;-29,1214331;-51,12249613;SPRF-RS;DEL05-RS;UOP01-DEL05-RS
455750;04/06/2022;sábado;15:50:00;RS;116;153,7;CAXIAS DO SUL;Desrespeitar a preferência no cruzamento;Colisão transversal;Com Vítimas Feridas;Pleno dia;Crescente;Céu Claro;Dupla;Rotatória;Sim;2;0;1;0;1;0;1;2;-29,18579758;-51,17713005;SPRF-RS;DEL05-RS;UOP01-DEL05-RS
455829;14/06/2022;terça-feira;18:20:00;RS;470;209;BENTO GONCALVES;Acessar a via sem observar a presença dos outros veículos;Colisão transversal;Com Vítimas Feridas;Plena Noite;Crescente;Céu Claro;Simples;Reta;Sim;2;0;1;0;1;0;1;2;-29,10894598;-51,54542236;SPRF-RS;DEL06-RS;UOP01-DEL06-RS
455850;14/06/2022;terça-feira;18:55:00;RS;470;160;NOVA PRATA;Pedestre andava na pista;Atropelamento de Pedestre;Com Vítimas Feridas;Plena Noite;Decrescente;Céu Claro;Simples;Reta;Não;2;0;0;1;1;0;1;2;-28,81539288;-51,59696817;SPRF-RS;DEL06-RS;UOP02-DEL06-RS
456127;16/06/2022;quinta-feira;03:17:00;RS;116;213,4;MORRO REUTER;Manobra de mudança de faixa;Colisão frontal;Sem Vítimas;Anoitecer;Crescente;Céu Claro;Simples;Curva;Não;2;0;0;0;2;0;0;2;-29,521792;-51,085796;SPRF-RS;DEL05-RS;UOP02-DEL05-RS
456141;16/06/2022;quinta-feira;06:50:00;RS;116;151,4;CAXIAS DO SUL;Pedestre andava na pista;Atropelamento de Pedestre;Com Vítimas Feridas;Amanhecer;Crescente;Céu Claro;Dupla;Reta;Sim;2;0;0;1;1;0;1;2;-29,17694502;-51,16173896;SPRF-RS;DEL05-RS;UOP01-DEL05-RS
456179;16/06/2022;quinta-feira;11:00:00;RS;116;144,9;CAXIAS DO SUL;Acessar a via sem observar a presença dos outros veículos;Colisão transversal;Com Vítimas Feridas;Pleno dia;Crescente;Céu Claro;Dupla;"Viaduto;Reta;Aclive";Sim;2;0;1;0;1;0;1;2;-29,13164595;-51,12891382;SPRF-RS;DEL05-RS;UOP01-DEL05-RS
456397;17/06/2022;sexta-feira;18:20:00;RS;470;237;CARLOS BARBOSA;Reação tardia ou ineficiente do condutor;Saída de leito carroçável;Sem Vítimas;Anoitecer;Crescente;Garoa/Chuvisco;Simples;Curva;Sim;1;0;0;0;1;0;0;1;-29,33116488;-51,49891734;SPRF-RS;DEL06-RS;UOP01-DEL06-RS
456432;17/06/2022;sexta-feira;22:45:00;RS;470;212;BENTO GONCALVES;Reação tardia ou ineficiente do condutor;Saída de leito carroçável;Sem Vítimas;Plena Noite;Crescente;Nublado;Simples;"Curva;Aclive";Sim;2;0;0;0;2;0;0;1;-29,13464587;-51,54485486;SPRF-RS;DEL06-RS;UOP01-DEL06-RS
456444;18/06/2022;sábado;01:15:00;RS;116;145;CAXIAS DO SUL;Ingestão de álcool pelo condutor;Tombamento;Com Vítimas Feridas;Plena Noite;Decrescente;Céu Claro;Dupla;Reta;Sim;1;0;1;0;0;0;1;1;-29,1350217;-51,1302779;SPRF-RS;DEL05-RS;UOP01-DEL05-RS
456447;18/06/2022;sábado;02:15:00;RS;116;115,8;SAO MARCOS;Ingestão de álcool pelo condutor;Colisão com objeto;Com Vítimas Feridas;Plena Noite;Decrescente;Nublado;Simples;Reta;Sim;2;0;2;0;0;0;2;1;-28,97462855;-51,06851935;SPRF-RS;DEL05-RS;UOP01-DEL05-RS
456451;18/06/2022;sábado;02:15:00;RS;470;250,9;SAO PEDRO DA SERRA;Reação tardia ou ineficiente do condutor;Saída de leito carroçável;Com Vítimas Feridas;Plena Noite;Crescente;Nublado;Simples;Reta;Sim;3;0;1;2;0;0;3;1;-29,413712;-51,516606;SPRF-RS;DEL06-RS;UOP01-DEL06-RS
457030;20/06/2022;segunda-feira;21:30:00;RS;116;144;CAXIAS DO SUL;Ingestão de álcool pelo condutor;Colisão com objeto;Sem Vítimas;Plena Noite;Decrescente;Céu Claro;Dupla;"Curva;Aclive";Sim;1;0;0;0;1;0;0;1;-29,1279347;-51,1271972;SPRF-RS;DEL05-RS;UOP01-DEL05-RS
457316;22/06/2022;quarta-feira;11:30:00;RS;470;215;BENTO GONCALVES;Reação tardia ou ineficiente do condutor;Colisão traseira;Com Vítimas Feridas;Pleno dia;Crescente;Nublado;Simples;Reta;Não;2;0;1;0;1;0;1;2;-29,150635;-51,530241;SPRF-RS;DEL06-RS;UOP01-DEL06-RS
457387;22/06/2022;quarta-feira;18:45:00;RS;116;152;CAXIAS DO SUL;Acessar a via sem observar a presença dos outros veículos;Colisão transversal;Sem Vítimas;Anoitecer;Crescente;Chuva;Simples;"Interseção de Vias;Curva";Sim;2;0;0;0;2;0;0;2;-29,1829343;-51,16801501;SPRF-RS;DEL05-RS;UOP01-DEL05-RS
457473;06/06/2022;segunda-feira;06:00:00;RS;470;213;BENTO GONCALVES;Reação tardia ou ineficiente do condutor;Colisão lateral sentido oposto;Com Vítimas Feridas;Amanhecer;Decrescente;Garoa/Chuvisco;Simples;"Desvio Temporário;Curva;Em Obras";Sim;2;0;1;0;1;0;1;2;-29,14760468;-51,53153485;SPRF-RS;DEL06-RS;UOP01-DEL06-RS
457560;23/06/2022;quinta-feira;18:50:00;RS;470;173;VERANOPOLIS;Neblina;Saída de leito carroçável;Com Vítimas Feridas;Plena Noite;Crescente;Nevoeiro/Neblina;Dupla;Reta;Não;2;0;1;0;0;1;1;2;-28,90074603;-51,55311438;SPRF-RS;DEL06-RS;UOP02-DEL06-RS
457583;23/06/2022;quinta-feira;18:30:00;RS;116;136;CAXIAS DO SUL;Desrespeitar a preferência no cruzamento;Colisão transversal;Com Vítimas Feridas;Plena Noite;Decrescente;Nevoeiro/Neblina;Simples;Interseção de Vias;Sim;5;0;1;0;4;0;1;2;-29,075135;-51,106044;SPRF-RS;DEL05-RS;UOP01-DEL05-RS
457834;24/06/2022;sexta-feira;20:15:00;RS;116;197;PICADA CAFE;Ausência de reação do condutor;Colisão lateral sentido oposto;Com Vítimas Feridas;Plena Noite;Decrescente;Nevoeiro/Neblina;Simples;Reta;Sim;4;0;2;0;2;0;2;2;-29,47130146;-51,15002466;SPRF-RS;DEL05-RS;UOP02-DEL05-RS
457877;24/06/2022;sexta-feira;23:05:00;RS;470;226,7;GARIBALDI;Velocidade Incompatível;Saída de leito carroçável;Com Vítimas Feridas;Plena Noite;Decrescente;Chuva;Simples;Curva;Sim;1;0;1;0;0;0;1;1;-29,25414218;-51,5114845;SPRF-RS;DEL06-RS;UOP01-DEL06-RS
458028;26/06/2022;domingo;01:39:00;RS;116;143,2;CAXIAS DO SUL;Reação tardia ou ineficiente do condutor;Tombamento;Com Vítimas Feridas;Plena Noite;Crescente;Céu Claro;Dupla;Reta;Sim;4;0;2;0;2;0;2;1;-29,1201739;-51,12260651;SPRF-RS;DEL05-RS;UOP01-DEL05-RS
458195;26/06/2022;domingo;20:15:00;RS;116;118,8;SAO MARCOS;Reação tardia ou ineficiente do condutor;Saída de leito carroçável;Com Vítimas Feridas;Plena Noite;Decrescente;Céu Claro;Simples;Curva;Não;5;0;3;2;0;0;5;1;-28,99135902;-51,06761399;SPRF-RS;DEL05-RS;UOP01-DEL05-RS
458247;27/06/2022;segunda-feira;04:20:00;RS;116;165;CAXIAS DO SUL;Curva acentuada;Tombamento;Com Vítimas Feridas;Plena Noite;Decrescente;Nublado;Dupla;Curva;Não;2;0;2;0;0;0;2;1;-29,2596449;-51,1574433;SPRF-RS;DEL05-RS;UOP02-DEL05-RS
458790;30/06/2022;quinta-feira;09:00:00;RS;116;149,2;CAXIAS DO SUL;Condutor deixou de manter distância do veículo da frente;Colisão traseira;Sem Vítimas;Pleno dia;Decrescente;Céu Claro;Dupla;"Reta;Aclive";Sim;2;0;0;0;2;0;0;2;-29,15996905;-51,15645292;SPRF-RS;DEL05-RS;UOP01-DEL05-RS
459085;01/07/2022;sexta-feira;18:15:00;RS;116;156,1;CAXIAS DO SUL;Acessar a via sem observar a presença dos outros veículos;Colisão transversal;Com Vítimas Feridas;Anoitecer;Crescente;Céu Claro;Simples;Reta;Sim;2;0;1;0;1;0;1;2;-29,20731013;-51,17757864;SPRF-RS;DEL05-RS;UOP01-DEL05-RS
459142;02/07/2022;sábado;03:40:00;RS;470;153;NOVA PRATA;Transitar na contramão;Colisão frontal;Sem Vítimas;Plena Noite;Decrescente;Céu Claro;Dupla;Curva;Sim;2;0;0;0;0;2;0;2;-28,77133;-51,61788;SPRF-RS;DEL06-RS;UOP02-DEL06-RS
459231;02/07/2022;sábado;15:00:00;RS;116;206;PICADA CAFE;Reação tardia ou ineficiente do condutor;Saída de leito carroçável;Com Vítimas Feridas;Pleno dia;Decrescente;Céu Claro;Simples;Curva;Não;1;0;0;1;0;0;1;1;-29,49966726;-51,1306017;SPRF-RS;DEL05-RS;UOP02-DEL05-RS
459236;02/07/2022;sábado;15:00:00;RS;116;202;PICADA CAFE;Velocidade Incompatível;Saída de leito carroçável;Sem Vítimas;Pleno dia;Crescente;Céu Claro;Simples;Curva;Não;1;0;0;0;1;0;0;1;-29,485036;-51,15194;SPRF-RS;DEL05-RS;UOP02-DEL05-RS
459242;02/07/2022;sábado;14:50:00;RS;470;157,9;NOVA PRATA;Ultrapassagem Indevida;Saída de leito carroçável;Com Vítimas Feridas;Pleno dia;Decrescente;Céu Claro;Simples;Reta;Sim;3;0;1;0;2;0;1;2;-28,79507068;-51,61584453;SPRF-RS;DEL06-RS;UOP02-DEL06-RS
459526;03/07/2022;domingo;18:20:00;RS;116;121,5;SAO MARCOS;Animais na Pista;Atropelamento de Animal;Sem Vítimas;Plena Noite;Decrescente;Nublado;Simples;Curva;Não;2;0;0;0;1;1;0;2;-29,00573128;-51,06932906;SPRF-RS;DEL05-RS;UOP01-DEL05-RS
459844;05/07/2022;terça-feira;12:50:00;RS;470;202;BENTO GONCALVES;Ausência de reação do condutor;Saída de leito carroçável;Com Vítimas Feridas;Pleno dia;Decrescente;Céu Claro;Simples;Curva;Não;1;0;0;1;0;0;1;1;-29,07677887;-51,58496599;SPRF-RS;DEL06-RS;UOP02-DEL06-RS
459848;05/07/2022;terça-feira;12:00:00;RS;116;147,9;CAXIAS DO SUL;Demais falhas mecânicas ou elétricas;Tombamento;Com Vítimas Feridas;Pleno dia;Decrescente;Céu Claro;Dupla;"Curva;Aclive";Sim;1;0;1;0;0;0;1;1;-29,15481012;-51,1515302;SPRF-RS;DEL05-RS;UOP01-DEL05-RS
459937;05/07/2022;terça-feira;23:20:00;RS;116;211,9;MORRO REUTER;Reação tardia ou ineficiente do condutor;Saída de leito carroçável;Sem Vítimas;Plena Noite;Decrescente;Nevoeiro/Neblina;Simples;Reta;Sim;1;0;0;0;1;0;0;1;-29,51365014;-51,10094342;SPRF-RS;DEL05-RS;UOP02-DEL05-RS
460150;07/07/2022;quinta-feira;02:30:00;RS;470;248,7;BARAO;Transitar na contramão;Colisão frontal;Sem Vítimas;Plena Noite;Decrescente;Nublado;Simples;Curva;Sim;3;0;0;0;3;0;0;2;-29,40081477;-51,50300503;SPRF-RS;DEL06-RS;UOP01-DEL06-RS
460471;08/07/2022;sexta-feira;12:30:00;RS;116;143,8;CAXIAS DO SUL;Reação tardia ou ineficiente do condutor;Colisão com objeto;Sem Vítimas;Pleno dia;Decrescente;Garoa/Chuvisco;Dupla;Curva;Não;1;0;0;0;1;0;0;1;-29,1201739;-51,12260651;SPRF-RS;DEL05-RS;UOP01-DEL05-RS
460847;10/07/2022;domingo;06:50:00;RS;470;216;BENTO GONCALVES;Reação tardia ou ineficiente do condutor;Saída de leito carroçável;Sem Vítimas;Amanhecer;Decrescente;Céu Claro;Simples;Curva;Sim;3;0;0;0;0;3;0;2;-29,15887096;-51,53142395;SPRF-RS;DEL06-RS;UOP01-DEL06-RS
460994;10/07/2022;domingo;20:30:00;RS;116;111,1;SAO MARCOS;Velocidade Incompatível;Saída de leito carroçável;Com Vítimas Feridas;Plena Noite;Decrescente;Nublado;Simples;"Curva;Aclive";Sim;1;0;1;0;0;0;1;1;-28,94156803;-51,085764;SPRF-RS;DEL05-RS;UOP01-DEL05-RS
461160;11/07/2022;segunda-feira;18:00:00;RS;116;113,6;SAO MARCOS;Acesso irregular;Colisão transversal;Com Vítimas Feridas;Plena Noite;Crescente;Céu Claro;Simples;Curva;Sim;3;0;3;0;0;0;3;2;-28,95667906;-51,08016019;SPRF-RS;DEL05-RS;UOP01-DEL05-RS
461363;12/07/2022;terça-feira;20:10:00;RS;470;222;GARIBALDI;Ingestão de álcool pelo condutor;Colisão com objeto;Sem Vítimas;Plena Noite;Decrescente;Nublado;Simples;Reta;Sim;1;0;0;0;1;0;0;1;-29,20372835;-51,51786908;SPRF-RS;DEL06-RS;UOP01-DEL06-RS
461452;13/07/2022;quarta-feira;13:20:00;RS;116;150;CAXIAS DO SUL;Condutor deixou de manter distância do veículo da frente;Colisão traseira;Com Vítimas Feridas;Pleno dia;Decrescente;Sol;Dupla;Reta;Sim;2;0;1;0;1;0;1;2;-29,168428;-51,158337;SPRF-RS;DEL05-RS;UOP01-DEL05-RS
461878;15/07/2022;sexta-feira;20:20:00;RS;470;222;GARIBALDI;Reação tardia ou ineficiente do condutor;Saída de leito carroçável;Sem Vítimas;Plena Noite;Crescente;Chuva;Simples;"Retorno Regulamentado;Curva";Sim;1;0;0;0;1;0;0;1;-29,20372835;-51,51786908;SPRF-RS;DEL06-RS;UOP01-DEL06-RS
462071;16/07/2022;sábado;18:40:00;RS;470;156;NOVA PRATA;Transitar na contramão;Colisão lateral sentido oposto;Com Vítimas Feridas;Plena Noite;Crescente;Garoa/Chuvisco;Simples;Curva;Sim;4;0;3;1;0;0;4;2;-28,78874508;-51,61532195;SPRF-RS;DEL06-RS;UOP02-DEL06-RS
462074;16/07/2022;sábado;19:50:00;RS;470;226;GARIBALDI;Falta de elemento de contenção que evite a saída do leito carroçável;Saída de leito carroçável;Com Vítimas Feridas;Plena Noite;Decrescente;Chuva;Dupla;Reta;Não;1;0;1;0;0;0;1;1;-29,21556004;-51,51743821;SPRF-RS;DEL06-RS;UOP01-DEL06-RS
462262;17/07/2022;domingo;16:40:00;RS;116;200;PICADA CAFE;Reação tardia ou ineficiente do condutor;Saída de leito carroçável;Com Vítimas Feridas;Pleno dia;Crescente;Nublado;Simples;Curva;Não;1;0;1;0;0;0;1;1;-29,48890588;-51,13828706;SPRF-RS;DEL05-RS;UOP02-DEL05-RS
462281;17/07/2022;domingo;18:30:00;RS;470;165;VILA FLORES;Transitar na contramão;Colisão transversal;Com Vítimas Feridas;Anoitecer;Decrescente;Céu Claro;Simples;Curva;Não;6;0;5;0;0;1;5;2;-28,84169703;-51,57429796;SPRF-RS;DEL06-RS;UOP02-DEL06-RS
462373;18/07/2022;segunda-feira;07:15:00;RS;470;221;GARIBALDI;Condutor deixou de manter distância do veículo da frente;Engavetamento;Com Vítimas Feridas;Pleno dia;Crescente;Céu Claro;Dupla;Reta;Não;3;0;1;0;2;0;1;3;-29,19516365;-51,51950463;SPRF-RS;DEL06-RS;UOP01-DEL06-RS
462881;20/07/2022;quarta-feira;20:15:00;RS;116;150,9;CAXIAS DO SUL;Pedestre cruzava a pista fora da faixa;Atropelamento de Pedestre;Com Vítimas Feridas;Plena Noite;Decrescente;Céu Claro;Dupla;"Aclive;Viaduto;Reta";Sim;3;0;1;1;0;1;2;2;-29,168428;-51,158337;SPRF-RS;DEL05-RS;UOP01-DEL05-RS
462985;21/07/2022;quinta-feira;10:35:00;RS;116;183,6;NOVA PETROPOLIS;Ausência de reação do condutor;Colisão traseira;Sem Vítimas;Pleno dia;Crescente;Sol;Simples;Reta;Não;2;0;0;0;2;0;0;2;-29,38206672;-51,12330599;SPRF-RS;DEL05-RS;UOP02-DEL05-RS
463173;22/07/2022;sexta-feira;10:38:00;RS;470;217;BENTO GONCALVES;Acessar a via sem observar a presença dos outros veículos;Colisão lateral mesmo sentido;Com Vítimas Feridas;Pleno dia;Crescente;Céu Claro;Simples;Curva;Sim;2;0;1;0;1;0;1;2;-29,16462512;-51,52551964;SPRF-RS;DEL06-RS;UOP01-DEL06-RS
463183;02/07/2022;sábado;19:00:00;RS;470;223;GARIBALDI;Reação tardia ou ineficiente do condutor;Colisão lateral mesmo sentido;Com Vítimas Feridas;Plena Noite;Crescente;Céu Claro;Simples;Reta;Não;2;0;1;0;1;0;1;2;-29,21249203;-51,51794436;SPRF-RS;DEL06-RS;UOP01-DEL06-RS
463398;23/07/2022;sábado;06:55:00;RS;116;150,1;CAXIAS DO SUL;Reação tardia ou ineficiente do condutor;Colisão transversal;Sem Vítimas;Pleno dia;Crescente;Nublado;Dupla;Reta;Sim;2;0;0;0;2;0;0;2;-29,168428;-51,158337;SPRF-RS;DEL05-RS;UOP01-DEL05-RS
463615;24/07/2022;domingo;05:20:00;RS;116;148,2;CAXIAS DO SUL;Ingestão de álcool pelo condutor;Saída de leito carroçável;Com Vítimas Feridas;Plena Noite;Crescente;Nublado;Dupla;Curva;Sim;1;0;1;0;0;0;1;1;-29,15444539;-51,15101681;SPRF-RS;DEL05-RS;UOP01-DEL05-RS
463651;24/07/2022;domingo;09:35:00;RS;470;158;NOVA PRATA;Acessar a via sem observar a presença dos outros veículos;Colisão transversal;Com Vítimas Feridas;Pleno dia;Crescente;Céu Claro;Simples;Rotatória;Sim;3;0;2;0;1;0;2;2;-28,80000398;-51,61054097;SPRF-RS;DEL06-RS;UOP02-DEL06-RS
463665;24/07/2022;domingo;11:45:00;RS;116;206;PICADA CAFE;Velocidade Incompatível;Saída de leito carroçável;Com Vítimas Feridas;Pleno dia;Crescente;Céu Claro;Simples;Curva;Não;1;0;0;1;0;0;1;1;-29,49966726;-51,1306017;SPRF-RS;DEL05-RS;UOP02-DEL05-RS
463891;22/07/2022;sexta-feira;23:50:00;RS;470;221;BENTO GONCALVES;Demais falhas na via;Colisão com objeto;Sem Vítimas;Plena Noite;Decrescente;Ignorado;Dupla;Rotatória;Sim;2;0;0;0;2;0;0;1;-29,19516365;-51,51950463;SPRF-RS;DEL06-RS;UOP01-DEL06-RS
464013;25/07/2022;segunda-feira;17:20:00;RS;470;155;NOVA PRATA;Reação tardia ou ineficiente do condutor;Colisão traseira;Com Vítimas Feridas;Pleno dia;Crescente;Céu Claro;Simples;Reta;Sim;3;0;2;0;1;0;2;2;-28,77474998;-51,61309361;SPRF-RS;DEL06-RS;UOP02-DEL06-RS
464134;26/07/2022;terça-feira;13:25:00;RS;470;206;BENTO GONCALVES;Conversão proibida;Colisão frontal;Com Vítimas Feridas;Pleno dia;Crescente;Céu Claro;Simples;Reta;Não;2;0;2;0;0;0;2;2;-29,08977;-51,556176;SPRF-RS;DEL06-RS;UOP01-DEL06-RS
464857;30/07/2022;sábado;12:00:00;RS;116;150,7;CAXIAS DO SUL;Manobra de mudança de faixa;Colisão traseira;Com Vítimas Feridas;Pleno dia;Crescente;Sol;Dupla;Reta;Sim;3;0;1;0;2;0;1;3;-29,168428;-51,158337;SPRF-RS;DEL05-RS;UOP01-DEL05-RS
465024;31/07/2022;domingo;05:30:00;RS;116;114;SAO MARCOS;Transitar na contramão;Colisão frontal;Com Vítimas Feridas;Amanhecer;Decrescente;Céu Claro;Simples;Reta;Não;3;0;3;0;0;0;3;2;-28,96397179;-51,0753428;SPRF-RS;DEL05-RS;UOP01-DEL05-RS
465484;02/08/2022;terça-feira;14:20:00;RS;470;228;GARIBALDI;Acessar a via sem observar a presença dos outros veículos;Colisão transversal;Sem Vítimas;Pleno dia;Crescente;Céu Claro;Simples;Interseção de Vias;Não;2;0;0;0;2;0;0;2;-29,21759706;-51,51703722;SPRF-RS;DEL06-RS;UOP01-DEL06-RS
465693;03/08/2022;quarta-feira;12:15:00;RS;116;147,4;CAXIAS DO SUL;Entrada inopinada do pedestre;Atropelamento de Pedestre;Com Vítimas Feridas;Pleno dia;Decrescente;Céu Claro;Dupla;Reta;Sim;3;0;1;0;1;1;1;2;-29,15098068;-51,14624977;SPRF-RS;DEL05-RS;UOP01-DEL05-RS
465868;04/08/2022;quinta-feira;11:00:00;RS;116;185,1;NOVA PETROPOLIS;Reação tardia ou ineficiente do condutor;Colisão com objeto;Com Vítimas Feridas;Pleno dia;Decrescente;Chuva;Simples;Reta;Não;1;0;1;0;0;0;1;1;-29,39221114;-51,12482919;SPRF-RS;DEL05-RS;UOP02-DEL05-RS
466162;05/08/2022;sexta-feira;21:10:00;RS;116;149,9;CAXIAS DO SUL;Condutor deixou de manter distância do veículo da frente;Colisão traseira;Com Vítimas Feridas;Plena Noite;Crescente;Céu Claro;Dupla;Reta;Sim;2;0;1;0;1;0;1;1;-29,168428;-51,158337;SPRF-RS;DEL05-RS;UOP01-DEL05-RS
466195;06/08/2022;sábado;00:25:00;RS;470;229;CARLOS BARBOSA;Reação tardia ou ineficiente do condutor;Saída de leito carroçável;Sem Vítimas;Plena Noite;Crescente;Céu Claro;Simples;Curva;Não;2;0;0;0;2;0;0;1;-29,2841968;-51,4918505;SPRF-RS;DEL06-RS;UOP01-DEL06-RS
466343;06/08/2022;sábado;18:35:00;RS;116;154,4;CAXIAS DO SUL;Desrespeitar a preferência no cruzamento;Saída de leito carroçável;Com Vítimas Feridas;Plena Noite;Decrescente;Céu Claro;Simples;Interseção de Vias;Sim;4;0;2;0;0;2;2;3;-29,19074818;-51,18073734;SPRF-RS;DEL05-RS;UOP01-DEL05-RS
466395;06/08/2022;sábado;20:15:00;RS;470;225,3;GARIBALDI;Ingestão de álcool pelo condutor;Colisão traseira;Sem Vítimas;Plena Noite;Crescente;Chuva;Simples;Retorno Regulamentado;Sim;3;0;0;0;3;0;0;2;-29,21454003;-51,51762617;SPRF-RS;DEL06-RS;UOP01-DEL06-RS
466608;07/08/2022;domingo;21:00:00;RS;470;224,6;GARIBALDI;Neblina;Colisão frontal;Com Vítimas Feridas;Plena Noite;Crescente;Nevoeiro/Neblina;Simples;Curva;Sim;3;0;2;0;1;0;2;2;-29,23637444;-51,51726365;SPRF-RS;DEL06-RS;UOP01-DEL06-RS
467066;10/08/2022;quarta-feira;06:55:00;RS;470;217;BENTO GONCALVES;Transitar na contramão;Colisão frontal;Com Vítimas Feridas;Amanhecer;Decrescente;Garoa/Chuvisco;Simples;"Declive;Curva";Sim;2;0;1;0;1;0;1;2;-29,17785666;-51,51844919;SPRF-RS;DEL06-RS;UOP01-DEL06-RS
467170;15/07/2022;sexta-feira;14:10:00;RS;116;162,5;CAXIAS DO SUL;Velocidade Incompatível;Colisão transversal;Com Vítimas Feridas;Pleno dia;Decrescente;Chuva;Simples;Curva;Não;4;0;2;0;2;0;2;2;-29,24754637;-51,15737756;SPRF-RS;DEL05-RS;UOP02-DEL05-RS
467353;11/08/2022;quinta-feira;17:20:00;RS;470;175,9;VERANOPOLIS;Acessar a via sem observar a presença dos outros veículos;Colisão transversal;Com Vítimas Feridas;Pleno dia;Decrescente;Céu Claro;Simples;"Rotatória;Retorno Regulamentado";Sim;3;0;0;1;2;0;1;2;-28,926674;-51,54147863;SPRF-RS;DEL06-RS;UOP02-DEL06-RS
467693;13/08/2022;sábado;04:30:00;RS;470;231;CARLOS BARBOSA;Acumulo de areia ou detritos sobre o pavimento;Tombamento;Com Vítimas Feridas;Plena Noite;Crescente;Nublado;Dupla;Curva;Sim;1;0;0;1;0;0;1;1;-29,28636068;-51,49137765;SPRF-RS;DEL06-RS;UOP01-DEL06-RS
467764;13/08/2022;sábado;09:00:00;RS;470;218;BENTO GONCALVES;Acessar a via sem observar a presença dos outros veículos;Colisão transversal;Sem Vítimas;Pleno dia;Crescente;Céu Claro;Simples;"Interseção de Vias;Curva";Sim;3;0;0;0;3;0;0;2;-29,18238104;-51,52020872;SPRF-RS;DEL06-RS;UOP01-DEL06-RS
467792;13/08/2022;sábado;12:40:00;RS;470;221;GARIBALDI;Reação tardia ou ineficiente do condutor;Saída de leito carroçável;Com Vítimas Feridas;Pleno dia;Crescente;Céu Claro;Simples;Rotatória;Sim;1;0;1;0;0;0;1;1;-29,19516365;-51,51950463;SPRF-RS;DEL06-RS;UOP01-DEL06-RS
467969;14/08/2022;domingo;06:00:00;RS;116;124,9;SAO MARCOS;Ingestão de álcool pelo condutor;Saída de leito carroçável;Com Vítimas Feridas;Plena Noite;Decrescente;Céu Claro;Simples;Curva;Não;1;0;1;0;0;0;1;1;-29,02509511;-51,08256484;SPRF-RS;DEL05-RS;UOP01-DEL05-RS
468682;17/08/2022;quarta-feira;16:30:00;RS;116;150,3;CAXIAS DO SUL;Condutor desrespeitou a iluminação vermelha do semáforo;Colisão transversal;Com Vítimas Feridas;Pleno dia;Crescente;Céu Claro;Dupla;Interseção de Vias;Sim;5;0;3;0;2;0;3;3;-29,168428;-51,158337;SPRF-RS;DEL05-RS;UOP01-DEL05-RS
468816;18/08/2022;quinta-feira;10:50:00;RS;470;229;GARIBALDI;Acessar a via sem observar a presença dos outros veículos;Colisão transversal;Com Vítimas Feridas;Pleno dia;Decrescente;Chuva;Simples;Reta;Não;2;0;1;0;1;0;1;2;-29,21924589;-51,51671648;SPRF-RS;DEL06-RS;UOP01-DEL06-RS
468834;18/08/2022;quinta-feira;13:55:00;RS;470;217;BENTO GONCALVES;Manobra de mudança de faixa;Saída de leito carroçável;Com Vítimas Feridas;Pleno dia;Decrescente;Nublado;Simples;Reta;Sim;1;0;1;0;0;0;1;1;-29,16462512;-51,52551964;SPRF-RS;DEL06-RS;UOP01-DEL06-RS
468950;19/08/2022;sexta-feira;07:05:00;RS;116;152;CAXIAS DO SUL;Desrespeitar a preferência no cruzamento;Atropelamento de Pedestre;Com Vítimas Feridas;Amanhecer;Decrescente;Céu Claro;Simples;Reta;Sim;2;0;1;0;1;0;1;2;-29,1829343;-51,16801501;SPRF-RS;DEL05-RS;UOP01-DEL05-RS
469429;21/08/2022;domingo;08:45:00;RS;116;143,1;CAXIAS DO SUL;Velocidade Incompatível;Tombamento;Com Vítimas Feridas;Pleno dia;Crescente;Céu Claro;Dupla;Curva;Sim;1;0;1;0;0;0;1;1;-29,1201739;-51,12260651;SPRF-RS;DEL05-RS;UOP01-DEL05-RS
469437;21/08/2022;domingo;07:45:00;RS;116;108,9;SAO MARCOS;Condutor Dormindo;Saída de leito carroçável;Com Vítimas Feridas;Pleno dia;Decrescente;Céu Claro;Simples;Curva;Não;2;0;1;0;1;0;1;1;-28,92514807;-51,09447449;SPRF-RS;DEL05-RS;UOP01-DEL05-RS
469492;21/08/2022;domingo;17:00:00;RS;116;161;CAXIAS DO SUL;Condutor deixou de manter distância do veículo da frente;Colisão traseira;Com Vítimas Feridas;Pleno dia;Crescente;Céu Claro;Simples;Reta;Não;4;0;1;0;2;1;1;3;-29,24019404;-51,15933323;SPRF-RS;DEL05-RS;UOP01-DEL05-RS
469608;22/08/2022;segunda-feira;06:40:00;RS;470;155;NOVA PRATA;Acessar a via sem observar a presença dos outros veículos;Colisão transversal;Com Vítimas Feridas;Amanhecer;Decrescente;Nevoeiro/Neblina;Simples;Retorno Regulamentado;Sim;2;0;1;0;1;0;1;2;-28,78243906;-51,61511825;SPRF-RS;DEL06-RS;UOP02-DEL06-RS
469770;23/08/2022;terça-feira;07:00:00;RS;116;145;CAXIAS DO SUL;Reação tardia ou ineficiente do condutor;Colisão com objeto;Com Vítimas Fatais;Pleno dia;Crescente;Céu Claro;Múltipla;Reta;Sim;2;1;0;0;0;1;0;2;-29,1350217;-51,1302779;SPRF-RS;DEL05-RS;UOP01-DEL05-RS
469856;08/07/2022;sexta-feira;06:20:00;RS;470;232;CARLOS BARBOSA;Reação tardia ou ineficiente do condutor;Saída de leito carroçável;Com Vítimas Feridas;Plena Noite;Decrescente;Chuva;Simples;"Curva;Aclive";Não;1;0;0;1;0;0;1;1;-29,29758989;-51,48234129;SPRF-RS;DEL06-RS;UOP01-DEL06-RS
470137;01/07/2022;sexta-feira;21:30:00;RS;116;147,5;CAXIAS DO SUL;Desrespeitar a preferência no cruzamento;Colisão transversal;Com Vítimas Feridas;Plena Noite;Crescente;Céu Claro;Dupla;Curva;Sim;5;0;0;1;1;3;1;3;-29,15185208;-51,14765525;SPRF-RS;DEL05-RS;UOP01-DEL05-RS
470176;24/08/2022;quarta-feira;19:15:00;RS;116;150,3;CAXIAS DO SUL;Pedestre cruzava a pista fora da faixa;Atropelamento de Pedestre;Com Vítimas Feridas;Plena Noite;Crescente;Céu Claro;Múltipla;Reta;Sim;2;0;0;1;1;0;1;2;-29,168428;-51,158337;SPRF-RS;DEL05-RS;UOP01-DEL05-RS
470542;27/08/2022;sábado;04:25:00;RS;116;150;CAXIAS DO SUL;Ingestão de álcool pelo condutor;Colisão com objeto;Com Vítimas Feridas;Plena Noite;Decrescente;Céu Claro;Múltipla;Curva;Sim;1;0;1;0;0;0;1;1;-29,168428;-51,158337;SPRF-RS;DEL05-RS;UOP01-DEL05-RS
470603;27/08/2022;sábado;11:40:00;RS;116;149,1;CAXIAS DO SUL;Desrespeitar a preferência no cruzamento;Colisão lateral mesmo sentido;Com Vítimas Feridas;Pleno dia;Crescente;Céu Claro;Dupla;Interseção de Vias;Sim;4;0;2;0;2;0;2;2;-29,15996905;-51,15645292;SPRF-RS;DEL05-RS;UOP01-DEL05-RS
470649;27/08/2022;sábado;14:00:00;RS;470;160;NOVA PRATA;Condutor deixou de manter distância do veículo da frente;Colisão traseira;Com Vítimas Feridas;Pleno dia;Crescente;Céu Claro;Simples;Reta;Não;3;0;0;1;1;1;1;3;-28,81066741;-51,60061401;SPRF-RS;DEL06-RS;UOP02-DEL06-RS
470973;29/08/2022;segunda-feira;02:30:00;RS;470;222;GARIBALDI;Ingestão de álcool pelo condutor;Saída de leito carroçável;Sem Vítimas;Plena Noite;Crescente;Céu Claro;Dupla;Reta;Sim;2;0;0;0;2;0;0;1;-29,20372835;-51,51786908;SPRF-RS;DEL06-RS;UOP01-DEL06-RS
470982;29/08/2022;segunda-feira;04:15:00;RS;470;176,9;VERANOPOLIS;Conversão proibida;Colisão transversal;Com Vítimas Feridas;Plena Noite;Crescente;Nublado;Simples;Reta;Sim;2;0;1;0;1;0;1;2;-28,929109;-51,54315;SPRF-RS;DEL06-RS;UOP02-DEL06-RS
471019;29/08/2022;segunda-feira;08:20:00;RS;116;151;CAXIAS DO SUL;Condutor deixou de manter distância do veículo da frente;Colisão traseira;Com Vítimas Feridas;Pleno dia;Decrescente;Céu Claro;Dupla;Reta;Sim;2;0;1;0;1;0;1;2;-29,17694502;-51,16173896;SPRF-RS;DEL05-RS;UOP01-DEL05-RS
471078;29/08/2022;segunda-feira;14:30:00;RS;116;150;CAXIAS DO SUL;Desrespeitar a preferência no cruzamento;Colisão lateral mesmo sentido;Com Vítimas Feridas;Pleno dia;Crescente;Céu Claro;Dupla;Interseção de Vias;Sim;3;0;1;0;1;1;1;3;-29,16825735;-51,15880251;SPRF-RS;DEL05-RS;UOP01-DEL05-RS
471097;29/08/2022;segunda-feira;16:45:00;RS;470;165;VILA FLORES;Ausência de reação do condutor;Colisão com objeto;Com Vítimas Feridas;Pleno dia;Decrescente;Céu Claro;Simples;"Declive;Curva";Não;2;0;1;0;0;1;1;2;-28,84442376;-51,57552123;SPRF-RS;DEL06-RS;UOP02-DEL06-RS
471218;30/08/2022;terça-feira;09:50:00;RS;470;216,8;BENTO GONCALVES;Avarias e/ou desgaste excessivo no pneu;Colisão frontal;Sem Vítimas;Pleno dia;Crescente;Céu Claro;Simples;Reta;Sim;4;0;0;0;4;0;0;2;-29,15887096;-51,53142395;SPRF-RS;DEL06-RS;UOP01-DEL06-RS
471479;31/08/2022;quarta-feira;17:35:00;RS;116;146;CAXIAS DO SUL;Manobra de mudança de faixa;Colisão lateral mesmo sentido;Com Vítimas Feridas;Pleno dia;Crescente;Céu Claro;Dupla;Reta;Sim;3;0;2;0;1;0;2;2;-29,14228897;-51,13622202;SPRF-RS;DEL05-RS;UOP01-DEL05-RS
471806;02/09/2022;sexta-feira;11:55:00;RS;470;213;BENTO GONCALVES;Acessar a via sem observar a presença dos outros veículos;Colisão transversal;Com Vítimas Feridas;Pleno dia;Crescente;Nublado;Simples;"Reta;Em Obras";Sim;2;0;1;0;1;0;1;2;-29,138703;-51,542708;SPRF-RS;DEL06-RS;UOP01-DEL06-RS
471949;03/09/2022;sábado;01:40:00;RS;470;229;GARIBALDI;Ausência de reação do condutor;Capotamento;Sem Vítimas;Plena Noite;Decrescente;Nublado;Simples;Reta;Não;2;0;0;0;0;2;0;2;-29,218603;-51,51677;SPRF-RS;DEL06-RS;UOP01-DEL06-RS
471966;03/09/2022;sábado;06:05:00;RS;116;150;CAXIAS DO SUL;Ingestão de álcool pelo condutor;Colisão com objeto;Sem Vítimas;Amanhecer;Crescente;Nublado;Dupla;Curva;Sim;1;0;0;0;1;0;0;1;-29,168428;-51,158337;SPRF-RS;DEL05-RS;UOP01-DEL05-RS
472029;20/07/2022;quarta-feira;16:30:00;RS;470;178;VERANOPOLIS;Acessar a via sem observar a presença dos outros veículos;Colisão transversal;Com Vítimas Feridas;Pleno dia;Decrescente;Céu Claro;Simples;Interseção de Vias;Sim;2;0;0;1;1;0;1;2;-28,94753484;-51,55413312;SPRF-RS;DEL06-RS;UOP02-DEL06-RS
472049;03/09/2022;sábado;14:30:00;RS;116;205;PICADA CAFE;Velocidade Incompatível;Capotamento;Com Vítimas Feridas;Pleno dia;Crescente;Céu Claro;Simples;Curva;Não;7;0;0;1;6;0;1;3;-29,49979304;-51,13770408;SPRF-RS;DEL05-RS;UOP02-DEL05-RS
472110;03/09/2022;sábado;20:08:00;RS;116;143;CAXIAS DO SUL;Manobra de mudança de faixa;Colisão lateral mesmo sentido;Com Vítimas Feridas;Plena Noite;Crescente;Céu Claro;Múltipla;Reta;Sim;3;0;1;0;1;1;1;3;-29,1201739;-51,12260651;SPRF-RS;DEL05-RS;UOP01-DEL05-RS
472198;04/09/2022;domingo;06:00:00;RS;470;222,1;BENTO GONCALVES;Ingestão de álcool ou de substâncias psicoativas pelo pedestre;Saída de leito carroçável;Com Vítimas Feridas;Amanhecer;Decrescente;Céu Claro;Simples;Interseção de Vias;Não;1;0;1;0;0;0;1;1;-29,21557234;-51,51733752;SPRF-RS;DEL06-RS;UOP01-DEL06-RS
472273;04/09/2022;domingo;09:30:00;RS;116;151;CAXIAS DO SUL;Ingestão de álcool pelo condutor;Saída de leito carroçável;Sem Vítimas;Pleno dia;Decrescente;Céu Claro;Dupla;Reta;Sim;1;0;0;0;1;0;0;1;-29,17694502;-51,16173896;SPRF-RS;DEL05-RS;UOP01-DEL05-RS
472294;04/09/2022;domingo;08:00:00;RS;470;153;NOVA PRATA;Reação tardia ou ineficiente do condutor;Capotamento;Com Vítimas Feridas;Pleno dia;Crescente;Céu Claro;Simples;Rotatória;Não;2;0;2;0;0;0;2;1;-28,77133;-51,61788;SPRF-RS;DEL06-RS;UOP02-DEL06-RS
472586;02/07/2022;sábado;11:00:00;RS;470;217;BENTO GONCALVES;Desrespeitar a preferência no cruzamento;Colisão transversal;Com Vítimas Feridas;Pleno dia;Decrescente;Céu Claro;Simples;Rotatória;Sim;2;0;0;1;1;0;1;2;-29,15887096;-51,53142395;SPRF-RS;DEL06-RS;UOP01-DEL06-RS
472659;05/09/2022;segunda-feira;21:00:00;RS;0;0;BENTO GONCALVES;Velocidade Incompatível;Colisão com objeto;Sem Vítimas;Plena Noite;Não Informado;Garoa/Chuvisco;Simples;Interseção de Vias;Não;3;0;0;0;2;1;0;2;-29,11181548;-51,60244357;SPRF-RS;DEL06-RS;UOP01-DEL06-RS
472747;06/09/2022;terça-feira;09:00:00;RS;116;169,3;CAXIAS DO SUL;Velocidade Incompatível;Capotamento;Com Vítimas Feridas;Pleno dia;Decrescente;Chuva;Dupla;Reta;Não;1;0;1;0;0;0;1;1;-29,292045;-51,162357;SPRF-RS;DEL05-RS;UOP02-DEL05-RS
472808;06/09/2022;terça-feira;19:03:00;RS;470;228,2;GARIBALDI;Acessar a via sem observar a presença dos outros veículos;Colisão transversal;Com Vítimas Feridas;Plena Noite;Crescente;Nublado;Simples;Reta;Não;2;0;1;0;1;0;1;2;-29,21759706;-51,51703722;SPRF-RS;DEL06-RS;UOP01-DEL06-RS
472853;06/09/2022;terça-feira;21:00:00;RS;470;213;BENTO GONCALVES;Reação tardia ou ineficiente do condutor;Queda de ocupante de veículo;Com Vítimas Feridas;Plena Noite;Decrescente;Céu Claro;Dupla;Reta;Sim;1;0;1;0;0;0;1;1;-29,138703;-51,542708;SPRF-RS;DEL06-RS;UOP01-DEL06-RS
472877;07/09/2022;quarta-feira;03:30:00;RS;470;219;BENTO GONCALVES;Reação tardia ou ineficiente do condutor;Tombamento;Com Vítimas Fatais;Plena Noite;Crescente;Nublado;Simples;"Declive;Curva";Não;2;1;1;0;0;0;1;1;-29,17909489;-51,51855675;SPRF-RS;DEL06-RS;UOP01-DEL06-RS
472939;07/09/2022;quarta-feira;11:40:00;RS;116;148,2;CAXIAS DO SUL;Velocidade Incompatível;Saída de leito carroçável;Sem Vítimas;Pleno dia;Decrescente;Nublado;Dupla;Curva;Sim;1;0;0;0;1;0;0;1;-29,15444539;-51,15101681;SPRF-RS;DEL05-RS;UOP01-DEL05-RS
473364;09/09/2022;sexta-feira;18:10:00;RS;116;143,4;CAXIAS DO SUL;Reação tardia ou ineficiente do condutor;Saída de leito carroçável;Com Vítimas Feridas;Plena Noite;Crescente;Chuva;Dupla;Curva;Sim;1;0;1;0;0;0;1;1;-29,1201739;-51,12260651;SPRF-RS;DEL05-RS;UOP01-DEL05-RS
473436;10/09/2022;sábado;04:40:00;RS;116;148;CAXIAS DO SUL;Reação tardia ou ineficiente do condutor;Colisão com objeto;Sem Vítimas;Plena Noite;Decrescente;Céu Claro;Dupla;Curva;Sim;1;0;0;0;1;0;0;1;-29,15771587;-51,1516732;SPRF-RS;DEL05-RS;UOP01-DEL05-RS
473485;10/09/2022;sábado;09:45:00;RS;470;173;VERANOPOLIS;Reação tardia ou ineficiente do condutor;Colisão traseira;Sem Vítimas;Pleno dia;Crescente;Céu Claro;Simples;Reta;Não;2;0;0;0;2;0;0;2;-28,90074603;-51,55311438;SPRF-RS;DEL06-RS;UOP02-DEL06-RS
473489;10/09/2022;sábado;11:20:00;RS;470;162;NOVA PRATA;Acessar a via sem observar a presença dos outros veículos;Colisão transversal;Com Vítimas Feridas;Pleno dia;Crescente;Céu Claro;Simples;Reta;Não;2;0;1;0;1;0;1;2;-28,82207304;-51,58755803;SPRF-RS;DEL06-RS;UOP02-DEL06-RS
473657;10/09/2022;sábado;22:25:00;RS;116;143;CAXIAS DO SUL;Iluminação deficiente;Colisão com objeto;Sem Vítimas;Plena Noite;Decrescente;Céu Claro;Simples;"Declive;Reta";Sim;2;0;0;0;2;0;0;1;-29,12125502;-51,12203479;SPRF-RS;DEL05-RS;UOP01-DEL05-RS
473666;10/09/2022;sábado;23:45:00;RS;470;240;CARLOS BARBOSA;Reação tardia ou ineficiente do condutor;Saída de leito carroçável;Sem Vítimas;Plena Noite;Crescente;Céu Claro;Simples;"Declive;Curva";Não;1;0;0;0;1;0;0;1;-29,32956421;-51,49893773;SPRF-RS;DEL06-RS;UOP01-DEL06-RS
473846;11/09/2022;domingo;18:40:00;RS;470;187;VERANOPOLIS;Velocidade Incompatível;Saída de leito carroçável;Com Vítimas Feridas;Plena Noite;Decrescente;Céu Claro;Dupla;Reta;Não;1;0;1;0;0;0;1;1;-29,00751109;-51,55777697;SPRF-RS;DEL06-RS;UOP02-DEL06-RS
473853;11/09/2022;domingo;22:30:00;RS;470;217;BENTO GONCALVES;Desrespeitar a preferência no cruzamento;Colisão transversal;Com Vítimas Feridas;Plena Noite;Crescente;Nublado;Dupla;Reta;Sim;3;0;1;0;2;0;1;2;-29,16462512;-51,52551964;SPRF-RS;DEL06-RS;UOP01-DEL06-RS
474637;16/09/2022;sexta-feira;02:05:00;RS;116;143,7;CAXIAS DO SUL;Velocidade Incompatível;Saída de leito carroçável;Sem Vítimas;Plena Noite;Decrescente;Nublado;Dupla;Reta;Sim;3;0;0;0;1;2;0;2;-29,12577252;-51,1273241;SPRF-RS;DEL05-RS;UOP01-DEL05-RS
474923;17/09/2022;sábado;09:00:00;RS;116;149,7;CAXIAS DO SUL;Condutor desrespeitou a iluminação vermelha do semáforo;Colisão transversal;Com Vítimas Feridas;Pleno dia;Crescente;Céu Claro;Dupla;Interseção de Vias;Sim;4;0;2;0;2;0;2;2;-29,1712177;-51,15987539;SPRF-RS;DEL05-RS;UOP01-DEL05-RS
475109;18/09/2022;domingo;02:30:00;RS;470;221;GARIBALDI;Reação tardia ou ineficiente do condutor;Saída de leito carroçável;Sem Vítimas;Plena Noite;Crescente;Céu Claro;Simples;Rotatória;Sim;1;0;0;0;0;1;0;1;-29,209235;-51,518006;SPRF-RS;DEL06-RS;UOP01-DEL06-RS
475139;18/09/2022;domingo;06:15:00;RS;116;145,4;CAXIAS DO SUL;Ausência de reação do condutor;Colisão com objeto;Com Vítimas Feridas;Pleno dia;Crescente;Céu Claro;Dupla;Reta;Sim;1;0;1;0;0;0;1;1;-29,1350217;-51,1302779;SPRF-RS;DEL05-RS;UOP01-DEL05-RS
475149;18/09/2022;domingo;07:20:00;RS;470;175;VERANOPOLIS;Velocidade Incompatível;Saída de leito carroçável;Com Vítimas Feridas;Pleno dia;Crescente;Céu Claro;Simples;Curva;Sim;4;0;4;0;0;0;4;1;-28,92450342;-51,53892249;SPRF-RS;DEL06-RS;UOP02-DEL06-RS
475210;18/09/2022;domingo;14:00:00;RS;116;144;CAXIAS DO SUL;Manobra de mudança de faixa;Colisão traseira;Sem Vítimas;Pleno dia;Crescente;Céu Claro;Dupla;Reta;Sim;2;0;0;0;2;0;0;2;-29,14042649;-51,13435149;SPRF-RS;DEL05-RS;UOP01-DEL05-RS
475267;18/09/2022;domingo;15:15:00;RS;470;213;BENTO GONCALVES;Condutor deixou de manter distância do veículo da frente;Engavetamento;Com Vítimas Feridas;Pleno dia;Decrescente;Céu Claro;Simples;"Declive;Curva";Sim;7;0;1;0;6;0;1;3;-29,14465301;-51,53390408;SPRF-RS;DEL06-RS;UOP01-DEL06-RS
475290;18/09/2022;domingo;19:45:00;RS;470;195;BENTO GONCALVES;Reação tardia ou ineficiente do condutor;Saída de leito carroçável;Sem Vítimas;Pleno dia;Crescente;Céu Claro;Simples;Curva;Não;1;0;0;0;1;0;0;1;-29,05097073;-51,58205288;SPRF-RS;DEL06-RS;UOP02-DEL06-RS
475313;18/09/2022;domingo;20:20:00;RS;116;216;MORRO REUTER;Transitar na contramão;Colisão frontal;Com Vítimas Feridas;Plena Noite;Decrescente;Céu Claro;Dupla;Interseção de Vias;Sim;5;0;1;1;2;1;2;3;-29,54001608;-51,07711676;SPRF-RS;DEL05-RS;UOP02-DEL05-RS
475525;19/09/2022;segunda-feira;20:55:00;RS;116;121,7;SAO MARCOS;Ingestão de álcool pelo condutor;Saída de leito carroçável;Com Vítimas Feridas;Plena Noite;Crescente;Chuva;Simples;Curva;Não;2;0;1;1;0;0;2;1;-29,00573128;-51,06932906;SPRF-RS;DEL05-RS;UOP01-DEL05-RS
475670;20/09/2022;terça-feira;19:00:00;RS;470;225,7;GARIBALDI;Desrespeitar a preferência no cruzamento;Colisão transversal;Com Vítimas Feridas;Plena Noite;Crescente;Céu Claro;Simples;Retorno Regulamentado;Não;3;0;0;2;1;0;2;2;-29,24668716;-51,51597619;SPRF-RS;DEL06-RS;UOP01-DEL06-RS
475708;21/09/2022;quarta-feira;06:00:00;RS;116;152;CAXIAS DO SUL;Reação tardia ou ineficiente do condutor;Saída de leito carroçável;Sem Vítimas;Pleno dia;Decrescente;Céu Claro;Simples;Curva;Sim;1;0;0;0;1;0;0;1;-29,1829343;-51,16801501;SPRF-RS;DEL05-RS;UOP01-DEL05-RS
475781;21/09/2022;quarta-feira;14:20:00;RS;470;217;BENTO GONCALVES;Condutor deixou de manter distância do veículo da frente;Colisão traseira;Sem Vítimas;Pleno dia;Decrescente;Nublado;Simples;"Aclive;Reta";Sim;3;0;0;0;3;0;0;2;-29,177414;-51,51892634;SPRF-RS;DEL06-RS;UOP01-DEL06-RS
475793;21/08/2022;domingo;17:00:00;RS;470;232;CARLOS BARBOSA;Acessar a via sem observar a presença dos outros veículos;Colisão transversal;Sem Vítimas;Pleno dia;Crescente;Céu Claro;Dupla;"Reta;Interseção de Vias";Não;3;0;0;0;3;0;0;2;-29,29860039;-51,48092508;SPRF-RS;DEL06-RS;UOP01-DEL06-RS
475833;21/09/2022;quarta-feira;22:10:00;RS;116;148,3;CAXIAS DO SUL;Velocidade Incompatível;Saída de leito carroçável;Com Vítimas Feridas;Plena Noite;Decrescente;Chuva;Dupla;Curva;Sim;1;0;1;0;0;0;1;1;-29,15444539;-51,15101681;SPRF-RS;DEL05-RS;UOP01-DEL05-RS
475963;03/09/2022;sábado;11:30:00;RS;116;146,5;CAXIAS DO SUL;Transitar na contramão;Colisão transversal;Com Vítimas Feridas;Pleno dia;Crescente;Céu Claro;Dupla;Reta;Sim;2;0;1;0;1;0;1;2;-29,1499303;-51,1449402;SPRF-RS;DEL05-RS;UOP01-DEL05-RS
476031;22/09/2022;quinta-feira;17:40:00;RS;470;177;VERANOPOLIS;Condutor deixou de manter distância do veículo da frente;Colisão traseira;Sem Vítimas;Anoitecer;Decrescente;Garoa/Chuvisco;Simples;Reta;Sim;2;0;0;0;2;0;0;2;-28,93915139;-51,54591976;SPRF-RS;DEL06-RS;UOP02-DEL06-RS
476083;22/09/2022;quinta-feira;23:15:00;RS;116;128,7;SAO MARCOS;Reação tardia ou ineficiente do condutor;Capotamento;Sem Vítimas;Plena Noite;Decrescente;Ignorado;Simples;Reta;Não;2;0;0;0;2;0;0;1;-29,0318692;-51,1033343;SPRF-RS;DEL05-RS;UOP01-DEL05-RS
476474;02/09/2022;sexta-feira;21:25:00;RS;116;113,4;SAO MARCOS;Ingestão de álcool pelo condutor;Colisão frontal;Com Vítimas Feridas;Plena Noite;Crescente;Nublado;Simples;Reta;Sim;3;0;0;3;0;0;3;2;-28,95667906;-51,08016019;SPRF-RS;DEL05-RS;UOP01-DEL05-RS
476633;24/09/2022;sábado;22:15:00;RS;116;119,3;SAO MARCOS;Reação tardia ou ineficiente do condutor;Saída de leito carroçável;Com Vítimas Feridas;Plena Noite;Decrescente;Céu Claro;Simples;Curva;Não;1;0;1;0;0;0;1;1;-28,9961971;-51,07362295;SPRF-RS;DEL05-RS;UOP01-DEL05-RS
476749;25/09/2022;domingo;08:20:00;RS;116;155,2;CAXIAS DO SUL;Reação tardia ou ineficiente do condutor;Capotamento;Sem Vítimas;Pleno dia;Crescente;Céu Claro;Dupla;Reta;Sim;2;0;0;0;2;0;0;1;-29,19873129;-51,17629631;SPRF-RS;DEL05-RS;UOP01-DEL05-RS
476760;25/09/2022;domingo;13:10:00;RS;470;224;GARIBALDI;Reação tardia ou ineficiente do condutor;Tombamento;Com Vítimas Feridas;Pleno dia;Decrescente;Nublado;Simples;"Interseção de Vias;Declive;Curva";Sim;1;0;1;0;0;0;1;1;-29,235083;-51,51637;SPRF-RS;DEL06-RS;UOP01-DEL06-RS
476836;25/09/2022;domingo;18:20:00;RS;116;143;CAXIAS DO SUL;Reação tardia ou ineficiente do condutor;Colisão traseira;Sem Vítimas;Anoitecer;Crescente;Garoa/Chuvisco;Dupla;Reta;Sim;3;0;0;0;3;0;0;2;-29,1201739;-51,12260651;SPRF-RS;DEL05-RS;UOP01-DEL05-RS
477094;26/09/2022;segunda-feira;21:00:00;RS;116;147;CAXIAS DO SUL;Condutor desrespeitou a iluminação vermelha do semáforo;Colisão transversal;Com Vítimas Feridas;Plena Noite;Crescente;Nublado;Dupla;Curva;Sim;6;0;3;0;2;1;3;3;-29,14908014;-51,1429969;SPRF-RS;DEL05-RS;UOP01-DEL05-RS
477173;27/09/2022;terça-feira;07:00:00;RS;470;168;VILA FLORES;Acessar a via sem observar a presença dos outros veículos;Colisão transversal;Com Vítimas Feridas;Pleno dia;Decrescente;Céu Claro;Simples;Reta;Sim;3;0;1;0;2;0;1;2;-28,85711814;-51,55698016;SPRF-RS;DEL06-RS;UOP02-DEL06-RS
477257;27/09/2022;terça-feira;17:15:00;RS;116;152,8;CAXIAS DO SUL;Manobra de mudança de faixa;Colisão lateral mesmo sentido;Com Vítimas Feridas;Pleno dia;Crescente;Nublado;Simples;Reta;Sim;2;0;1;0;1;0;1;2;-29,18579758;-51,17713005;SPRF-RS;DEL05-RS;UOP01-DEL05-RS
477266;27/09/2022;terça-feira;18:00:00;RS;116;149,5;CAXIAS DO SUL;Condutor deixou de manter distância do veículo da frente;Colisão traseira;Com Vítimas Feridas;Pleno dia;Crescente;Nublado;Dupla;Curva;Sim;3;0;1;0;2;0;1;3;-29,15996905;-51,15645292;SPRF-RS;DEL05-RS;UOP01-DEL05-RS
477425;28/09/2022;quarta-feira;17:50:00;RS;0;0;CAXIAS DO SUL;Velocidade Incompatível;Colisão transversal;Com Vítimas Feridas;Pleno dia;Não Informado;Céu Claro;Simples;Interseção de Vias;Sim;2;0;0;1;1;0;1;2;-29,17694502;-51,16173896;SPRF-RS;DEL05-RS;UOP01-DEL05-RS
477541;29/09/2022;quinta-feira;07:30:00;RS;116;91,1;SAO MARCOS;Velocidade Incompatível;Colisão com objeto;Sem Vítimas;Amanhecer;Decrescente;Céu Claro;Simples;Curva;Não;1;0;0;0;0;1;0;1;-28,86918963;-51,11955903;SPRF-RS;DEL05-RS;UOP03-DEL05-RS
477584;29/09/2022;quinta-feira;16:35:00;RS;116;149;CAXIAS DO SUL;Reação tardia ou ineficiente do condutor;Atropelamento de Pedestre;Com Vítimas Feridas;Pleno dia;Decrescente;Nublado;Dupla;Reta;Sim;2;0;2;0;0;0;2;2;-29,15996905;-51,15645292;SPRF-RS;DEL05-RS;UOP01-DEL05-RS
477959;01/10/2022;sábado;10:50:00;RS;116;152,6;CAXIAS DO SUL;Reação tardia ou ineficiente do condutor;Colisão traseira;Com Vítimas Feridas;Pleno dia;Crescente;Nublado;Dupla;Reta;Sim;3;0;2;0;1;0;2;2;-29,1829343;-51,16801501;SPRF-RS;DEL05-RS;UOP01-DEL05-RS
478082;01/10/2022;sábado;21:00:00;RS;470;241;BARAO;Condutor Dormindo;Saída de leito carroçável;Sem Vítimas;Plena Noite;Crescente;Céu Claro;Simples;Reta;Não;1;0;0;0;1;0;0;1;-29,34599282;-51,5089762;SPRF-RS;DEL06-RS;UOP01-DEL06-RS
478312;03/10/2022;segunda-feira;00:40:00;RS;470;229;GARIBALDI;Ingestão de álcool pelo condutor;Colisão com objeto;Com Vítimas Feridas;Plena Noite;Decrescente;Céu Claro;Simples;Rotatória;Não;1;0;1;0;0;0;1;1;-29,268615;-51,499205;SPRF-RS;DEL06-RS;UOP01-DEL06-RS
478466;03/10/2022;segunda-feira;17:40:00;RS;470;216,7;BENTO GONCALVES;Trafegar com motocicleta (ou similar) entre as faixas;Colisão lateral mesmo sentido;Com Vítimas Feridas;Pleno dia;Decrescente;Céu Claro;Dupla;Curva;Sim;2;0;1;0;1;0;1;2;-29,17370957;-51,52434468;SPRF-RS;DEL06-RS;UOP01-DEL06-RS
478607;04/10/2022;terça-feira;14:00:00;RS;116;150;CAXIAS DO SUL;Manobra de mudança de faixa;Colisão lateral mesmo sentido;Sem Vítimas;Pleno dia;Decrescente;Céu Claro;Dupla;Reta;Sim;2;0;0;0;2;0;0;2;-29,168428;-51,158337;SPRF-RS;DEL05-RS;UOP01-DEL05-RS
478674;04/10/2022;terça-feira;18:05:00;RS;116;171;CAXIAS DO SUL;Acessar a via sem observar a presença dos outros veículos;Colisão transversal;Com Vítimas Feridas;Anoitecer;Decrescente;Céu Claro;Simples;Reta;Sim;3;0;2;0;1;0;2;2;-29,30863186;-51,16752332;SPRF-RS;DEL05-RS;UOP02-DEL05-RS
478677;04/10/2022;terça-feira;21:20:00;RS;116;156;CAXIAS DO SUL;Reação tardia ou ineficiente do condutor;Saída de leito carroçável;Com Vítimas Feridas;Plena Noite;Decrescente;Céu Claro;Dupla;Curva;Não;1;0;1;0;0;0;1;1;-29,20731013;-51,17757864;SPRF-RS;DEL05-RS;UOP01-DEL05-RS
478849;05/10/2022;quarta-feira;23:30:00;RS;116;150,5;CAXIAS DO SUL;Entrada inopinada do pedestre;Atropelamento de Pedestre;Com Vítimas Feridas;Plena Noite;Decrescente;Céu Claro;Dupla;Reta;Sim;2;0;1;0;1;0;1;2;-29,168428;-51,158337;SPRF-RS;DEL05-RS;UOP01-DEL05-RS
478894;16/06/2022;quinta-feira;18:40:00;RS;470;181;VERANOPOLIS;Animais na Pista;Atropelamento de Animal;Com Vítimas Feridas;Plena Noite;Decrescente;Céu Claro;Simples;Reta;Não;2;0;2;0;0;0;2;1;-28,97313415;-51,56365161;SPRF-RS;DEL06-RS;UOP02-DEL06-RS
478946;06/10/2022;quinta-feira;11:15:00;RS;116;143;CAXIAS DO SUL;Velocidade Incompatível;Colisão lateral sentido oposto;Com Vítimas Feridas;Pleno dia;Crescente;Chuva;Dupla;Curva;Sim;3;0;1;0;2;0;1;3;-29,12592248;-51,1275816;SPRF-RS;DEL05-RS;UOP01-DEL05-RS
478953;13/04/2022;quarta-feira;18:15:00;RS;470;176;VERANOPOLIS;Condutor deixou de manter distância do veículo da frente;Colisão traseira;Com Vítimas Feridas;Plena Noite;Crescente;Céu Claro;Simples;Reta;Sim;3;0;1;0;2;0;1;2;-28,929109;-51,54315;SPRF-RS;DEL06-RS;UOP02-DEL06-RS
479076;07/10/2022;sexta-feira;07:15:00;RS;0;0;CAXIAS DO SUL;Condutor deixou de manter distância do veículo da frente;Colisão traseira;Sem Vítimas;Pleno dia;Não Informado;Céu Claro;Dupla;Reta;Sim;2;0;0;0;2;0;0;2;-29,118288;-51,115498;SPRF-RS;DEL05-RS;UOP01-DEL05-RS
479183;27/08/2022;sábado;19:55:00;RS;470;227;GARIBALDI;Reação tardia ou ineficiente do condutor;Saída de leito carroçável;Com Vítimas Feridas;Plena Noite;Decrescente;Céu Claro;Simples;Reta;Não;3;0;3;0;0;0;3;1;-29,21657705;-51,51722624;SPRF-RS;DEL06-RS;UOP01-DEL06-RS
479185;07/10/2022;sexta-feira;15:50:00;RS;470;237,6;CARLOS BARBOSA;Reação tardia ou ineficiente do condutor;Saída de leito carroçável;Com Vítimas Feridas;Pleno dia;Decrescente;Céu Claro;Simples;Curva;Não;1;0;1;0;0;0;1;1;-29,34048705;-51,50728047;SPRF-RS;DEL06-RS;UOP01-DEL06-RS
479205;15/08/2022;segunda-feira;21:10:00;RS;470;215;BENTO GONCALVES;Conversão proibida;Colisão frontal;Com Vítimas Feridas;Plena Noite;Decrescente;Chuva;Simples;Reta;Sim;2;0;0;1;1;0;1;2;-29,15024983;-51,53055668;SPRF-RS;DEL06-RS;UOP01-DEL06-RS
479220;07/10/2022;sexta-feira;17:15:00;RS;470;247,5;BARAO;Acesso irregular;Colisão frontal;Com Vítimas Fatais;Pleno dia;Decrescente;Céu Claro;Simples;Curva;Sim;14;1;11;1;1;0;12;2;-29,380542;-51,494336;SPRF-RS;DEL06-RS;UOP01-DEL06-RS
479226;07/10/2022;sexta-feira;17:30:00;RS;470;168;VERANOPOLIS;Transitar na contramão;Colisão lateral sentido oposto;Com Vítimas Feridas;Anoitecer;Decrescente;Céu Claro;Simples;Reta;Sim;4;0;2;0;2;0;2;3;-28,85711814;-51,55698016;SPRF-RS;DEL06-RS;UOP02-DEL06-RS
479461;08/10/2022;sábado;15:00:00;RS;470;174;VERANOPOLIS;Acessar a via sem observar a presença dos outros veículos;Colisão transversal;Com Vítimas Feridas;Pleno dia;Crescente;Céu Claro;Simples;Reta;Sim;4;0;4;0;0;0;4;2;-28,90964993;-51,54526793;SPRF-RS;DEL06-RS;UOP02-DEL06-RS
479541;09/10/2022;domingo;00:10:00;RS;470;232;CARLOS BARBOSA;Transitar na contramão;Colisão frontal;Com Vítimas Fatais;Plena Noite;Crescente;Céu Claro;Simples;"Declive;Curva";Não;6;1;2;3;0;0;5;2;-29,29659254;-51,48459435;SPRF-RS;DEL06-RS;UOP01-DEL06-RS
479660;09/10/2022;domingo;14:45:00;RS;116;122,8;SAO MARCOS;Manobra de mudança de faixa;Saída de leito carroçável;Com Vítimas Feridas;Pleno dia;Decrescente;Céu Claro;Simples;Reta;Sim;2;0;2;0;0;0;2;1;-29,01040633;-51,07327877;SPRF-RS;DEL05-RS;UOP01-DEL05-RS
479768;09/10/2022;domingo;23:05:00;RS;470;222;GARIBALDI;Ingestão de álcool pelo condutor;Colisão com objeto;Com Vítimas Feridas;Plena Noite;Crescente;Nublado;Dupla;Retorno Regulamentado;Sim;3;0;1;0;2;0;1;1;-29,20372835;-51,51786908;SPRF-RS;DEL06-RS;UOP01-DEL06-RS
480089;11/10/2022;terça-feira;18:40:00;RS;470;167,5;VILA FLORES;Acesso irregular;Colisão transversal;Com Vítimas Feridas;Plena Noite;Decrescente;Garoa/Chuvisco;Simples;"Reta;Declive";Sim;3;0;2;0;1;0;2;2;-28,85927113;-51,55517936;SPRF-RS;DEL06-RS;UOP02-DEL06-RS
480414;13/10/2022;quinta-feira;14:40:00;RS;470;158;NOVA PRATA;Acessar a via sem observar a presença dos outros veículos;Colisão transversal;Com Vítimas Feridas;Pleno dia;Crescente;Nublado;Simples;Rotatória;Não;3;0;1;0;2;0;1;2;-28,80586721;-51,60682934;SPRF-RS;DEL06-RS;UOP02-DEL06-RS
480503;13/10/2022;quinta-feira;19:50:00;RS;116;150,1;CAXIAS DO SUL;Ausência de reação do condutor;Atropelamento de Pedestre;Com Vítimas Feridas;Plena Noite;Decrescente;Céu Claro;Dupla;Reta;Sim;2;0;2;0;0;0;2;2;-29,168428;-51,158337;SPRF-RS;DEL05-RS;UOP01-DEL05-RS
480707;15/10/2022;sábado;03:05:00;RS;116;182,9;NOVA PETROPOLIS;Reação tardia ou ineficiente do condutor;Colisão com objeto;Com Vítimas Feridas;Plena Noite;Decrescente;Céu Claro;Simples;Reta;Sim;1;0;1;0;0;0;1;1;-29,37717723;-51,13119495;SPRF-RS;DEL05-RS;UOP02-DEL05-RS
480849;15/10/2022;sábado;16:00:00;RS;470;247,9;BARAO;Ausência de reação do condutor;Saída de leito carroçável;Com Vítimas Feridas;Pleno dia;Decrescente;Céu Claro;Simples;Curva;Não;1;0;0;1;0;0;1;1;-29,37593098;-51,49908082;SPRF-RS;DEL06-RS;UOP01-DEL06-RS
480969;16/10/2022;domingo;05:30:00;RS;470;217;BENTO GONCALVES;Acessar a via sem observar a presença dos outros veículos;Colisão transversal;Com Vítimas Feridas;Amanhecer;Crescente;Chuva;Dupla;Reta;Não;5;0;1;0;4;0;1;2;-29,16462512;-51,52551964;SPRF-RS;DEL06-RS;UOP01-DEL06-RS
480970;16/10/2022;domingo;05:10:00;RS;470;229,5;GARIBALDI;Velocidade Incompatível;Saída de leito carroçável;Com Vítimas Feridas;Amanhecer;Decrescente;Chuva;Simples;"Declive;Reta";Não;3;0;1;0;2;0;1;1;-29,2727117;-51,49653554;SPRF-RS;DEL06-RS;UOP01-DEL06-RS
481134;16/10/2022;domingo;20:30:00;RS;116;150,3;CAXIAS DO SUL;Ingestão de álcool pelo condutor;Colisão transversal;Com Vítimas Feridas;Plena Noite;Crescente;Nublado;Dupla;Interseção de Vias;Sim;3;0;1;0;2;0;1;2;-29,168428;-51,158337;SPRF-RS;DEL05-RS;UOP01-DEL05-RS
481475;18/10/2022;terça-feira;20:00:00;RS;470;219;BENTO GONCALVES;Reação tardia ou ineficiente do condutor;Saída de leito carroçável;Com Vítimas Feridas;Plena Noite;Decrescente;Ignorado;Simples;Curva;Não;1;0;1;0;0;0;1;1;-29,17909489;-51,51855675;SPRF-RS;DEL06-RS;UOP01-DEL06-RS
482041;21/10/2022;sexta-feira;14:30:00;RS;470;231;GARIBALDI;Mal súbito do condutor;Saída de leito carroçável;Sem Vítimas;Pleno dia;Crescente;Nublado;Simples;Reta;Sim;1;0;0;0;1;0;0;1;-29,23579206;-51,51193423;SPRF-RS;DEL06-RS;UOP01-DEL06-RS
482265;22/10/2022;sábado;17:35:00;RS;470;160,5;NOVA PRATA;Acostamento em desnível;Saída de leito carroçável;Com Vítimas Feridas;Pleno dia;Decrescente;Nublado;Simples;Reta;Não;1;0;1;0;0;0;1;1;-28,81066741;-51,60061401;SPRF-RS;DEL06-RS;UOP02-DEL06-RS
482370;23/10/2022;domingo;03:40:00;RS;116;109,4;SAO MARCOS;Ausência de reação do condutor;Colisão com objeto;Sem Vítimas;Plena Noite;Decrescente;Nevoeiro/Neblina;Simples;Reta;Não;1;0;0;0;1;0;0;1;-28,9318049;-51,0959297;SPRF-RS;DEL05-RS;UOP01-DEL05-RS
482418;23/10/2022;domingo;09:25:00;RS;116;216,5;MORRO REUTER;Acesso irregular;Colisão transversal;Com Vítimas Feridas;Pleno dia;Decrescente;Nublado;Simples;Reta;Sim;3;0;1;1;1;0;2;2;-29,54001608;-51,07711676;SPRF-RS;DEL05-RS;UOP02-DEL05-RS
482445;23/10/2022;domingo;10:00:00;RS;116;207,9;PICADA CAFE;Reação tardia ou ineficiente do condutor;Tombamento;Com Vítimas Feridas;Pleno dia;Crescente;Céu Claro;Simples;Curva;Não;2;0;2;0;0;0;2;1;-29,50042399;-51,11820459;SPRF-RS;DEL05-RS;UOP02-DEL05-RS
482679;13/10/2022;quinta-feira;07:40:00;RS;116;143;CAXIAS DO SUL;Reação tardia ou ineficiente do condutor;Colisão traseira;Com Vítimas Feridas;Pleno dia;Crescente;Céu Claro;Múltipla;Reta;Sim;4;0;2;0;1;1;2;3;-29,1201739;-51,12260651;SPRF-RS;DEL05-RS;UOP01-DEL05-RS
482688;24/10/2022;segunda-feira;10:45:00;RS;470;231;CARLOS BARBOSA;Manobra de mudança de faixa;Capotamento;Com Vítimas Feridas;Pleno dia;Decrescente;Céu Claro;Dupla;Curva;Sim;1;0;1;0;0;0;1;1;-29,28366311;-51,49150372;SPRF-RS;DEL06-RS;UOP01-DEL06-RS
482795;24/10/2022;segunda-feira;21:45:00;RS;470;159;NOVA PRATA;Ausência de reação do condutor;Queda de ocupante de veículo;Com Vítimas Feridas;Plena Noite;Crescente;Ignorado;Simples;Reta;Sim;1;0;1;0;0;0;1;1;-28,808859;-51,601689;SPRF-RS;DEL06-RS;UOP02-DEL06-RS
482818;24/10/2022;segunda-feira;19:45:00;RS;116;152;CAXIAS DO SUL;Pista Escorregadia;Tombamento;Com Vítimas Feridas;Plena Noite;Crescente;Céu Claro;Múltipla;Curva;Sim;1;0;1;0;0;0;1;1;-29,1829343;-51,16801501;SPRF-RS;DEL05-RS;UOP01-DEL05-RS
483108;26/10/2022;quarta-feira;17:20:00;RS;470;240,7;BARAO;Transitar na contramão;Colisão transversal;Com Vítimas Feridas;Pleno dia;Crescente;Nublado;Simples;Reta;Não;2;0;0;1;1;0;1;2;-29,33853872;-51,5054282;SPRF-RS;DEL06-RS;UOP01-DEL06-RS
483255;27/10/2022;quinta-feira;15:20:00;RS;470;217;BENTO GONCALVES;Desrespeitar a preferência no cruzamento;Queda de ocupante de veículo;Com Vítimas Feridas;Pleno dia;Decrescente;Céu Claro;Dupla;Interseção de Vias;Sim;3;0;2;0;1;0;2;2;-29,16462512;-51,52551964;SPRF-RS;DEL06-RS;UOP01-DEL06-RS
483332;28/10/2022;sexta-feira;05:00:00;RS;470;216;BENTO GONCALVES;Ausência de reação do condutor;Colisão com objeto;Com Vítimas Feridas;Amanhecer;Crescente;Céu Claro;Dupla;Curva;Sim;1;0;1;0;0;0;1;1;-29,16837472;-51,52610058;SPRF-RS;DEL06-RS;UOP01-DEL06-RS
483768;30/10/2022;domingo;01:50:00;RS;470;164,9;VILA FLORES;Reação tardia ou ineficiente do condutor;Colisão traseira;Com Vítimas Feridas;Plena Noite;Decrescente;Nublado;Simples;"Reta;Aclive";Não;2;0;1;0;1;0;1;2;-28,83636107;-51,57443006;SPRF-RS;DEL06-RS;UOP02-DEL06-RS
484443;02/11/2022;quarta-feira;18:10:00;RS;470;229;CARLOS BARBOSA;Reação tardia ou ineficiente do condutor;Tombamento;Com Vítimas Feridas;Pleno dia;Crescente;Céu Claro;Simples;Reta;Sim;2;0;2;0;0;0;2;1;-29,23579206;-51,51193423;SPRF-RS;DEL06-RS;UOP01-DEL06-RS
484537;03/11/2022;quinta-feira;12:00:00;RS;470;216,1;BENTO GONCALVES;Manobra de mudança de faixa;Colisão lateral mesmo sentido;Com Vítimas Feridas;Pleno dia;Decrescente;Sol;Simples;Reta;Sim;2;0;1;0;1;0;1;2;-29,15887096;-51,53142395;SPRF-RS;DEL06-RS;UOP01-DEL06-RS
484927;05/11/2022;sábado;03:20:00;RS;470;218;BENTO GONCALVES;Ausência de reação do condutor;Saída de leito carroçável;Sem Vítimas;Plena Noite;Decrescente;Céu Claro;Simples;Curva;Sim;1;0;0;0;1;0;0;1;-29,17882856;-51,51834512;SPRF-RS;DEL06-RS;UOP01-DEL06-RS
484938;05/11/2022;sábado;08:30:00;RS;470;218;BENTO GONCALVES;Manobra de mudança de faixa;Colisão lateral mesmo sentido;Com Vítimas Feridas;Pleno dia;Decrescente;Céu Claro;Dupla;"Curva;Aclive";Não;6;0;2;0;3;1;2;3;-29,18679941;-51,52043235;SPRF-RS;DEL06-RS;UOP01-DEL06-RS
485013;05/11/2022;sábado;15:40:00;RS;470;254,3;SAO PEDRO DA SERRA;Condutor deixou de manter distância do veículo da frente;Colisão traseira;Com Vítimas Feridas;Pleno dia;Decrescente;Céu Claro;Simples;Rotatória;Não;4;0;1;0;3;0;1;2;-29,43149888;-51,51058485;SPRF-RS;DEL06-RS;UOP01-DEL06-RS
485095;06/11/2022;domingo;03:05:00;RS;470;222;GARIBALDI;Ausência de reação do condutor;Colisão com objeto;Com Vítimas Feridas;Plena Noite;Decrescente;Céu Claro;Simples;"Retorno Regulamentado;Curva";Não;1;0;1;0;0;0;1;1;-29,22199878;-51,51660919;SPRF-RS;DEL06-RS;UOP01-DEL06-RS
485174;06/11/2022;domingo;10:50:00;RS;116;149,2;CAXIAS DO SUL;Condutor desrespeitou a iluminação vermelha do semáforo;Colisão transversal;Com Vítimas Feridas;Pleno dia;Crescente;Céu Claro;Múltipla;Interseção de Vias;Sim;2;0;1;0;1;0;1;2;-29,15996905;-51,15645292;SPRF-RS;DEL05-RS;UOP01-DEL05-RS
485414;07/11/2022;segunda-feira;17:10:00;RS;116;154,2;CAXIAS DO SUL;Acessar a via sem observar a presença dos outros veículos;Colisão transversal;Com Vítimas Feridas;Anoitecer;Crescente;Chuva;Simples;Reta;Sim;2;0;1;0;1;0;1;2;-29,19074818;-51,18073734;SPRF-RS;DEL05-RS;UOP01-DEL05-RS
485818;09/11/2022;quarta-feira;23:50:00;RS;116;147,7;CAXIAS DO SUL;Retorno proibido;Colisão transversal;Com Vítimas Feridas;Plena Noite;Decrescente;Céu Claro;Dupla;Interseção de Vias;Sim;2;0;1;0;1;0;1;2;-29,15186548;-51,14751183;SPRF-RS;DEL05-RS;UOP01-DEL05-RS
486003;11/11/2022;sexta-feira;03:30:00;RS;116;148,3;CAXIAS DO SUL;Reação tardia ou ineficiente do condutor;Colisão com objeto;Com Vítimas Feridas;Plena Noite;Decrescente;Céu Claro;Múltipla;Curva;Sim;1;0;1;0;0;0;1;1;-29,15796103;-51,15162492;SPRF-RS;DEL05-RS;UOP01-DEL05-RS
486048;11/11/2022;sexta-feira;09:00:00;RS;116;115;SAO MARCOS;Acessar a via sem observar a presença dos outros veículos;Colisão transversal;Com Vítimas Feridas;Pleno dia;Decrescente;Céu Claro;Simples;Interseção de Vias;Sim;2;0;0;1;1;0;1;2;-28,9712;-51,072197;SPRF-RS;DEL05-RS;UOP01-DEL05-RS
486398;12/11/2022;sábado;15:00:00;RS;116;203;PICADA CAFE;Velocidade Incompatível;Tombamento;Com Vítimas Feridas;Pleno dia;Crescente;Céu Claro;Simples;Reta;Não;1;0;1;0;0;0;1;1;-29,49113279;-51,14998489;SPRF-RS;DEL05-RS;UOP02-DEL05-RS
486596;13/11/2022;domingo;14:40:00;RS;470;201;BENTO GONCALVES;Ausência de reação do condutor;Colisão frontal;Sem Vítimas;Pleno dia;Decrescente;Garoa/Chuvisco;Simples;Curva;Não;5;0;0;0;5;0;0;4;-29,07245097;-51,58569103;SPRF-RS;DEL06-RS;UOP02-DEL06-RS
486672;13/11/2022;domingo;21:00:00;RS;470;248;BARAO;Acessar a via sem observar a presença dos outros veículos;Colisão transversal;Com Vítimas Feridas;Plena Noite;Crescente;Nublado;Simples;"Curva;Aclive";Sim;3;0;1;0;2;0;1;2;-29,380542;-51,494336;SPRF-RS;DEL06-RS;UOP01-DEL06-RS
486793;14/11/2022;segunda-feira;13:36:00;RS;470;208;BENTO GONCALVES;Reação tardia ou ineficiente do condutor;Colisão frontal;Com Vítimas Feridas;Pleno dia;Decrescente;Céu Claro;Simples;Curva;Não;4;0;4;0;0;0;4;2;-29,09490791;-51,54890598;SPRF-RS;DEL06-RS;UOP01-DEL06-RS
486827;14/11/2022;segunda-feira;16:50:00;RS;470;168;VILA FLORES;Acessar a via sem observar a presença dos outros veículos;Colisão transversal;Sem Vítimas;Pleno dia;Crescente;Céu Claro;Simples;Curva;Sim;5;0;0;0;5;0;0;2;-28,85711814;-51,55698016;SPRF-RS;DEL06-RS;UOP02-DEL06-RS
486884;14/11/2022;segunda-feira;16:30:00;RS;116;148;CAXIAS DO SUL;Manobra de mudança de faixa;Tombamento;Com Vítimas Feridas;Pleno dia;Decrescente;Sol;Dupla;Curva;Sim;2;0;1;0;1;0;1;2;-29,15444539;-51,15101681;SPRF-RS;DEL05-RS;UOP01-DEL05-RS
487159;16/11/2022;quarta-feira;07:00:00;RS;470;159;NOVA PRATA;Acessar a via sem observar a presença dos outros veículos;Colisão transversal;Sem Vítimas;Pleno dia;Crescente;Céu Claro;Simples;Rotatória;Sim;2;0;0;0;2;0;0;2;-28,80801613;-51,60344839;SPRF-RS;DEL06-RS;UOP02-DEL06-RS
487357;01/11/2022;terça-feira;20:20:00;RS;470;155;NOVA PRATA;Entrada inopinada do pedestre;Atropelamento de Pedestre;Com Vítimas Feridas;Plena Noite;Crescente;Céu Claro;Simples;Reta;Não;2;0;0;1;1;0;1;2;-28,78243906;-51,61511825;SPRF-RS;DEL06-RS;UOP02-DEL06-RS
487375;17/11/2022;quinta-feira;08:55:00;RS;116;202,7;PICADA CAFE;Conversão proibida;Colisão lateral mesmo sentido;Com Vítimas Feridas;Pleno dia;Decrescente;Sol;Simples;"Declive;Reta";Não;3;0;1;0;1;1;1;3;-29,485036;-51,15194;SPRF-RS;DEL05-RS;UOP02-DEL05-RS
487454;17/11/2022;quinta-feira;18:10:00;RS;116;148;CAXIAS DO SUL;Trafegar com motocicleta (ou similar) entre as faixas;Tombamento;Com Vítimas Feridas;Pleno dia;Crescente;Céu Claro;Dupla;"Declive;Reta";Sim;2;0;2;0;0;0;2;2;-29,15444539;-51,15101681;SPRF-RS;DEL05-RS;UOP01-DEL05-RS
487637;18/11/2022;sexta-feira;14:30:00;RS;116;203,4;PICADA CAFE;Ausência de reação do condutor;Colisão transversal;Com Vítimas Feridas;Pleno dia;Decrescente;Céu Claro;Simples;Reta;Não;2;0;1;0;1;0;1;2;-29,49113279;-51,14998489;SPRF-RS;DEL05-RS;UOP02-DEL05-RS
488037;20/11/2022;domingo;16:00:00;RS;470;219,4;BENTO GONCALVES;Reação tardia ou ineficiente do condutor;Colisão traseira;Com Vítimas Feridas;Pleno dia;Decrescente;Céu Claro;Simples;"Curva;Aclive";Sim;4;0;1;0;3;0;1;2;-29,19314322;-51,52112067;SPRF-RS;DEL06-RS;UOP01-DEL06-RS
488053;20/11/2022;domingo;17:15:00;RS;470;185;VERANOPOLIS;Manobra de mudança de faixa;Colisão transversal;Com Vítimas Feridas;Pleno dia;Crescente;Céu Claro;Simples;Reta;Sim;4;0;3;0;1;0;3;2;-29,00002014;-51,55452391;SPRF-RS;DEL06-RS;UOP02-DEL06-RS
488077;20/11/2022;domingo;18:50:00;RS;116;116;SAO MARCOS;Acessar a via sem observar a presença dos outros veículos;Tombamento;Com Vítimas Feridas;Anoitecer;Decrescente;Céu Claro;Simples;Reta;Sim;2;0;1;0;1;0;1;2;-28,97609141;-51,06640231;SPRF-RS;DEL05-RS;UOP01-DEL05-RS
488146;24/11/2022;quinta-feira;14:00:00;RS;116;143;CAXIAS DO SUL;Acessar a via sem observar a presença dos outros veículos;Colisão transversal;Sem Vítimas;Pleno dia;Crescente;Céu Claro;Dupla;"Reta;Interseção de Vias";Sim;2;0;0;0;2;0;0;2;-29,12036462;-51,12273216;SPRF-RS;DEL05-RS;UOP01-DEL05-RS
488275;22/11/2022;terça-feira;07:10:00;RS;116;145;CAXIAS DO SUL;Trafegar com motocicleta (ou similar) entre as faixas;Colisão lateral mesmo sentido;Com Vítimas Feridas;Amanhecer;Crescente;Garoa/Chuvisco;Dupla;Reta;Sim;4;0;1;0;3;0;1;3;-29,1350217;-51,1302779;SPRF-RS;DEL05-RS;UOP01-DEL05-RS
488398;21/11/2022;segunda-feira;02:30:00;RS;116;152,5;CAXIAS DO SUL;Ingestão de álcool pelo condutor;Saída de leito carroçável;Com Vítimas Feridas;Plena Noite;Crescente;Céu Claro;Simples;Curva;Sim;3;0;1;0;0;2;1;2;-29,1829343;-51,16801501;SPRF-RS;DEL05-RS;UOP01-DEL05-RS
488486;20/11/2022;domingo;11:14:00;RS;116;150;CAXIAS DO SUL;Falta de elemento de contenção que evite a saída do leito carroçável;Saída de leito carroçável;Sem Vítimas;Pleno dia;Crescente;Céu Claro;Dupla;Curva;Não;1;0;0;0;0;1;0;1;-29,168428;-51,158337;SPRF-RS;DEL05-RS;UOP01-DEL05-RS
488489;21/11/2022;segunda-feira;06:50:00;RS;470;218;BENTO GONCALVES;Desrespeitar a preferência no cruzamento;Colisão transversal;Com Vítimas Feridas;Pleno dia;Decrescente;Nublado;Simples;"Reta;Retorno Regulamentado;Interseção de Vias";Sim;2;0;1;0;1;0;1;2;-29,18244661;-51,52021945;SPRF-RS;DEL06-RS;UOP01-DEL06-RS
488510;20/11/2022;domingo;11:15:00;RS;116;152;CAXIAS DO SUL;Manobra de mudança de faixa;Colisão lateral mesmo sentido;Sem Vítimas;Pleno dia;Crescente;Sol;Dupla;Reta;Sim;3;0;0;0;3;0;0;2;-29,1829343;-51,16801501;SPRF-RS;DEL05-RS;UOP01-DEL05-RS
488620;26/11/2022;sábado;01:30:00;RS;116;149,9;CAXIAS DO SUL;Acessar a via sem observar a presença dos outros veículos;Colisão transversal;Sem Vítimas;Plena Noite;Decrescente;Céu Claro;Dupla;Reta;Sim;3;0;0;0;2;1;0;3;-29,15996905;-51,15645292;SPRF-RS;DEL05-RS;UOP01-DEL05-RS
488677;22/11/2022;terça-feira;16:40:00;RS;470;230;CARLOS BARBOSA;Reação tardia ou ineficiente do condutor;Colisão traseira;Com Vítimas Feridas;Pleno dia;Crescente;Chuva;Dupla;Reta;Sim;2;0;1;0;1;0;1;2;-29,24354602;-51,51683645;SPRF-RS;DEL06-RS;UOP01-DEL06-RS
488747;26/11/2022;sábado;10:40:00;RS;470;176;VERANOPOLIS;Desrespeitar a preferência no cruzamento;Colisão transversal;Com Vítimas Feridas;Pleno dia;Crescente;Céu Claro;Simples;Rotatória;Sim;2;0;1;0;1;0;1;2;-28,929109;-51,54315;SPRF-RS;DEL06-RS;UOP02-DEL06-RS
488999;27/11/2022;domingo;05:32:00;RS;470;219;BENTO GONCALVES;Ingestão de álcool pelo condutor;Saída de leito carroçável;Com Vítimas Feridas;Pleno dia;Crescente;Céu Claro;Simples;Curva;Não;1;0;1;0;0;0;1;1;-29,17909489;-51,51855675;SPRF-RS;DEL06-RS;UOP01-DEL06-RS
489000;27/11/2022;domingo;05:00:00;RS;470;220;BENTO GONCALVES;Reação tardia ou ineficiente do condutor;Saída de leito carroçável;Com Vítimas Feridas;Pleno dia;Crescente;Céu Claro;Simples;Curva;Não;1;0;1;0;0;0;1;1;-29,18720774;-51,52042866;SPRF-RS;DEL06-RS;UOP01-DEL06-RS
489329;25/11/2022;sexta-feira;00:20:00;RS;470;161;NOVA PRATA;Reação tardia ou ineficiente do condutor;Saída de leito carroçável;Com Vítimas Feridas;Plena Noite;Decrescente;Céu Claro;Simples;Reta;Não;2;0;1;0;1;0;1;1;-28,817015;-51,594917;SPRF-RS;DEL06-RS;UOP02-DEL06-RS
489356;24/11/2022;quinta-feira;11:50:00;RS;470;177;VERANOPOLIS;Pedestre cruzava a pista fora da faixa;Atropelamento de Pedestre;Com Vítimas Feridas;Pleno dia;Crescente;Céu Claro;Simples;Reta;Sim;2;0;1;0;1;0;1;2;-28,94093524;-51,54808578;SPRF-RS;DEL06-RS;UOP02-DEL06-RS
490222;02/12/2022;sexta-feira;11:50:00;RS;470;176,5;VERANOPOLIS;Pedestre cruzava a pista fora da faixa;Atropelamento de Pedestre;Com Vítimas Feridas;Pleno dia;Crescente;Céu Claro;Simples;Curva;Sim;2;0;1;0;1;0;1;2;-28,929109;-51,54315;SPRF-RS;DEL06-RS;UOP02-DEL06-RS
490376;02/12/2022;sexta-feira;23:00:00;RS;470;218,2;BENTO GONCALVES;Pista esburacada;Eventos atípicos;Sem Vítimas;Plena Noite;Crescente;Chuva;Simples;"Interseção de Vias;Curva;Retorno Regulamentado";Sim;2;0;0;0;2;0;0;1;-29,18271167;-51,52019262;SPRF-RS;DEL06-RS;UOP01-DEL06-RS
490701;01/12/2022;quinta-feira;12:25:00;RS;116;150;CAXIAS DO SUL;Condutor desrespeitou a iluminação vermelha do semáforo;Colisão transversal;Com Vítimas Feridas;Pleno dia;Crescente;Céu Claro;Dupla;"Reta;Interseção de Vias";Sim;2;0;1;0;0;1;1;2;-29,17031836;-51,15942478;SPRF-RS;DEL05-RS;UOP01-DEL05-RS
490817;04/12/2022;domingo;21:45:00;RS;116;191,9;PICADA CAFE;Reação tardia ou ineficiente do condutor;Colisão frontal;Com Vítimas Feridas;Plena Noite;Decrescente;Céu Claro;Simples;Reta;Não;4;0;2;0;2;0;2;3;-29,43001301;-51,13412787;SPRF-RS;DEL05-RS;UOP02-DEL05-RS
490893;05/12/2022;segunda-feira;06:00:00;RS;470;210;BENTO GONCALVES;Pista esburacada;Queda de ocupante de veículo;Com Vítimas Feridas;Pleno dia;Crescente;Nublado;Simples;"Declive;Curva";Sim;1;0;1;0;0;0;1;1;-29,11647449;-51,54258383;SPRF-RS;DEL06-RS;UOP01-DEL06-RS
490983;04/12/2022;domingo;18:35:00;RS;470;238;CARLOS BARBOSA;Reação tardia ou ineficiente do condutor;Saída de leito carroçável;Com Vítimas Feridas;Anoitecer;Crescente;Nublado;Simples;"Declive;Curva";Não;1;0;1;0;0;0;1;1;-29,32448694;-51,49862424;SPRF-RS;DEL06-RS;UOP01-DEL06-RS
491000;03/12/2022;sábado;17:00:00;RS;116;156,1;CAXIAS DO SUL;Ausência de reação do condutor;Saída de leito carroçável;Sem Vítimas;Pleno dia;Decrescente;Céu Claro;Simples;Curva;Sim;2;0;0;0;2;0;0;1;-29,20731013;-51,17757864;SPRF-RS;DEL05-RS;UOP01-DEL05-RS
491160;06/12/2022;terça-feira;15:55:00;RS;470;175,8;VERANOPOLIS;Desrespeitar a preferência no cruzamento;Colisão transversal;Sem Vítimas;Pleno dia;Crescente;Céu Claro;Simples;"Retorno Regulamentado;Curva";Sim;2;0;0;0;2;0;0;2;-28,92677157;-51,54157519;SPRF-RS;DEL06-RS;UOP02-DEL06-RS
491213;06/12/2022;terça-feira;21:20:00;RS;116;133,5;CAXIAS DO SUL;Ausência de reação do condutor;Colisão com objeto;Com Vítimas Feridas;Plena Noite;Decrescente;Céu Claro;Simples;"Declive;Curva";Não;1;0;1;0;0;0;1;1;-29,05590302;-51,09689605;SPRF-RS;DEL05-RS;UOP01-DEL05-RS
491380;07/12/2022;quarta-feira;17:20:00;RS;470;222,3;GARIBALDI;Manobra de mudança de faixa;Colisão traseira;Com Vítimas Feridas;Pleno dia;Crescente;Céu Claro;Múltipla;Reta;Sim;2;0;1;0;1;0;1;2;-29,20372835;-51,51786908;SPRF-RS;DEL06-RS;UOP01-DEL06-RS
491522;08/12/2022;quinta-feira;09:40:00;RS;116;165;CAXIAS DO SUL;Reação tardia ou ineficiente do condutor;Tombamento;Com Vítimas Feridas;Pleno dia;Crescente;Céu Claro;Simples;"Declive;Curva";Não;1;0;0;1;0;0;1;1;-29,2596449;-51,1574433;SPRF-RS;DEL05-RS;UOP02-DEL05-RS
491645;09/12/2022;sexta-feira;03:00:00;RS;470;228;GARIBALDI;Ingestão de álcool pelo condutor;Saída de leito carroçável;Com Vítimas Feridas;Plena Noite;Crescente;Céu Claro;Simples;Curva;Não;1;0;1;0;0;0;1;1;-29,26598632;-51,5005374;SPRF-RS;DEL06-RS;UOP01-DEL06-RS
491784;09/12/2022;sexta-feira;18:59:00;RS;470;215;BENTO GONCALVES;Acessar a via sem observar a presença dos outros veículos;Colisão transversal;Com Vítimas Feridas;Pleno dia;Decrescente;Céu Claro;Simples;Reta;Sim;2;0;0;1;1;0;1;2;-29,150635;-51,530241;SPRF-RS;DEL06-RS;UOP01-DEL06-RS
491935;10/12/2022;sábado;12:20:00;RS;116;144,7;CAXIAS DO SUL;Reação tardia ou ineficiente do condutor;Saída de leito carroçável;Sem Vítimas;Pleno dia;Decrescente;Céu Claro;Dupla;Reta;Sim;1;0;0;0;0;1;0;1;-29,1267449;-51,12768983;SPRF-RS;DEL05-RS;UOP01-DEL05-RS
491983;10/12/2022;sábado;16:40:00;RS;116;152;CAXIAS DO SUL;Velocidade Incompatível;Colisão traseira;Com Vítimas Feridas;Pleno dia;Crescente;Céu Claro;Dupla;Reta;Sim;4;0;1;0;3;0;1;2;-29,1829343;-51,16801501;SPRF-RS;DEL05-RS;UOP01-DEL05-RS
492069;11/12/2022;domingo;00:30:00;RS;116;121;SAO MARCOS;Ingestão de álcool pelo condutor;Colisão com objeto;Com Vítimas Feridas;Plena Noite;Decrescente;Céu Claro;Simples;Curva;Não;2;0;2;0;0;0;2;1;-29,00573128;-51,06932906;SPRF-RS;DEL05-RS;UOP01-DEL05-RS
492267;11/12/2022;domingo;19:00:00;RS;470;232;CARLOS BARBOSA;Acessar a via sem observar a presença dos outros veículos;Colisão transversal;Com Vítimas Feridas;Plena Noite;Decrescente;Céu Claro;Simples;"Aclive;Interseção de Vias;Retorno Regulamentado";Não;7;0;1;0;6;0;1;2;-29,23579206;-51,51193423;SPRF-RS;DEL06-RS;UOP01-DEL06-RS
492336;12/12/2022;segunda-feira;07:10:00;RS;470;231;CARLOS BARBOSA;Condutor deixou de manter distância do veículo da frente;Colisão traseira;Com Vítimas Feridas;Pleno dia;Crescente;Sol;Dupla;Curva;Sim;2;0;0;1;1;0;1;2;-29,23579206;-51,51193423;SPRF-RS;DEL06-RS;UOP01-DEL06-RS
492465;12/12/2022;segunda-feira;17:50:00;RS;116;113,1;SAO MARCOS;Desrespeitar a preferência no cruzamento;Colisão transversal;Com Vítimas Feridas;Anoitecer;Crescente;Nublado;Simples;Reta;Sim;2;0;1;0;1;0;1;2;-28,96055248;-51,07892632;SPRF-RS;DEL05-RS;UOP01-DEL05-RS
492531;13/12/2022;terça-feira;10:20:00;RS;116;152,3;CAXIAS DO SUL;Conversão proibida;Colisão transversal;Com Vítimas Feridas;Pleno dia;Decrescente;Céu Claro;Dupla;Curva;Sim;3;0;1;0;1;1;1;3;-29,1829343;-51,16801501;SPRF-RS;DEL05-RS;UOP01-DEL05-RS
492623;13/12/2022;terça-feira;18:10:00;RS;116;153;CAXIAS DO SUL;Reação tardia ou ineficiente do condutor;Colisão lateral mesmo sentido;Com Vítimas Feridas;Pleno dia;Decrescente;Céu Claro;Dupla;Rotatória;Sim;2;0;1;0;1;0;1;2;-29,18579758;-51,17713005;SPRF-RS;DEL05-RS;UOP01-DEL05-RS
492790;14/12/2022;quarta-feira;17:30:00;RS;470;223,1;GARIBALDI;Conversão proibida;Colisão lateral sentido oposto;Com Vítimas Feridas;Pleno dia;Crescente;Sol;Simples;Reta;Sim;2;0;1;0;1;0;1;2;-29,22346883;-51,51628733;SPRF-RS;DEL06-RS;UOP01-DEL06-RS
493167;16/12/2022;sexta-feira;14:20:00;RS;470;217;BENTO GONCALVES;Ingestão de álcool pelo condutor;Saída de leito carroçável;Sem Vítimas;Pleno dia;Decrescente;Nublado;Dupla;Rotatória;Sim;3;0;0;0;3;0;0;3;-29,16462512;-51,52551964;SPRF-RS;DEL06-RS;UOP01-DEL06-RS
493182;16/12/2022;sexta-feira;16:10:00;RS;116;152,7;CAXIAS DO SUL;Acessar a via sem observar a presença dos outros veículos;Colisão lateral mesmo sentido;Com Vítimas Feridas;Pleno dia;Crescente;Céu Claro;Simples;Curva;Sim;2;0;1;0;1;0;1;2;-29,1829343;-51,16801501;SPRF-RS;DEL05-RS;UOP01-DEL05-RS
493289;17/12/2022;sábado;01:50:00;RS;470;252;SAO PEDRO DA SERRA;Condutor deixou de manter distância do veículo da frente;Colisão traseira;Sem Vítimas;Plena Noite;Crescente;Céu Claro;Simples;Reta;Não;3;0;0;0;3;0;0;2;-29,39918562;-51,49915714;SPRF-RS;DEL06-RS;UOP01-DEL06-RS
493330;17/12/2022;sábado;06:30:00;RS;116;120;SAO MARCOS;Ausência de reação do condutor;Saída de leito carroçável;Com Vítimas Feridas;Pleno dia;Decrescente;Céu Claro;Simples;Reta;Não;1;0;1;0;0;0;1;1;-29,00257991;-51,07844385;SPRF-RS;DEL05-RS;UOP01-DEL05-RS
493547;17/12/2022;sábado;20:50:00;RS;116;134,5;CAXIAS DO SUL;Transitar na contramão;Colisão frontal;Com Vítimas Feridas;Plena Noite;Decrescente;Céu Claro;Simples;Curva;Não;3;0;1;0;2;0;1;2;-29,06329012;-51,09842716;SPRF-RS;DEL05-RS;UOP01-DEL05-RS
493803;19/12/2022;segunda-feira;08:20:00;RS;470;217;BENTO GONCALVES;Ausência de reação do condutor;Tombamento;Com Vítimas Feridas;Pleno dia;Decrescente;Céu Claro;Dupla;Curva;Sim;1;0;1;0;0;0;1;1;-29,16462512;-51,52551964;SPRF-RS;DEL06-RS;UOP01-DEL06-RS
494383;22/12/2022;quinta-feira;04:35:00;RS;470;229;GARIBALDI;Velocidade Incompatível;Colisão com objeto;Com Vítimas Feridas;Plena Noite;Decrescente;Céu Claro;Simples;"Declive;Curva";Sim;2;0;0;2;0;0;2;1;-29,218603;-51,51677;SPRF-RS;DEL06-RS;UOP01-DEL06-RS
494975;24/12/2022;sábado;10:30:00;RS;116;203;PICADA CAFE;Reação tardia ou ineficiente do condutor;Tombamento;Com Vítimas Feridas;Pleno dia;Crescente;Céu Claro;Simples;Curva;Não;2;0;2;0;0;0;2;1;-29,49113279;-51,14998489;SPRF-RS;DEL05-RS;UOP02-DEL05-RS
495223;25/12/2022;domingo;17:00:00;RS;470;247;BARAO;Transitar na contramão;Colisão lateral sentido oposto;Com Vítimas Feridas;Pleno dia;Crescente;Chuva;Simples;Curva;Não;5;0;2;0;3;0;2;3;-29,37593098;-51,49908082;SPRF-RS;DEL06-RS;UOP01-DEL06-RS
495260;25/12/2022;domingo;20:50:00;RS;470;176;VERANOPOLIS;Acessar a via sem observar a presença dos outros veículos;Colisão transversal;Sem Vítimas;Plena Noite;Crescente;Céu Claro;Dupla;Rotatória;Sim;3;0;0;0;3;0;0;2;-28,929109;-51,54315;SPRF-RS;DEL06-RS;UOP02-DEL06-RS
495336;26/12/2022;segunda-feira;08:30:00;RS;470;218,2;BENTO GONCALVES;Desrespeitar a preferência no cruzamento;Colisão transversal;Com Vítimas Feridas;Pleno dia;Crescente;Nublado;Simples;Interseção de Vias;Sim;2;0;1;0;1;0;1;2;-29,18235416;-51,52028382;SPRF-RS;DEL06-RS;UOP01-DEL06-RS
495726;27/12/2022;terça-feira;21:20:00;RS;470;189;VERANOPOLIS;Ausência de reação do condutor;Saída de leito carroçável;Com Vítimas Feridas;Plena Noite;Crescente;Chuva;Simples;"Declive;Curva";Não;4;0;2;2;0;0;4;1;-29,01620401;-51,56173297;SPRF-RS;DEL06-RS;UOP02-DEL06-RS
495734;27/12/2022;terça-feira;11:15:00;RS;116;109,8;SAO MARCOS;Ingestão de álcool pelo condutor;Saída de leito carroçável;Com Vítimas Feridas;Plena Noite;Decrescente;Chuva;Simples;Curva;Não;1;0;1;0;0;0;1;1;-28,9318049;-51,0959297;SPRF-RS;DEL05-RS;UOP01-DEL05-RS
495744;28/12/2022;quarta-feira;03:00:00;RS;470;190;VERANOPOLIS;Ausência de reação do condutor;Saída de leito carroçável;Sem Vítimas;Plena Noite;Crescente;Nublado;Simples;"Declive;Curva";Não;1;0;0;0;0;1;0;1;-29,02312304;-51,56485893;SPRF-RS;DEL06-RS;UOP02-DEL06-RS
496206;30/12/2022;sexta-feira;08:30:00;RS;470;240;BARAO;Ausência de reação do condutor;Saída de leito carroçável;Sem Vítimas;Pleno dia;Crescente;Céu Claro;Simples;Curva;Não;1;0;0;0;0;1;0;1;-29,33853872;-51,5054282;SPRF-RS;DEL06-RS;UOP01-DEL06-RS
496454;31/12/2022;sábado;18:00:00;RS;470;219;BENTO GONCALVES;Ingestão de álcool ou de substâncias psicoativas pelo pedestre;Saída de leito carroçável;Sem Vítimas;Pleno dia;Crescente;Sol;Simples;Curva;Sim;1;0;0;0;1;0;0;1;-29,17909489;-51,51855675;SPRF-RS;DEL06-RS;UOP01-DEL06-RS
501025;02/12/2022;sexta-feira;09:50:00;RS;116;153,7;CAXIAS DO SUL;Pista Escorregadia;Tombamento;Com Vítimas Feridas;Pleno dia;Decrescente;Céu Claro;Dupla;"Curva;Aclive";Sim;1;0;0;1;0;0;1;1;-29,188067;-51,181308;SPRF-RS;DEL05-RS;UOP01-DEL05-RS
521138;15/06/2022;quarta-feira;23:30:00;RS;470;160;NOVA PRATA;Reação tardia ou ineficiente do condutor;Tombamento;Com Vítimas Feridas;Plena Noite;Crescente;Céu Claro;Simples;Reta;Não;2;0;1;1;0;0;2;1;-28,81066741;-51,60061401;SPRF-RS;DEL06-RS;UOP02-DEL06-RS
533673;16/08/2022;terça-feira;07:20:00;RS;116;152;CAXIAS DO SUL;Transitar na contramão;Colisão frontal;Com Vítimas Feridas;Amanhecer;Crescente;Nevoeiro/Neblina;Dupla;Declive;Sim;2;0;0;1;1;0;1;2;-29,1829343;-51,16801501;SPRF-RS;DEL05-RS;UOP01-DEL05-RS
539595;04/08/2022;quinta-feira;21:30:00;RS;116;149,1;CAXIAS DO SUL;Velocidade Incompatível;Colisão lateral mesmo sentido;Sem Vítimas;Plena Noite;Crescente;Céu Claro;Dupla;Curva;Não;2;0;0;0;1;1;0;2;-29,15996905;-51,15645292;SPRF-RS;DEL05-RS;UOP01-DEL05-RS
567860;01/11/2022;terça-feira;20:30:00;RS;0;0;SAO MARCOS;Acumulo de areia ou detritos sobre o pavimento;Colisão traseira;Sem Vítimas;Plena Noite;Não Informado;Céu Claro;Dupla;"Interseção de Vias;Reta";Sim;3;0;0;0;3;0;0;2;-28,96971958;-51,06091261;SPRF-RS;DEL05-RS;UOP01-DEL05-RS
498953;13/01/2023;sexta-feira;15:50:00;RS;470;194;BENTO GONCALVES;Transitar na contramão;Colisão frontal;Com Vítimas Feridas;Pleno dia;Crescente;Garoa/Chuvisco;Simples;"Curva;Aclive";Não;6;0;2;2;1;1;4;3;-29,05004;-51,57519;SPRF-RS;DEL06-RS;UOP02-DEL06-RS
499487;16/01/2023;segunda-feira;07:30:00;RS;470;218;BENTO GONCALVES;Acessar a via sem observar a presença dos outros veículos;Colisão transversal;Com Vítimas Feridas;Pleno dia;Crescente;Céu Claro;Simples;"Interseção de Vias;Curva;Retorno Regulamentado";Sim;2;0;0;1;1;0;1;2;-29,18266191;-51,52032566;SPRF-RS;DEL06-RS;UOP01-DEL06-RS
499769;17/01/2023;terça-feira;17:10:00;RS;470;241;BARAO;Acessar a via sem observar a presença dos outros veículos;Colisão transversal;Com Vítimas Fatais;Pleno dia;Crescente;Nublado;Simples;"Reta;Aclive";Não;2;1;0;0;1;0;0;2;-29,36107276;-51,5198493;SPRF-RS;DEL06-RS;UOP01-DEL06-RS
499957;18/01/2023;quarta-feira;19:35:00;RS;116;156,6;CAXIAS DO SUL;Transitar na contramão;Colisão frontal;Com Vítimas Feridas;Plena Noite;Decrescente;Nublado;Simples;Curva;Não;2;0;1;0;1;0;1;2;-29,20731013;-51,17757864;SPRF-RS;DEL05-RS;UOP01-DEL05-RS
500881;24/01/2023;terça-feira;18:25:00;RS;470;232;CARLOS BARBOSA;Ausência de reação do condutor;Saída de leito carroçável;Com Vítimas Feridas;Pleno dia;Decrescente;Céu Claro;Dupla;"Aclive;Reta";Não;2;0;1;0;0;1;1;2;-29,29271503;-51,48510933;SPRF-RS;DEL06-RS;UOP01-DEL06-RS
502261;31/01/2023;terça-feira;02:25:00;RS;470;180,3;VERANOPOLIS;Ausência de reação do condutor;Saída de leito carroçável;Com Vítimas Feridas;Plena Noite;Decrescente;Nublado;Simples;"Curva;Aclive";Não;1;0;1;0;0;0;1;1;-28,95379902;-51,5604794;SPRF-RS;DEL06-RS;UOP02-DEL06-RS
502778;03/02/2023;sexta-feira;06:50:00;RS;470;211;BENTO GONCALVES;Pista Escorregadia;Colisão lateral mesmo sentido;Com Vítimas Feridas;Amanhecer;Crescente;Céu Claro;Dupla;"Reta;Aclive";Não;3;0;2;0;1;0;2;3;-29,11647449;-51,54258383;SPRF-RS;DEL06-RS;UOP01-DEL06-RS
503577;06/02/2023;segunda-feira;17:50:00;RS;116;202,7;PICADA CAFE;Transitar na contramão;Colisão frontal;Com Vítimas Feridas;Pleno dia;Crescente;Céu Claro;Simples;Reta;Não;3;0;0;1;1;1;1;3;-29,485036;-51,15194;SPRF-RS;DEL05-RS;UOP02-DEL05-RS
505250;26/01/2023;quinta-feira;14:45:00;RS;470;231,2;CARLOS BARBOSA;Reação tardia ou ineficiente do condutor;Colisão transversal;Com Vítimas Feridas;Pleno dia;Crescente;Nublado;Dupla;Reta;Sim;3;0;1;0;1;2;1;4;-29,23579206;-51,51193423;SPRF-RS;DEL06-RS;UOP01-DEL06-RS
505860;18/02/2023;sábado;10:30:00;RS;470;174;VERANOPOLIS;Acesso irregular;Atropelamento de Pedestre;Com Vítimas Feridas;Pleno dia;Decrescente;Céu Claro;Simples;"Em Obras;Reta;Desvio Temporário";Não;4;0;1;0;1;2;1;2;-28,911067;-51,543476;SPRF-RS;DEL06-RS;UOP02-DEL06-RS
507212;25/02/2023;sábado;17:20:00;RS;470;194;BENTO GONCALVES;Velocidade Incompatível;Tombamento;Com Vítimas Feridas;Pleno dia;Crescente;Nublado;Simples;"Curva;Aclive";Não;2;0;1;0;1;0;1;1;-29,05030203;-51,57387285;SPRF-RS;DEL06-RS;UOP02-DEL06-RS
508523;04/03/2023;sábado;17:00:00;RS;116;121;SAO MARCOS;Conversão proibida;Colisão transversal;Com Vítimas Feridas;Pleno dia;Decrescente;Chuva;Simples;"Curva;Aclive";Não;3;0;0;1;1;1;1;3;-29,00573128;-51,06932906;SPRF-RS;DEL05-RS;UOP01-DEL05-RS
509656;10/03/2023;sexta-feira;15:30:00;RS;470;213;BENTO GONCALVES;Desrespeitar a preferência no cruzamento;Colisão transversal;Com Vítimas Feridas;Pleno dia;Decrescente;Céu Claro;Simples;"Reta;Interseção de Vias";Sim;2;0;1;0;1;0;1;2;-29,138703;-51,542708;SPRF-RS;DEL06-RS;UOP01-DEL06-RS
511035;14/02/2023;terça-feira;06:45:00;RS;470;225;GARIBALDI;Acessar a via sem observar a presença dos outros veículos;Colisão transversal;Com Vítimas Feridas;Pleno dia;Crescente;Céu Claro;Simples;"Reta;Interseção de Vias";Sim;2;0;1;0;1;0;1;2;-29,21454003;-51,51762617;SPRF-RS;DEL06-RS;UOP01-DEL06-RS
512467;24/03/2023;sexta-feira;07:15:00;RS;470;203;BENTO GONCALVES;Conversão proibida;Colisão traseira;Com Vítimas Feridas;Pleno dia;Decrescente;Céu Claro;Simples;Reta;Não;2;0;1;0;1;0;1;2;-29,07601095;-51,57545102;SPRF-RS;DEL06-RS;UOP02-DEL06-RS
513974;31/03/2023;sexta-feira;16:20:00;RS;116;183;NOVA PETROPOLIS;Condutor deixou de manter distância do veículo da frente;Colisão traseira;Com Vítimas Feridas;Pleno dia;Crescente;Céu Claro;Simples;"Reta;Aclive";Não;3;0;1;0;2;0;1;2;-29,38206672;-51,12330599;SPRF-RS;DEL05-RS;UOP02-DEL05-RS
514730;04/04/2023;terça-feira;09:00:00;RS;116;175;NOVA PETROPOLIS;Reação tardia ou ineficiente do condutor;Saída de leito carroçável;Com Vítimas Feridas;Pleno dia;Crescente;Nublado;Simples;"Reta;Declive;Em Obras";Não;1;0;1;0;0;0;1;1;-29,33774313;-51,1570501;SPRF-RS;DEL05-RS;UOP02-DEL05-RS
514754;04/04/2023;terça-feira;11:30:00;RS;116;117,3;SAO MARCOS;Ultrapassagem Indevida;Colisão frontal;Com Vítimas Feridas;Pleno dia;Crescente;Céu Claro;Simples;"Curva;Aclive";Não;4;0;1;1;2;0;2;3;-28,98310299;-51,06761081;SPRF-RS;DEL05-RS;UOP01-DEL05-RS
514827;04/04/2023;terça-feira;18:00:00;RS;470;217;BENTO GONCALVES;Reação tardia ou ineficiente do condutor;Colisão lateral mesmo sentido;Sem Vítimas;Pleno dia;Decrescente;Céu Claro;Dupla;"Reta;Em Obras";Sim;3;0;0;0;2;2;0;4;-29,16462512;-51,52551964;SPRF-RS;DEL06-RS;UOP01-DEL06-RS
515252;06/04/2023;quinta-feira;17:00:00;RS;116;166;CAXIAS DO SUL;Reação tardia ou ineficiente do condutor;Colisão frontal;Com Vítimas Feridas;Pleno dia;Crescente;Céu Claro;Simples;Curva;Não;4;0;0;1;3;0;1;4;-29,26709501;-51,15960601;SPRF-RS;DEL05-RS;UOP02-DEL05-RS
515474;07/04/2023;sexta-feira;19:53:00;RS;116;149;CAXIAS DO SUL;Acessar a via sem observar a presença dos outros veículos;Colisão transversal;Sem Vítimas;Plena Noite;Crescente;Garoa/Chuvisco;Múltipla;Reta;Sim;5;0;0;0;4;1;0;3;-29,15996905;-51,15645292;SPRF-RS;DEL05-RS;UOP01-DEL05-RS
516259;10/02/2023;sexta-feira;14:50:00;RS;470;220;GARIBALDI;Desrespeitar a preferência no cruzamento;Colisão transversal;Com Vítimas Feridas;Pleno dia;Crescente;Chuva;Simples;"Retorno Regulamentado;Aclive;Reta";Sim;2;0;1;0;1;0;1;2;-29,18739172;-51,52056521;SPRF-RS;DEL06-RS;UOP01-DEL06-RS
516610;13/04/2023;quinta-feira;15:50:00;RS;470;225;GARIBALDI;Acessar a via sem observar a presença dos outros veículos;Colisão transversal;Sem Vítimas;Pleno dia;Crescente;Nublado;Simples;"Reta;Rotatória";Sim;3;0;0;0;3;0;0;3;-29,21454003;-51,51762617;SPRF-RS;DEL06-RS;UOP01-DEL06-RS
516804;14/04/2023;sexta-feira;16:30:00;RS;116;138;CAXIAS DO SUL;Acessar a via sem observar a presença dos outros veículos;Colisão transversal;Sem Vítimas;Pleno dia;Crescente;Nevoeiro/Neblina;Simples;Reta;Não;3;0;0;0;2;1;0;3;-29,08970102;-51,11289119;SPRF-RS;DEL05-RS;UOP01-DEL05-RS
516929;15/04/2023;sábado;06:23:00;RS;116;144,8;CAXIAS DO SUL;Acesso irregular;Colisão lateral sentido oposto;Com Vítimas Feridas;Amanhecer;Crescente;Nublado;Simples;Curva;Sim;2;0;1;0;0;1;1;2;-29,1267449;-51,12768983;SPRF-RS;DEL05-RS;UOP01-DEL05-RS
519609;27/04/2023;quinta-feira;19:10:00;RS;470;196;BENTO GONCALVES;Reação tardia ou ineficiente do condutor;Tombamento;Com Vítimas Feridas;Plena Noite;Decrescente;Céu Claro;Simples;"Declive;Curva";Não;1;0;0;1;0;0;1;1;-29,048746;-51,593434;SPRF-RS;DEL06-RS;UOP02-DEL06-RS
519805;28/04/2023;sexta-feira;20:15:00;RS;116;115,5;SAO MARCOS;Reação tardia ou ineficiente do condutor;Colisão com objeto;Sem Vítimas;Plena Noite;Decrescente;Céu Claro;Simples;Reta;Sim;2;0;0;0;1;1;0;2;-28,9712;-51,072197;SPRF-RS;DEL05-RS;UOP01-DEL05-RS
519809;28/04/2023;sexta-feira;17:35:00;RS;470;234,9;CARLOS BARBOSA;Reação tardia ou ineficiente do condutor;Tombamento;Com Vítimas Feridas;Anoitecer;Decrescente;Céu Claro;Simples;Curva;Não;2;0;0;1;0;1;1;2;-29,29809;-51,48162;SPRF-RS;DEL06-RS;UOP01-DEL06-RS
521172;05/05/2023;sexta-feira;08:00:00;RS;470;221;GARIBALDI;Transitar na contramão;Colisão transversal;Com Vítimas Feridas;Pleno dia;Crescente;Chuva;Simples;Reta;Não;2;0;1;0;1;0;1;2;-29,21454003;-51,51762617;SPRF-RS;DEL06-RS;UOP01-DEL06-RS
523249;15/05/2023;segunda-feira;09:35:00;RS;116;210,9;MORRO REUTER;Reação tardia ou ineficiente do condutor;Colisão traseira;Com Vítimas Feridas;Pleno dia;Crescente;Céu Claro;Simples;Reta;Sim;2;0;1;0;1;0;1;2;-29,50599374;-51,0997709;SPRF-RS;DEL05-RS;UOP02-DEL05-RS
523425;16/05/2023;terça-feira;06:15:00;RS;470;232,7;CARLOS BARBOSA;Desrespeitar a preferência no cruzamento;Colisão transversal;Com Vítimas Feridas;Amanhecer;Decrescente;Céu Claro;Simples;"Interseção de Vias;Retorno Regulamentado";Não;6;0;1;0;4;1;1;2;-29,2984694;-51,48095727;SPRF-RS;DEL06-RS;UOP01-DEL06-RS
524034;19/05/2023;sexta-feira;16:50:00;RS;116;142;CAXIAS DO SUL;Condutor desrespeitou a iluminação vermelha do semáforo;Colisão transversal;Sem Vítimas;Pleno dia;Decrescente;Céu Claro;Dupla;Reta;Sim;2;0;0;0;1;1;0;2;-29,11727;-51,115208;SPRF-RS;DEL05-RS;UOP01-DEL05-RS
525007;24/05/2023;quarta-feira;11:30:00;RS;116;101,8;SAO MARCOS;Reação tardia ou ineficiente do condutor;Tombamento;Com Vítimas Feridas;Pleno dia;Crescente;Céu Claro;Simples;Curva;Não;2;0;1;0;0;1;1;2;-28,89092406;-51,11503543;SPRF-RS;DEL05-RS;UOP01-DEL05-RS
528250;08/06/2023;quinta-feira;21:50:00;RS;470;213,8;BENTO GONCALVES;Transitar na contramão;Colisão frontal;Com Vítimas Feridas;Plena Noite;Decrescente;Céu Claro;Simples;Reta;Sim;3;0;0;1;1;1;1;3;-29,15114378;-51,53005242;SPRF-RS;DEL06-RS;UOP01-DEL06-RS
529306;13/06/2023;terça-feira;18:55:00;RS;470;219;BENTO GONCALVES;Acessar a via sem observar a presença dos outros veículos;Colisão traseira;Com Vítimas Feridas;Plena Noite;Crescente;Chuva;Simples;Curva;Sim;4;0;1;0;3;0;1;2;-29,17909489;-51,51855675;SPRF-RS;DEL06-RS;UOP01-DEL06-RS
529679;15/06/2023;quinta-feira;17:20:00;RS;470;219;BENTO GONCALVES;Acumulo de água sobre o pavimento;Colisão lateral mesmo sentido;Com Vítimas Feridas;Anoitecer;Crescente;Chuva;Dupla;"Curva;Aclive";Não;3;0;1;0;2;0;1;3;-29,17909489;-51,51855675;SPRF-RS;DEL06-RS;UOP01-DEL06-RS
530003;17/06/2023;sábado;02:30:00;RS;116;132;CAXIAS DO SUL;Reação tardia ou ineficiente do condutor;Tombamento;Sem Vítimas;Plena Noite;Decrescente;Céu Claro;Simples;Curva;Não;3;0;0;0;2;1;0;2;-29,05058626;-51,09156082;SPRF-RS;DEL05-RS;UOP01-DEL05-RS
530609;20/06/2023;terça-feira;06:10:00;RS;470;215;BENTO GONCALVES;Conversão proibida;Colisão transversal;Com Vítimas Feridas;Amanhecer;Crescente;Céu Claro;Simples;Reta;Sim;2;0;1;0;1;0;1;2;-29,16026584;-51,52877569;SPRF-RS;DEL06-RS;UOP01-DEL06-RS
532883;01/07/2023;sábado;02:00:00;RS;470;160;NOVA PRATA;Transitar na contramão;Colisão frontal;Com Vítimas Fatais;Plena Noite;Crescente;Céu Claro;Simples;Curva;Não;3;1;0;0;2;0;0;2;-28,80982111;-51,60109878;SPRF-RS;DEL06-RS;UOP02-DEL06-RS
533087;01/07/2023;sábado;12:58:00;RS;470;186;VERANOPOLIS;Velocidade Incompatível;Tombamento;Sem Vítimas;Pleno dia;Crescente;Nublado;Dupla;Curva;Não;2;0;0;0;1;1;0;2;-29,00634714;-51,54974121;SPRF-RS;DEL06-RS;UOP02-DEL06-RS
533204;02/07/2023;domingo;10:15:00;RS;116;143,2;CAXIAS DO SUL;Condutor desrespeitou a iluminação vermelha do semáforo;Colisão transversal;Com Vítimas Feridas;Pleno dia;Decrescente;Nublado;Dupla;Reta;Sim;4;0;2;0;2;0;2;3;-29,1201739;-51,12260651;SPRF-RS;DEL05-RS;UOP01-DEL05-RS
534451;08/07/2023;sábado;08:40:00;RS;470;187;VERANOPOLIS;Reação tardia ou ineficiente do condutor;Saída de leito carroçável;Sem Vítimas;Pleno dia;Crescente;Nublado;Simples;"Reta;Declive";Não;1;0;0;0;1;0;0;1;-29,00751109;-51,55777697;SPRF-RS;DEL06-RS;UOP02-DEL06-RS
535843;14/07/2023;sexta-feira;19:05:00;RS;470;225;GARIBALDI;Desrespeitar a preferência no cruzamento;Colisão transversal;Com Vítimas Feridas;Plena Noite;Crescente;Céu Claro;Simples;"Curva;Retorno Regulamentado";Sim;6;0;1;0;5;0;1;2;-29,24297071;-51,51730657;SPRF-RS;DEL06-RS;UOP01-DEL06-RS
537215;21/07/2023;sexta-feira;16:07:00;RS;470;224;GARIBALDI;Transitar na contramão;Colisão frontal;Com Vítimas Feridas;Pleno dia;Decrescente;Céu Claro;Simples;Reta;Não;1;0;1;0;0;0;1;1;-29,21351804;-51,51780626;SPRF-RS;DEL06-RS;UOP01-DEL06-RS
539288;30/07/2023;domingo;17:00:00;RS;470;187;VERANOPOLIS;Ausência de reação do condutor;Colisão frontal;Com Vítimas Feridas;Pleno dia;Crescente;Céu Claro;Simples;Reta;Não;3;0;1;0;2;0;1;2;-29,00788708;-51,55917274;SPRF-RS;DEL06-RS;UOP02-DEL06-RS
540082;04/08/2023;sexta-feira;05:00:00;RS;116;150,1;CAXIAS DO SUL;Condutor desrespeitou a iluminação vermelha do semáforo;Colisão transversal;Com Vítimas Feridas;Amanhecer;Decrescente;Céu Claro;Dupla;Interseção de Vias;Sim;3;0;0;1;1;1;1;3;-29,168428;-51,158337;SPRF-RS;DEL05-RS;UOP01-DEL05-RS
540120;04/08/2023;sexta-feira;07:05:00;RS;470;172;VERANOPOLIS;Acessar a via sem observar a presença dos outros veículos;Colisão transversal;Com Vítimas Feridas;Pleno dia;Crescente;Céu Claro;Simples;"Interseção de Vias;Rotatória";Sim;3;0;1;0;1;2;1;4;-28,89708754;-51,5526098;SPRF-RS;DEL06-RS;UOP02-DEL06-RS
541055;08/08/2023;terça-feira;15:40:00;RS;470;232;CARLOS BARBOSA;Acessar a via sem observar a presença dos outros veículos;Colisão transversal;Com Vítimas Feridas;Pleno dia;Decrescente;Nublado;Simples;"Rotatória;Interseção de Vias";Não;2;0;1;0;1;0;1;2;-29,23579206;-51,51193423;SPRF-RS;DEL06-RS;UOP01-DEL06-RS
541677;11/08/2023;sexta-feira;17:30:00;RS;470;232,6;CARLOS BARBOSA;Ausência de reação do condutor;Colisão frontal;Com Vítimas Feridas;Anoitecer;Crescente;Céu Claro;Simples;Reta;Não;3;0;1;0;2;0;1;2;-29,29812792;-51,48176842;SPRF-RS;DEL06-RS;UOP01-DEL06-RS
542707;16/08/2023;quarta-feira;13:00:00;RS;470;189,7;VERANOPOLIS;Problema com o freio;Saída de leito carroçável;Com Vítimas Feridas;Pleno dia;Crescente;Céu Claro;Simples;"Declive;Curva";Não;2;0;0;1;0;1;1;2;-29,01883633;-51,56467438;SPRF-RS;DEL06-RS;UOP02-DEL06-RS
542962;17/08/2023;quinta-feira;23:00:00;RS;470;171;VERANOPOLIS;Acessar a via sem observar a presença dos outros veículos;Colisão transversal;Com Vítimas Feridas;Plena Noite;Decrescente;Céu Claro;Simples;"Reta;Interseção de Vias";Sim;2;0;1;0;1;0;1;2;-28,88090703;-51,5484283;SPRF-RS;DEL06-RS;UOP02-DEL06-RS
543665;21/08/2023;segunda-feira;06:40:00;RS;470;167,3;VILA FLORES;Demais falhas mecânicas ou elétricas;Incêndio;Sem Vítimas;Amanhecer;Crescente;Céu Claro;Simples;Interseção de Vias;Sim;2;0;0;0;1;1;0;2;-28,85841556;-51,5558517;SPRF-RS;DEL06-RS;UOP02-DEL06-RS
543983;22/08/2023;terça-feira;20:13:00;RS;116;106,8;SAO MARCOS;Transitar na contramão;Colisão transversal;Com Vítimas Feridas;Plena Noite;Crescente;Céu Claro;Simples;Reta;Não;6;0;1;1;1;3;2;4;-28,91069987;-51,11544728;SPRF-RS;DEL05-RS;UOP01-DEL05-RS
545626;31/08/2023;quinta-feira;08:25:00;RS;470;191,9;VERANOPOLIS;Ultrapassagem Indevida;Colisão traseira;Com Vítimas Feridas;Pleno dia;Crescente;Céu Claro;Simples;Reta;Não;3;0;2;0;1;0;2;3;-29,02062651;-51,56379461;SPRF-RS;DEL06-RS;UOP02-DEL06-RS
545922;01/09/2023;sexta-feira;18:30:00;RS;470;225,8;GARIBALDI;Acessar a via sem observar a presença dos outros veículos;Colisão transversal;Com Vítimas Feridas;Anoitecer;Crescente;Chuva;Múltipla;"Interseção de Vias;Retorno Regulamentado;Reta";Sim;2;0;0;1;1;0;1;2;-29,2460558;-51,51615935;SPRF-RS;DEL06-RS;UOP01-DEL06-RS
548103;11/09/2023;segunda-feira;18:30:00;RS;470;220,2;GARIBALDI;Acessar a via sem observar a presença dos outros veículos;Colisão transversal;Com Vítimas Feridas;Plena Noite;Crescente;Céu Claro;Simples;"Aclive;Reta;Retorno Regulamentado";Não;2;0;1;0;1;0;1;2;-29,198132;-51,518616;SPRF-RS;DEL06-RS;UOP01-DEL06-RS
548252;12/09/2023;terça-feira;15:05:00;RS;116;177,6;NOVA PETROPOLIS;Condutor desrespeitou a iluminação vermelha do semáforo;Colisão frontal;Com Vítimas Feridas;Pleno dia;Decrescente;Garoa/Chuvisco;Simples;"Curva;Em Obras";Não;4;0;0;1;1;2;1;3;-29,35004568;-51,14426266;SPRF-RS;DEL05-RS;UOP02-DEL05-RS
549702;19/09/2023;terça-feira;15:50:00;RS;470;226,7;GARIBALDI;Reação tardia ou ineficiente do condutor;Colisão traseira;Com Vítimas Feridas;Pleno dia;Crescente;Nublado;Simples;Reta;Não;2;0;1;0;1;0;1;2;-29,2584039;-51,50930285;SPRF-RS;DEL06-RS;UOP01-DEL06-RS
549708;18/09/2023;segunda-feira;14:20:00;RS;470;227;GARIBALDI;Manobra de mudança de faixa;Colisão lateral mesmo sentido;Com Vítimas Feridas;Pleno dia;Decrescente;Garoa/Chuvisco;Simples;"Curva;Aclive;Em Obras";Não;7;0;3;0;3;1;3;5;-29,25901777;-51,50883508;SPRF-RS;DEL06-RS;UOP01-DEL06-RS
552332;02/10/2023;segunda-feira;05:20:00;RS;470;182,8;VERANOPOLIS;Demais falhas na via;Tombamento;Com Vítimas Feridas;Amanhecer;Decrescente;Nevoeiro/Neblina;Simples;"Curva;Aclive";Não;2;0;1;0;1;0;1;2;-28,981408;-51,566079;SPRF-RS;DEL06-RS;UOP02-DEL06-RS
552424;02/10/2023;segunda-feira;13:05:00;RS;470;227;GARIBALDI;Velocidade Incompatível;Colisão frontal;Com Vítimas Feridas;Pleno dia;Crescente;Céu Claro;Simples;"Declive;Curva";Sim;2;0;1;0;1;0;1;2;-29,21657705;-51,51722624;SPRF-RS;DEL06-RS;UOP01-DEL06-RS
552478;02/10/2023;segunda-feira;19:00:00;RS;116;150,1;CAXIAS DO SUL;Reação tardia ou ineficiente do condutor;Colisão traseira;Sem Vítimas;Plena Noite;Crescente;Céu Claro;Múltipla;Reta;Sim;2;0;0;0;2;0;0;2;-29,17014036;-51,15932822;SPRF-RS;DEL05-RS;UOP01-DEL05-RS
553211;06/10/2023;sexta-feira;17:20:00;RS;470;218;BENTO GONCALVES;Acessar a via sem observar a presença dos outros veículos;Colisão transversal;Com Vítimas Feridas;Anoitecer;Crescente;Chuva;Simples;"Rotatória;Retorno Regulamentado";Sim;5;0;2;0;2;1;2;3;-29,18233421;-51,52029455;SPRF-RS;DEL06-RS;UOP01-DEL06-RS
554368;11/10/2023;quarta-feira;18:25:00;RS;470;225;GARIBALDI;Acessar a via sem observar a presença dos outros veículos;Colisão transversal;Com Vítimas Feridas;Pleno dia;Crescente;Chuva;Simples;"Retorno Regulamentado;Curva;Aclive";Sim;3;0;1;1;1;0;2;2;-29,21454003;-51,51762617;SPRF-RS;DEL06-RS;UOP01-DEL06-RS
554748;13/10/2023;sexta-feira;14:35:00;RS;470;233;CARLOS BARBOSA;Problema com o freio;Colisão traseira;Com Vítimas Feridas;Pleno dia;Decrescente;Céu Claro;Simples;"Declive;Interseção de Vias;Curva";Não;3;0;3;0;0;0;3;2;-29,29890915;-51,4810431;SPRF-RS;DEL06-RS;UOP01-DEL06-RS
555467;17/10/2023;terça-feira;04:00:00;RS;470;223;GARIBALDI;Transitar na contramão;Colisão frontal;Com Vítimas Fatais;Plena Noite;Decrescente;Garoa/Chuvisco;Simples;Reta;Sim;3;1;0;0;1;1;0;3;-29,22273571;-51,51624978;SPRF-RS;DEL06-RS;UOP01-DEL06-RS
555801;18/10/2023;quarta-feira;22:30:00;RS;470;224,3;GARIBALDI;Ausência de reação do condutor;Saída de leito carroçável;Sem Vítimas;Plena Noite;Decrescente;Nublado;Simples;"Declive;Curva";Sim;1;0;0;0;1;0;0;1;-29,23429873;-51,51605129;SPRF-RS;DEL06-RS;UOP01-DEL06-RS
556973;24/10/2023;terça-feira;18:00:00;RS;116;203,1;PICADA CAFE;Conversão proibida;Colisão frontal;Com Vítimas Feridas;Anoitecer;Crescente;Nublado;Simples;"Curva;Aclive";Não;7;0;5;0;1;1;5;3;-29,49113279;-51,14998489;SPRF-RS;DEL05-RS;UOP02-DEL05-RS
558130;30/10/2023;segunda-feira;13:35:00;RS;470;225;GARIBALDI;Acessar a via sem observar a presença dos outros veículos;Colisão transversal;Com Vítimas Feridas;Pleno dia;Crescente;Garoa/Chuvisco;Simples;"Reta;Interseção de Vias";Sim;2;0;1;0;1;0;1;2;-29,21454003;-51,51762617;SPRF-RS;DEL06-RS;UOP01-DEL06-RS
558756;03/07/2023;segunda-feira;13:50:00;RS;470;224;GARIBALDI;Reação tardia ou ineficiente do condutor;Saída de leito carroçável;Com Vítimas Feridas;Pleno dia;Crescente;Céu Claro;Simples;"Reta;Aclive";Sim;1;0;1;0;0;0;1;1;-29,21351804;-51,51780626;SPRF-RS;DEL06-RS;UOP01-DEL06-RS
558912;18/08/2023;sexta-feira;09:48:00;RS;470;232;CARLOS BARBOSA;Acessar a via sem observar a presença dos outros veículos;Colisão transversal;Com Vítimas Feridas;Pleno dia;Decrescente;Nublado;Dupla;Reta;Não;5;0;0;1;3;1;1;4;-29,23579206;-51,51193423;SPRF-RS;DEL06-RS;UOP01-DEL06-RS
559442;06/11/2023;segunda-feira;06:40:00;RS;470;217;BENTO GONCALVES;Acessar a via sem observar a presença dos outros veículos;Colisão transversal;Sem Vítimas;Pleno dia;Decrescente;Céu Claro;Simples;"Reta;Rotatória";Sim;2;0;0;0;2;0;0;2;-29,16462512;-51,52551964;SPRF-RS;DEL06-RS;UOP01-DEL06-RS
560136;09/11/2023;quinta-feira;16:45:00;RS;470;225;GARIBALDI;Acessar a via sem observar a presença dos outros veículos;Colisão transversal;Com Vítimas Feridas;Pleno dia;Crescente;Céu Claro;Simples;Reta;Não;3;0;1;0;1;1;1;3;-29,21454003;-51,51762617;SPRF-RS;DEL06-RS;UOP01-DEL06-RS
560160;09/11/2023;quinta-feira;19:20:00;RS;470;217;BENTO GONCALVES;Acessar a via sem observar a presença dos outros veículos;Colisão transversal;Com Vítimas Feridas;Plena Noite;Crescente;Céu Claro;Simples;Curva;Não;2;0;1;0;1;0;1;2;-29,16462512;-51,52551964;SPRF-RS;DEL06-RS;UOP01-DEL06-RS
562546;20/11/2023;segunda-feira;17:10:00;RS;470;179;VERANOPOLIS;Manobra de mudança de faixa;Colisão lateral mesmo sentido;Com Vítimas Feridas;Pleno dia;Crescente;Céu Claro;Dupla;Reta;Não;3;0;1;0;2;0;1;2;-28,95614928;-51,56242466;SPRF-RS;DEL06-RS;UOP02-DEL06-RS
562810;21/11/2023;terça-feira;18:55:00;RS;470;195;BENTO GONCALVES;Reação tardia ou ineficiente do condutor;Colisão traseira;Com Vítimas Feridas;Plena Noite;Decrescente;Céu Claro;Simples;"Declive;Curva";Não;8;0;3;0;4;1;3;3;-29,05097073;-51,58205288;SPRF-RS;DEL06-RS;UOP02-DEL06-RS
562963;13/11/2023;segunda-feira;10:45:00;RS;116;143,9;CAXIAS DO SUL;Reação tardia ou ineficiente do condutor;Colisão frontal;Com Vítimas Feridas;Pleno dia;Decrescente;Chuva;Dupla;"Declive;Curva";Sim;4;0;0;1;3;0;1;3;-29,1201739;-51,12260651;SPRF-RS;DEL05-RS;UOP01-DEL05-RS
563373;24/11/2023;sexta-feira;21:00:00;RS;470;225;GARIBALDI;Acessar a via sem observar a presença dos outros veículos;Colisão transversal;Com Vítimas Feridas;Plena Noite;Crescente;Céu Claro;Simples;Reta;Sim;2;0;1;0;1;0;1;2;-29,21454003;-51,51762617;SPRF-RS;DEL06-RS;UOP01-DEL06-RS
564205;28/11/2023;terça-feira;10:15:00;RS;470;219;BENTO GONCALVES;Acumulo de água sobre o pavimento;Colisão frontal;Com Vítimas Feridas;Pleno dia;Decrescente;Chuva;Dupla;"Declive;Curva";Não;4;0;2;0;2;0;2;3;-29,17909489;-51,51855675;SPRF-RS;DEL06-RS;UOP01-DEL06-RS
565624;05/12/2023;terça-feira;11:20:00;RS;470;173,4;VERANOPOLIS;Desrespeitar a preferência no cruzamento;Colisão transversal;Com Vítimas Feridas;Pleno dia;Crescente;Nublado;Simples;"Reta;Interseção de Vias";Não;3;0;1;0;1;1;1;3;-28,90929762;-51,54545367;SPRF-RS;DEL06-RS;UOP02-DEL06-RS
567158;11/12/2023;segunda-feira;16:40:00;RS;116;209,3;MORRO REUTER;Transitar na contramão;Colisão frontal;Com Vítimas Fatais;Pleno dia;Decrescente;Céu Claro;Simples;Reta;Não;2;1;0;0;1;0;0;2;-29,50419;-51,10992;SPRF-RS;DEL05-RS;UOP02-DEL05-RS
570700;26/12/2023;terça-feira;10:30:00;RS;470;175,2;VERANOPOLIS;Condutor deixou de manter distância do veículo da frente;Colisão lateral mesmo sentido;Com Vítimas Feridas;Pleno dia;Decrescente;Céu Claro;Simples;Interseção de Vias;Sim;2;0;1;0;1;0;1;2;-28,92546924;-51,54003561;SPRF-RS;DEL06-RS;UOP02-DEL06-RS
572317;30/08/2023;quarta-feira;17:18:00;RS;470;217;BENTO GONCALVES;Objeto estático sobre o leito carroçável;Colisão com objeto;Com Vítimas Feridas;Pleno dia;Crescente;Céu Claro;Simples;Reta;Sim;2;0;1;0;1;0;1;2;-29,18253092;-51,52019078;SPRF-RS;DEL06-RS;UOP01-DEL06-RS
496540;01/01/2023;domingo;03:30:00;RS;116;195;PICADA CAFE;Reação tardia ou ineficiente do condutor;Colisão com objeto;Com Vítimas Feridas;Plena Noite;Decrescente;Céu Claro;Simples;Reta;Sim;3;0;1;0;2;0;1;1;-29,460423;-51,139767;SPRF-RS;DEL05-RS;UOP02-DEL05-RS
497454;05/01/2023;quinta-feira;15:00:00;RS;470;177;VERANOPOLIS;Acessar a via sem observar a presença dos outros veículos;Colisão transversal;Sem Vítimas;Pleno dia;Decrescente;Céu Claro;Simples;"Reta;Interseção de Vias";Sim;2;0;0;0;2;0;0;2;-28,93915139;-51,54591976;SPRF-RS;DEL06-RS;UOP02-DEL06-RS
497761;07/01/2023;sábado;11:24:00;RS;116;143;CAXIAS DO SUL;Demais falhas mecânicas ou elétricas;Colisão traseira;Sem Vítimas;Pleno dia;Decrescente;Sol;Dupla;"Reta;Interseção de Vias";Sim;2;0;0;0;2;0;0;2;-29,1201739;-51,12260651;SPRF-RS;DEL05-RS;UOP01-DEL05-RS
497789;07/01/2023;sábado;14:45:00;RS;470;163;NOVA PRATA;Ausência de reação do condutor;Colisão lateral sentido oposto;Com Vítimas Feridas;Pleno dia;Crescente;Sol;Simples;"Curva;Aclive";Não;3;0;2;0;1;0;2;2;-28,82755543;-51,58058532;SPRF-RS;DEL06-RS;UOP02-DEL06-RS
498292;09/01/2023;segunda-feira;20:15:00;RS;470;237;CARLOS BARBOSA;Ausência de reação do condutor;Colisão com objeto;Com Vítimas Feridas;Plena Noite;Crescente;Céu Claro;Simples;"Declive;Curva";Não;1;0;0;1;0;0;1;1;-29,33474163;-51,50120258;SPRF-RS;DEL06-RS;UOP01-DEL06-RS
498770;12/01/2023;quinta-feira;18:40:00;RS;116;146;CAXIAS DO SUL;Acessar a via sem observar a presença dos outros veículos;Colisão transversal;Com Vítimas Feridas;Anoitecer;Decrescente;Garoa/Chuvisco;Dupla;"Curva;Aclive;Interseção de Vias";Sim;2;0;2;0;0;0;2;2;-29,14228897;-51,13622202;SPRF-RS;DEL05-RS;UOP01-DEL05-RS
499030;13/01/2023;sexta-feira;23:50:00;RS;470;209;BENTO GONCALVES;Ingestão de álcool pelo condutor;Saída de leito carroçável;Sem Vítimas;Plena Noite;Decrescente;Nublado;Simples;Reta;Sim;2;0;0;0;2;0;0;1;-29,10894598;-51,54542236;SPRF-RS;DEL06-RS;UOP01-DEL06-RS
499067;14/01/2023;sábado;09:20:00;RS;470;223;BENTO GONCALVES;Acessar a via sem observar a presença dos outros veículos;Colisão transversal;Com Vítimas Feridas;Pleno dia;Crescente;Céu Claro;Simples;Reta;Sim;2;0;1;0;1;0;1;2;-29,21249203;-51,51794436;SPRF-RS;DEL06-RS;UOP01-DEL06-RS
499071;14/01/2023;sábado;09:11:00;RS;116;147,6;CAXIAS DO SUL;Retorno proibido;Colisão transversal;Sem Vítimas;Pleno dia;Decrescente;Sol;Dupla;"Reta;Interseção de Vias";Sim;2;0;0;0;2;0;0;2;-29,15186145;-51,14781618;SPRF-RS;DEL05-RS;UOP01-DEL05-RS
499203;14/01/2023;sábado;22:00:00;RS;116;217;MORRO REUTER;Ultrapassagem Indevida;Colisão transversal;Com Vítimas Feridas;Plena Noite;Decrescente;Nublado;Simples;Rotatória;Sim;3;0;0;1;2;0;1;2;-29,54396389;-51,08555876;SPRF-RS;DEL05-RS;UOP02-DEL05-RS
499337;15/01/2023;domingo;13:30:00;RS;116;203,2;PICADA CAFE;Frear bruscamente;Queda de ocupante de veículo;Com Vítimas Feridas;Pleno dia;Crescente;Nublado;Simples;Curva;Não;2;0;1;0;0;1;1;2;-29,49113279;-51,14998489;SPRF-RS;DEL05-RS;UOP02-DEL05-RS
499448;15/01/2023;domingo;22:15:00;RS;470;174,1;VERANOPOLIS;Pedestre andava na pista;Atropelamento de Pedestre;Com Vítimas Fatais;Plena Noite;Crescente;Nevoeiro/Neblina;Simples;Curva;Não;4;1;0;0;1;2;0;2;-28,91331074;-51,54170394;SPRF-RS;DEL06-RS;UOP02-DEL06-RS
499527;16/01/2023;segunda-feira;12:00:00;RS;470;206;BENTO GONCALVES;Ausência de reação do condutor;Saída de leito carroçável;Sem Vítimas;Pleno dia;Decrescente;Céu Claro;Simples;Curva;Sim;1;0;0;0;0;1;0;1;-29,08977;-51,556176;SPRF-RS;DEL06-RS;UOP01-DEL06-RS
499774;17/01/2023;terça-feira;18:10:00;RS;470;165,5;VILA FLORES;Reação tardia ou ineficiente do condutor;Saída de leito carroçável;Com Vítimas Feridas;Pleno dia;Crescente;Garoa/Chuvisco;Simples;"Declive;Reta";Não;1;0;1;0;0;0;1;1;-28,848196;-51,57012463;SPRF-RS;DEL06-RS;UOP02-DEL06-RS
500061;19/01/2023;quinta-feira;11:30:00;RS;470;207;BENTO GONCALVES;Conversão proibida;Colisão transversal;Com Vítimas Feridas;Pleno dia;Crescente;Céu Claro;Simples;"Curva;Aclive";Não;8;0;7;1;0;0;8;2;-29,101443;-51,543791;SPRF-RS;DEL06-RS;UOP01-DEL06-RS
500087;19/01/2023;quinta-feira;15:20:00;RS;470;224,9;GARIBALDI;Desrespeitar a preferência no cruzamento;Colisão transversal;Com Vítimas Feridas;Pleno dia;Crescente;Sol;Simples;"Reta;Retorno Regulamentado";Sim;2;0;1;0;1;0;1;2;-29,239725;-51,51826;SPRF-RS;DEL06-RS;UOP01-DEL06-RS
500141;19/01/2023;quinta-feira;19:50:00;RS;116;216,1;MORRO REUTER;Ingestão de álcool pelo condutor;Colisão com objeto;Sem Vítimas;Plena Noite;Crescente;Nublado;Simples;"Reta;Declive";Sim;1;0;0;0;1;0;0;1;-29,53861521;-51,07812703;SPRF-RS;DEL05-RS;UOP02-DEL05-RS
500156;19/01/2023;quinta-feira;22:10:00;RS;116;119;SAO MARCOS;Ingestão de álcool pelo condutor;Saída de leito carroçável;Sem Vítimas;Plena Noite;Decrescente;Céu Claro;Simples;Curva;Não;2;0;0;0;1;1;0;2;-28,9961971;-51,07362295;SPRF-RS;DEL05-RS;UOP01-DEL05-RS
500173;20/01/2023;sexta-feira;01:06:00;RS;470;189,1;VERANOPOLIS;Reação tardia ou ineficiente do condutor;Saída de leito carroçável;Com Vítimas Feridas;Plena Noite;Crescente;Céu Claro;Simples;Curva;Não;1;0;1;0;0;0;1;1;-29,01620401;-51,56173297;SPRF-RS;DEL06-RS;UOP02-DEL06-RS
500368;23/01/2023;segunda-feira;07:00:00;RS;116;152;CAXIAS DO SUL;Manobra de mudança de faixa;Colisão lateral mesmo sentido;Com Vítimas Feridas;Pleno dia;Decrescente;Céu Claro;Dupla;Reta;Sim;2;0;1;0;1;0;1;2;-29,1829343;-51,16801501;SPRF-RS;DEL05-RS;UOP01-DEL05-RS
500496;21/01/2023;sábado;21:00:00;RS;470;240;CARLOS BARBOSA;Transitar na contramão;Colisão lateral sentido oposto;Sem Vítimas;Plena Noite;Crescente;Céu Claro;Simples;Curva;Não;2;0;0;0;2;0;0;2;-29,3509201;-51,51359868;SPRF-RS;DEL06-RS;UOP01-DEL06-RS
500578;21/01/2023;sábado;22:45:00;RS;116;148,9;CAXIAS DO SUL;Ingestão de álcool pelo condutor;Colisão transversal;Sem Vítimas;Plena Noite;Decrescente;Céu Claro;Múltipla;Interseção de Vias;Sim;4;0;0;0;4;0;0;2;-29,15444539;-51,15101681;SPRF-RS;DEL05-RS;UOP01-DEL05-RS
500806;24/01/2023;terça-feira;13:25:00;RS;116;152,7;CAXIAS DO SUL;Conversão proibida;Colisão transversal;Com Vítimas Feridas;Pleno dia;Decrescente;Sol;Simples;Reta;Não;2;0;1;0;1;0;1;2;-29,1829343;-51,16801501;SPRF-RS;DEL05-RS;UOP01-DEL05-RS
500908;21/01/2023;sábado;04:20:00;RS;470;211;BENTO GONCALVES;Reação tardia ou ineficiente do condutor;Saída de leito carroçável;Com Vítimas Feridas;Plena Noite;Decrescente;Céu Claro;Simples;"Declive;Curva";Não;1;0;1;0;0;0;1;1;-29,12453775;-51,54360394;SPRF-RS;DEL06-RS;UOP01-DEL06-RS
501086;21/01/2023;sábado;21:00:00;RS;470;161;NOVA PRATA;Ausência de reação do condutor;Saída de leito carroçável;Sem Vítimas;Plena Noite;Decrescente;Chuva;Simples;Reta;Não;1;0;0;0;1;0;0;1;-28,817015;-51,594917;SPRF-RS;DEL06-RS;UOP02-DEL06-RS
501183;25/01/2023;quarta-feira;22:30:00;RS;470;218;BENTO GONCALVES;Reação tardia ou ineficiente do condutor;Saída de leito carroçável;Sem Vítimas;Plena Noite;Decrescente;Céu Claro;Simples;"Curva;Aclive";Não;2;0;0;0;2;0;0;1;-29,18816694;-51,52187705;SPRF-RS;DEL06-RS;UOP01-DEL06-RS
501902;29/01/2023;domingo;10:45:00;RS;470;219,6;BENTO GONCALVES;Velocidade Incompatível;Tombamento;Com Vítimas Feridas;Pleno dia;Crescente;Céu Claro;Simples;"Curva;Aclive";Não;1;0;1;0;0;0;1;1;-29,191735;-51,52229279;SPRF-RS;DEL06-RS;UOP01-DEL06-RS
502128;30/01/2023;segunda-feira;12:25:00;RS;470;159;NOVA PRATA;Desrespeitar a preferência no cruzamento;Colisão transversal;Com Vítimas Feridas;Pleno dia;Decrescente;Céu Claro;Simples;Rotatória;Sim;2;0;1;0;1;0;1;2;-28,8014352;-51,60989642;SPRF-RS;DEL06-RS;UOP02-DEL06-RS
502504;01/02/2023;quarta-feira;14:30:00;RS;116;120;SAO MARCOS;Acessar a via sem observar a presença dos outros veículos;Colisão lateral mesmo sentido;Sem Vítimas;Pleno dia;Decrescente;Céu Claro;Simples;"Reta;Aclive";Não;2;0;0;0;2;0;0;1;-29,00257991;-51,07844385;SPRF-RS;DEL05-RS;UOP01-DEL05-RS
502597;02/02/2023;quinta-feira;07:50:00;RS;470;217;BENTO GONCALVES;Avarias e/ou desgaste excessivo no pneu;Tombamento;Com Vítimas Feridas;Pleno dia;Decrescente;Céu Claro;Simples;"Curva;Aclive";Sim;1;0;1;0;0;0;1;1;-29,16462512;-51,52551964;SPRF-RS;DEL06-RS;UOP01-DEL06-RS
502725;02/02/2023;quinta-feira;19:45:00;RS;470;155;NOVA PRATA;Acessar a via sem observar a presença dos outros veículos;Colisão transversal;Com Vítimas Feridas;Plena Noite;Crescente;Céu Claro;Simples;Reta;Sim;4;0;2;0;2;0;2;2;-28,78243906;-51,61511825;SPRF-RS;DEL06-RS;UOP02-DEL06-RS
503107;04/02/2023;sábado;16:00:00;RS;116;173,8;CAXIAS DO SUL;Manobra de mudança de faixa;Colisão lateral mesmo sentido;Com Vítimas Feridas;Pleno dia;Decrescente;Sol;Simples;Reta;Não;2;0;1;0;1;0;1;2;-29,32449914;-51,1698854;SPRF-RS;DEL05-RS;UOP02-DEL05-RS
503160;04/02/2023;sábado;18:00:00;RS;116;185;NOVA PETROPOLIS;Manobra de mudança de faixa;Colisão lateral mesmo sentido;Com Vítimas Feridas;Pleno dia;Crescente;Céu Claro;Dupla;Reta;Sim;2;0;1;0;1;0;1;2;-29,39221114;-51,12482919;SPRF-RS;DEL05-RS;UOP02-DEL05-RS
503239;05/02/2023;domingo;06:00:00;RS;470;159;NOVA PRATA;Ausência de reação do condutor;Saída de leito carroçável;Sem Vítimas;Amanhecer;Decrescente;Céu Claro;Simples;"Em Obras;Curva";Sim;1;0;0;0;0;1;0;1;-28,810128;-51,600868;SPRF-RS;DEL06-RS;UOP02-DEL06-RS
503357;05/02/2023;domingo;18:40:00;RS;470;175;VERANOPOLIS;Reação tardia ou ineficiente do condutor;Saída de leito carroçável;Com Vítimas Feridas;Pleno dia;Decrescente;Céu Claro;Simples;Curva;Sim;2;0;2;0;0;0;2;1;-28,91926201;-51,53914905;SPRF-RS;DEL06-RS;UOP02-DEL06-RS
503403;05/02/2023;domingo;23:10:00;RS;470;160;NOVA PRATA;Ingestão de álcool pelo condutor;Saída de leito carroçável;Sem Vítimas;Plena Noite;Decrescente;Céu Claro;Simples;"Aclive;Reta";Sim;1;0;0;0;1;0;0;1;-28,81066741;-51,60061401;SPRF-RS;DEL06-RS;UOP02-DEL06-RS
504510;11/02/2023;sábado;16:20:00;RS;0;0;CAXIAS DO SUL;Curva acentuada;Colisão lateral sentido oposto;Sem Vítimas;Pleno dia;Não Informado;Céu Claro;Simples;"Declive;Curva";Não;3;0;0;0;3;0;0;2;-29,0758;-51,117695;SPRF-RS;DEL05-RS;UOP01-DEL05-RS
504673;12/02/2023;domingo;10:15:00;RS;116;215;MORRO REUTER;Conversão proibida;Colisão traseira;Com Vítimas Feridas;Pleno dia;Decrescente;Céu Claro;Simples;"Declive;Curva";Não;3;0;1;0;2;0;1;2;-29,53533417;-51,08499002;SPRF-RS;DEL05-RS;UOP02-DEL05-RS
504735;12/02/2023;domingo;16:45:00;RS;470;253,1;SAO PEDRO DA SERRA;Acessar a via sem observar a presença dos outros veículos;Colisão transversal;Com Vítimas Feridas;Pleno dia;Crescente;Céu Claro;Simples;"Curva;Interseção de Vias";Não;2;0;2;0;0;0;2;2;-29,42718713;-51,51840627;SPRF-RS;DEL06-RS;UOP01-DEL06-RS
504764;12/02/2023;domingo;20:10:00;RS;116;151,7;CAXIAS DO SUL;Velocidade Incompatível;Saída de leito carroçável;Com Vítimas Fatais;Plena Noite;Crescente;Céu Claro;Dupla;"Declive;Curva";Sim;1;1;0;0;0;0;0;1;-29,17694502;-51,16173896;SPRF-RS;DEL05-RS;UOP01-DEL05-RS
505307;15/02/2023;quarta-feira;19:30:00;RS;116;147,3;CAXIAS DO SUL;Reação tardia ou ineficiente do condutor;Colisão transversal;Sem Vítimas;Anoitecer;Decrescente;Céu Claro;Dupla;"Reta;Interseção de Vias";Sim;3;0;0;0;3;0;0;2;-29,14908014;-51,1429969;SPRF-RS;DEL05-RS;UOP01-DEL05-RS
505474;16/02/2023;quinta-feira;17:10:00;RS;470;232;CARLOS BARBOSA;Ausência de reação do condutor;Colisão traseira;Com Vítimas Feridas;Pleno dia;Crescente;Céu Claro;Simples;Reta;Não;2;0;2;0;0;0;2;2;-29,23579206;-51,51193423;SPRF-RS;DEL06-RS;UOP01-DEL06-RS
505478;16/02/2023;quinta-feira;17:00:00;RS;470;175,8;VERANOPOLIS;Desrespeitar a preferência no cruzamento;Colisão transversal;Sem Vítimas;Pleno dia;Crescente;Céu Claro;Simples;"Em Obras;Curva;Retorno Regulamentado";Sim;2;0;0;0;2;0;0;2;-28,9267006;-51,54154837;SPRF-RS;DEL06-RS;UOP02-DEL06-RS
505577;17/02/2023;sexta-feira;07:40:00;RS;470;218,8;BENTO GONCALVES;Velocidade Incompatível;Saída de leito carroçável;Com Vítimas Feridas;Pleno dia;Decrescente;Garoa/Chuvisco;Simples;"Curva;Aclive";Não;1;0;1;0;0;0;1;1;-29,17292214;-51,52424936;SPRF-RS;DEL06-RS;UOP01-DEL06-RS
505752;17/02/2023;sexta-feira;22:50:00;RS;116;148,1;CAXIAS DO SUL;Velocidade Incompatível;Colisão com objeto;Com Vítimas Feridas;Plena Noite;Decrescente;Nublado;Dupla;Curva;Sim;1;0;1;0;0;0;1;1;-29,15444539;-51,15101681;SPRF-RS;DEL05-RS;UOP01-DEL05-RS
505951;18/02/2023;sábado;18:00:00;RS;116;147;CAXIAS DO SUL;Reação tardia ou ineficiente do condutor;Saída de leito carroçável;Sem Vítimas;Pleno dia;Decrescente;Céu Claro;Dupla;Reta;Sim;2;0;0;0;1;1;0;2;-29,14908014;-51,1429969;SPRF-RS;DEL05-RS;UOP01-DEL05-RS
506716;22/02/2023;quarta-feira;18:57:00;RS;470;222;GARIBALDI;Animais na Pista;Atropelamento de Animal;Com Vítimas Feridas;Anoitecer;Crescente;Ignorado;Dupla;"Reta;Retorno Regulamentado";Sim;1;0;1;0;0;0;1;1;-29,22025439;-51,51648581;SPRF-RS;DEL06-RS;UOP01-DEL06-RS
507020;24/02/2023;sexta-feira;15:30:00;RS;0;0;CAXIAS DO SUL;Acessar a via sem observar a presença dos outros veículos;Colisão frontal;Sem Vítimas;Pleno dia;Não Informado;Céu Claro;Simples;"Reta;Interseção de Vias";Sim;2;0;0;0;2;0;0;2;-29,13757571;-51,13216465;SPRF-RS;DEL05-RS;UOP01-DEL05-RS
507054;24/02/2023;sexta-feira;21:30:00;RS;470;161;NOVA PRATA;Ausência de reação do condutor;Saída de leito carroçável;Sem Vítimas;Plena Noite;Crescente;Céu Claro;Simples;"Reta;Ponte";Sim;1;0;0;0;1;0;0;1;-28,82301785;-51,58666589;SPRF-RS;DEL06-RS;UOP02-DEL06-RS
507149;25/02/2023;sábado;15:40:00;RS;116;127;SAO MARCOS;Demais Fenômenos da natureza;Eventos atípicos;Com Vítimas Feridas;Pleno dia;Decrescente;Chuva;Simples;Reta;Não;4;0;2;0;2;0;2;1;-29,02646869;-51,11018528;SPRF-RS;DEL05-RS;UOP01-DEL05-RS
507226;26/02/2023;domingo;01:30:00;RS;470;223;GARIBALDI;Transitar na contramão;Colisão frontal;Com Vítimas Feridas;Plena Noite;Crescente;Nublado;Simples;Reta;Não;6;0;4;1;1;0;5;2;-29,21249203;-51,51794436;SPRF-RS;DEL06-RS;UOP01-DEL06-RS
507245;26/02/2023;domingo;03:00:00;RS;116;187;NOVA PETROPOLIS;Reação tardia ou ineficiente do condutor;Colisão com objeto;Com Vítimas Feridas;Plena Noite;Decrescente;Céu Claro;Simples;Reta;Não;2;0;2;0;0;0;2;1;-29,40515985;-51,12600998;SPRF-RS;DEL05-RS;UOP02-DEL05-RS
507469;27/02/2023;segunda-feira;10:40:00;RS;116;217,2;MORRO REUTER;Ultrapassagem Indevida;Colisão lateral sentido oposto;Com Vítimas Feridas;Pleno dia;Decrescente;Céu Claro;Simples;Curva;Não;2;0;1;0;1;0;1;2;-29,54396389;-51,08555876;SPRF-RS;DEL05-RS;UOP02-DEL05-RS
507762;28/02/2023;terça-feira;22:30:00;RS;470;217;BENTO GONCALVES;Animais na Pista;Atropelamento de Animal;Com Vítimas Feridas;Plena Noite;Decrescente;Céu Claro;Simples;Curva;Sim;1;0;1;0;0;0;1;1;-29,17777572;-51,51848307;SPRF-RS;DEL06-RS;UOP01-DEL06-RS
507856;24/02/2023;sexta-feira;15:30:00;RS;470;167,5;VILA FLORES;Acessar a via sem observar a presença dos outros veículos;Colisão transversal;Com Vítimas Feridas;Pleno dia;Decrescente;Sol;Simples;"Interseção de Vias;Curva";Sim;2;0;0;1;1;0;1;2;-28,859196;-51,555248;SPRF-RS;DEL06-RS;UOP02-DEL06-RS
508063;02/03/2023;quinta-feira;19:30:00;RS;116;142,9;CAXIAS DO SUL;Reação tardia ou ineficiente do condutor;Colisão traseira;Sem Vítimas;Plena Noite;Decrescente;Céu Claro;Dupla;Reta;Sim;2;0;0;0;2;0;0;2;-29,11727;-51,115208;SPRF-RS;DEL05-RS;UOP01-DEL05-RS
508073;02/03/2023;quinta-feira;18:40:00;RS;116;142,8;CAXIAS DO SUL;Manobra de mudança de faixa;Colisão lateral mesmo sentido;Com Vítimas Feridas;Plena Noite;Crescente;Céu Claro;Dupla;Curva;Sim;2;0;1;0;1;0;1;2;-29,11727;-51,115208;SPRF-RS;DEL05-RS;UOP01-DEL05-RS
508252;03/03/2023;sexta-feira;16:05:00;RS;470;209;BENTO GONCALVES;Ausência de reação do condutor;Saída de leito carroçável;Sem Vítimas;Pleno dia;Decrescente;Garoa/Chuvisco;Simples;Curva;Não;1;0;0;0;1;0;0;1;-29,10894598;-51,54542236;SPRF-RS;DEL06-RS;UOP01-DEL06-RS
508461;04/03/2023;sábado;16:10:00;RS;116;149,6;CAXIAS DO SUL;Chuva;Atropelamento de Pedestre;Com Vítimas Feridas;Pleno dia;Decrescente;Chuva;Dupla;Reta;Sim;2;0;1;0;1;0;1;2;-29,16432257;-51,15845919;SPRF-RS;DEL05-RS;UOP01-DEL05-RS
508504;04/03/2023;sábado;09:30:00;RS;116;120;SAO MARCOS;Acumulo de água sobre o pavimento;Saída de leito carroçável;Com Vítimas Feridas;Pleno dia;Decrescente;Garoa/Chuvisco;Simples;Curva;Não;3;0;1;1;1;0;2;1;-29,00061499;-51,07902288;SPRF-RS;DEL05-RS;UOP01-DEL05-RS
508674;05/03/2023;domingo;14:50:00;RS;116;157,8;CAXIAS DO SUL;Reação tardia ou ineficiente do condutor;Saída de leito carroçável;Sem Vítimas;Pleno dia;Crescente;Céu Claro;Simples;Curva;Não;2;0;0;0;2;0;0;1;-29,21548163;-51,1762476;SPRF-RS;DEL05-RS;UOP01-DEL05-RS
508703;05/03/2023;domingo;17:00:00;RS;470;200;BENTO GONCALVES;Acessar a via sem observar a presença dos outros veículos;Colisão transversal;Com Vítimas Feridas;Pleno dia;Decrescente;Céu Claro;Simples;"Curva;Interseção de Vias;Declive";Não;3;0;0;2;1;0;2;2;-29,06736768;-51,57996108;SPRF-RS;DEL06-RS;UOP02-DEL06-RS
508774;05/03/2023;domingo;23:10:00;RS;470;216;BENTO GONCALVES;Acesso irregular;Colisão com objeto;Sem Vítimas;Plena Noite;Crescente;Céu Claro;Simples;Reta;Sim;1;0;0;0;0;1;0;1;-29,15887096;-51,53142395;SPRF-RS;DEL06-RS;UOP01-DEL06-RS
509183;08/03/2023;quarta-feira;07:20:00;RS;470;175,6;VERANOPOLIS;Desrespeitar a preferência no cruzamento;Colisão transversal;Com Vítimas Feridas;Pleno dia;Crescente;Sol;Simples;"Reta;Interseção de Vias";Sim;2;0;1;0;1;0;1;2;-28,9269737;-51,54187292;SPRF-RS;DEL06-RS;UOP02-DEL06-RS
509223;08/03/2023;quarta-feira;12:50:00;RS;470;154;NOVA PRATA;Reação tardia ou ineficiente do condutor;Colisão traseira;Com Vítimas Feridas;Pleno dia;Decrescente;Céu Claro;Simples;Reta;Sim;4;0;2;0;2;0;2;4;-28,77711311;-51,61126545;SPRF-RS;DEL06-RS;UOP02-DEL06-RS
509427;09/03/2023;quinta-feira;08:15:00;RS;470;163;NOVA PRATA;Condutor deixou de manter distância do veículo da frente;Engavetamento;Sem Vítimas;Pleno dia;Decrescente;Céu Claro;Simples;"Reta;Em Obras";Não;3;0;0;0;3;0;0;3;-28,82755543;-51,58058532;SPRF-RS;DEL06-RS;UOP02-DEL06-RS
509876;11/03/2023;sábado;16:30:00;RS;470;161;NOVA PRATA;Frear bruscamente;Tombamento;Com Vítimas Feridas;Pleno dia;Crescente;Céu Claro;Simples;Reta;Não;1;0;1;0;0;0;1;1;-28,817015;-51,594917;SPRF-RS;DEL06-RS;UOP02-DEL06-RS
509879;11/03/2023;sábado;16:30:00;RS;116;149,7;CAXIAS DO SUL;Reação tardia ou ineficiente do condutor;Colisão lateral mesmo sentido;Sem Vítimas;Pleno dia;Crescente;Céu Claro;Dupla;Curva;Sim;2;0;0;0;2;0;0;2;-29,15996905;-51,15645292;SPRF-RS;DEL05-RS;UOP01-DEL05-RS
510039;12/03/2023;domingo;09:00:00;RS;116;195,2;PICADA CAFE;Reação tardia ou ineficiente do condutor;Saída de leito carroçável;Com Vítimas Feridas;Pleno dia;Crescente;Céu Claro;Simples;Curva;Sim;2;0;2;0;0;0;2;1;-29,460423;-51,139767;SPRF-RS;DEL05-RS;UOP02-DEL05-RS
510043;12/03/2023;domingo;09:45:00;RS;116;206;PICADA CAFE;Velocidade Incompatível;Tombamento;Com Vítimas Feridas;Pleno dia;Crescente;Céu Claro;Simples;Curva;Não;1;0;1;0;0;0;1;1;-29,49966726;-51,1306017;SPRF-RS;DEL05-RS;UOP02-DEL05-RS
510183;12/03/2023;domingo;22:50:00;RS;116;123,9;SAO MARCOS;Ausência de reação do condutor;Colisão com objeto;Sem Vítimas;Plena Noite;Crescente;Céu Claro;Simples;Reta;Sim;1;0;0;0;1;0;0;1;-29,01872689;-51,07577621;SPRF-RS;DEL05-RS;UOP01-DEL05-RS
510460;14/03/2023;terça-feira;09:45:00;RS;470;199;BENTO GONCALVES;Condutor deixou de manter distância do veículo da frente;Colisão traseira;Sem Vítimas;Pleno dia;Decrescente;Céu Claro;Simples;Curva;Não;2;0;0;0;2;0;0;2;-29,05370409;-51,59589806;SPRF-RS;DEL06-RS;UOP02-DEL06-RS
510489;13/01/2023;sexta-feira;12:00:00;RS;116;112,7;SAO MARCOS;Acesso irregular;Colisão transversal;Com Vítimas Feridas;Pleno dia;Crescente;Nublado;Simples;"Interseção de Vias;Reta";Sim;2;0;0;1;1;0;1;2;-28,9542778;-51,08099699;SPRF-RS;DEL05-RS;UOP01-DEL05-RS
510506;28/01/2023;sábado;11:05:00;RS;116;150,1;CAXIAS DO SUL;Condutor desrespeitou a iluminação vermelha do semáforo;Colisão transversal;Com Vítimas Feridas;Pleno dia;Decrescente;Céu Claro;Múltipla;Reta;Sim;2;0;0;1;1;0;1;2;-29,17025278;-51,15915656;SPRF-RS;DEL05-RS;UOP01-DEL05-RS
510537;14/03/2023;terça-feira;17:50:00;RS;116;150;CAXIAS DO SUL;Pedestre cruzava a pista fora da faixa;Atropelamento de Pedestre;Com Vítimas Feridas;Anoitecer;Decrescente;Céu Claro;Dupla;Reta;Sim;2;0;1;0;1;0;1;2;-29,16890376;-51,15836263;SPRF-RS;DEL05-RS;UOP01-DEL05-RS
510653;15/03/2023;quarta-feira;09:35:00;RS;470;195;BENTO GONCALVES;Ausência de reação do condutor;Saída de leito carroçável;Com Vítimas Feridas;Pleno dia;Decrescente;Nublado;Simples;Reta;Não;2;0;1;0;1;0;1;1;-29,05097073;-51,58205288;SPRF-RS;DEL06-RS;UOP02-DEL06-RS
511124;17/03/2023;sexta-feira;17:25:00;RS;470;216;BENTO GONCALVES;Desrespeitar a preferência no cruzamento;Colisão transversal;Com Vítimas Feridas;Pleno dia;Crescente;Céu Claro;Dupla;"Curva;Rotatória";Sim;2;0;1;0;1;0;1;2;-29,15887096;-51,53142395;SPRF-RS;DEL06-RS;UOP01-DEL06-RS
511321;18/03/2023;sábado;14:45:00;RS;116;192;PICADA CAFE;Reação tardia ou ineficiente do condutor;Colisão lateral sentido oposto;Com Vítimas Feridas;Pleno dia;Crescente;Céu Claro;Simples;Curva;Não;2;0;1;0;1;0;1;2;-29,43865204;-51,13538892;SPRF-RS;DEL05-RS;UOP02-DEL05-RS
511342;18/03/2023;sábado;15:00:00;RS;116;176,6;NOVA PETROPOLIS;Problema com o freio;Tombamento;Com Vítimas Feridas;Pleno dia;Crescente;Céu Claro;Simples;"Reta;Aclive";Não;1;0;1;0;0;0;1;1;-29,3440131;-51,15075502;SPRF-RS;DEL05-RS;UOP02-DEL05-RS
511423;19/03/2023;domingo;00:02:00;RS;116;150,2;CAXIAS DO SUL;Pedestre cruzava a pista fora da faixa;Atropelamento de Pedestre;Com Vítimas Feridas;Plena Noite;Decrescente;Céu Claro;Dupla;Reta;Sim;4;0;2;1;0;1;3;2;-29,17232312;-51,16028309;SPRF-RS;DEL05-RS;UOP01-DEL05-RS
511574;19/03/2023;domingo;17:15:00;RS;116;216,5;MORRO REUTER;Acessar a via sem observar a presença dos outros veículos;Colisão lateral mesmo sentido;Com Vítimas Feridas;Pleno dia;Decrescente;Céu Claro;Simples;Reta;Sim;2;0;1;0;1;0;1;2;-29,54001608;-51,07711676;SPRF-RS;DEL05-RS;UOP02-DEL05-RS
511668;20/03/2023;segunda-feira;03:00:00;RS;116;129,5;SAO MARCOS;Reação tardia ou ineficiente do condutor;Saída de leito carroçável;Com Vítimas Feridas;Plena Noite;Decrescente;Céu Claro;Simples;Curva;Sim;1;0;1;0;0;0;1;1;-29,03661379;-51,10112013;SPRF-RS;DEL05-RS;UOP01-DEL05-RS
512568;24/03/2023;sexta-feira;18:15:00;RS;116;158,1;CAXIAS DO SUL;Ingestão de substâncias psicoativas pelo condutor;Saída de leito carroçável;Sem Vítimas;Anoitecer;Crescente;Céu Claro;Simples;Curva;Não;1;0;0;0;1;0;0;1;-29,22015528;-51,16867117;SPRF-RS;DEL05-RS;UOP01-DEL05-RS
512731;25/03/2023;sábado;11:00:00;RS;116;205,5;PICADA CAFE;Reação tardia ou ineficiente do condutor;Saída de leito carroçável;Com Vítimas Feridas;Pleno dia;Crescente;Céu Claro;Simples;Curva;Não;1;0;1;0;0;0;1;1;-29,49979304;-51,13770408;SPRF-RS;DEL05-RS;UOP02-DEL05-RS
512822;25/03/2023;sábado;22:00:00;RS;470;157;NOVA PRATA;Ingestão de álcool pelo condutor;Saída de leito carroçável;Sem Vítimas;Plena Noite;Crescente;Chuva;Dupla;Curva;Não;2;0;0;0;2;0;0;1;-28,78196262;-51,61508918;SPRF-RS;DEL06-RS;UOP02-DEL06-RS
512897;26/03/2023;domingo;00:32:00;RS;470;232;CARLOS BARBOSA;Reação tardia ou ineficiente do condutor;Saída de leito carroçável;Sem Vítimas;Plena Noite;Crescente;Chuva;Simples;"Declive;Curva";Não;1;0;0;0;0;1;0;1;-29,23579206;-51,51193423;SPRF-RS;DEL06-RS;UOP01-DEL06-RS
512963;26/03/2023;domingo;15:15:00;RS;116;174;CAXIAS DO SUL;Ausência de reação do condutor;Colisão transversal;Sem Vítimas;Pleno dia;Decrescente;Céu Claro;Simples;Reta;Não;2;0;0;0;2;0;0;2;-29,33141698;-51,16362896;SPRF-RS;DEL05-RS;UOP02-DEL05-RS
513047;26/03/2023;domingo;19:10:00;RS;470;216;BENTO GONCALVES;Acessar a via sem observar a presença dos outros veículos;Colisão transversal;Com Vítimas Feridas;Plena Noite;Crescente;Céu Claro;Dupla;"Reta;Interseção de Vias";Sim;2;0;1;0;1;0;1;2;-29,15887096;-51,53142395;SPRF-RS;DEL06-RS;UOP01-DEL06-RS
513162;27/03/2023;segunda-feira;07:20:00;RS;470;253;SAO PEDRO DA SERRA;Acessar a via sem observar a presença dos outros veículos;Colisão transversal;Sem Vítimas;Pleno dia;Crescente;Céu Claro;Simples;"Interseção de Vias;Curva";Sim;2;0;0;0;2;0;0;2;-29,40056278;-51,50572009;SPRF-RS;DEL06-RS;UOP01-DEL06-RS
513388;28/03/2023;terça-feira;15:00:00;RS;470;245;BARAO;Acessar a via sem observar a presença dos outros veículos;Colisão transversal;Com Vítimas Feridas;Pleno dia;Crescente;Céu Claro;Simples;Reta;Não;2;0;0;1;1;0;1;2;-29,36751735;-51,51081606;SPRF-RS;DEL06-RS;UOP01-DEL06-RS
513558;29/03/2023;quarta-feira;13:05:00;RS;116;148,3;CAXIAS DO SUL;Reação tardia ou ineficiente do condutor;Colisão com objeto;Com Vítimas Feridas;Pleno dia;Crescente;Céu Claro;Dupla;Curva;Sim;1;0;0;1;0;0;1;1;-29,15782049;-51,15170002;SPRF-RS;DEL05-RS;UOP01-DEL05-RS
513741;30/03/2023;quinta-feira;14:00:00;RS;470;184;VERANOPOLIS;Conversão proibida;Colisão transversal;Com Vítimas Feridas;Pleno dia;Crescente;Nublado;Simples;Reta;Sim;2;0;1;0;1;0;1;2;-28,98103995;-51,56650172;SPRF-RS;DEL06-RS;UOP02-DEL06-RS
513890;31/03/2023;sexta-feira;12:45:00;RS;470;226,8;GARIBALDI;Acesso irregular;Colisão transversal;Com Vítimas Feridas;Pleno dia;Crescente;Céu Claro;Simples;"Declive;Curva";Sim;4;0;1;0;3;0;1;2;-29,254311;-51,511361;SPRF-RS;DEL06-RS;UOP01-DEL06-RS
513979;31/03/2023;sexta-feira;16:50:00;RS;116;150,2;CAXIAS DO SUL;Manobra de mudança de faixa;Colisão lateral mesmo sentido;Sem Vítimas;Pleno dia;Decrescente;Céu Claro;Múltipla;Interseção de Vias;Sim;2;0;0;0;2;0;0;2;-29,17111846;-51,15977883;SPRF-RS;DEL05-RS;UOP01-DEL05-RS
514128;31/03/2023;sexta-feira;23:09:00;RS;470;209;BENTO GONCALVES;Reação tardia ou ineficiente do condutor;Saída de leito carroçável;Sem Vítimas;Plena Noite;Decrescente;Garoa/Chuvisco;Simples;Curva;Não;1;0;0;0;0;1;0;1;-29,10894598;-51,54542236;SPRF-RS;DEL06-RS;UOP01-DEL06-RS
514219;01/04/2023;sábado;12:05:00;RS;116;174,2;CAXIAS DO SUL;Transitar na contramão;Colisão lateral mesmo sentido;Com Vítimas Feridas;Pleno dia;Crescente;Céu Claro;Simples;Curva;Não;8;0;1;2;5;0;3;3;-29,33007052;-51,16431713;SPRF-RS;DEL05-RS;UOP02-DEL05-RS
514279;02/04/2023;domingo;04:15:00;RS;116;152;CAXIAS DO SUL;Ingestão de álcool pelo condutor;Saída de leito carroçável;Sem Vítimas;Plena Noite;Decrescente;Céu Claro;Simples;Curva;Sim;1;0;0;0;1;0;0;1;-29,1829343;-51,16801501;SPRF-RS;DEL05-RS;UOP01-DEL05-RS
514326;02/04/2023;domingo;10:15:00;RS;116;189,2;NOVA PETROPOLIS;Avarias e/ou desgaste excessivo no pneu;Tombamento;Com Vítimas Feridas;Pleno dia;Crescente;Céu Claro;Simples;Curva;Sim;2;0;2;0;0;0;2;1;-29,41439425;-51,12826171;SPRF-RS;DEL05-RS;UOP02-DEL05-RS
514460;02/04/2023;domingo;11:00:00;RS;116;203;PICADA CAFE;Velocidade Incompatível;Tombamento;Com Vítimas Feridas;Pleno dia;Crescente;Céu Claro;Simples;Curva;Não;2;0;2;0;0;0;2;1;-29,49113279;-51,14998489;SPRF-RS;DEL05-RS;UOP02-DEL05-RS
515163;06/04/2023;quinta-feira;13:30:00;RS;470;227;GARIBALDI;Ausência de reação do condutor;Colisão com objeto;Com Vítimas Feridas;Pleno dia;Decrescente;Chuva;Dupla;Curva;Sim;4;0;2;0;2;0;2;1;-29,21657705;-51,51722624;SPRF-RS;DEL06-RS;UOP01-DEL06-RS
515253;06/04/2023;quinta-feira;18:20:00;RS;116;146,6;CAXIAS DO SUL;Reação tardia ou ineficiente do condutor;Atropelamento de Pedestre;Com Vítimas Feridas;Anoitecer;Crescente;Céu Claro;Dupla;Declive;Sim;3;0;1;0;1;1;1;2;-29,14228897;-51,13622202;SPRF-RS;DEL05-RS;UOP01-DEL05-RS
515344;07/04/2023;sexta-feira;07:15:00;RS;116;150,1;CAXIAS DO SUL;Manobra de mudança de faixa;Colisão lateral mesmo sentido;Sem Vítimas;Pleno dia;Decrescente;Céu Claro;Dupla;Reta;Sim;3;0;0;0;3;0;0;2;-29,16998111;-51,15900636;SPRF-RS;DEL05-RS;UOP01-DEL05-RS
515491;07/04/2023;sexta-feira;21:05:00;RS;116;149,1;CAXIAS DO SUL;Ingestão de álcool pelo condutor;Colisão transversal;Sem Vítimas;Plena Noite;Crescente;Garoa/Chuvisco;Dupla;Interseção de Vias;Sim;2;0;0;0;2;0;0;2;-29,15996905;-51,15645292;SPRF-RS;DEL05-RS;UOP01-DEL05-RS
515524;08/04/2023;sábado;02:40:00;RS;116;142,9;CAXIAS DO SUL;Reação tardia ou ineficiente do condutor;Colisão com objeto;Com Vítimas Feridas;Plena Noite;Crescente;Garoa/Chuvisco;Dupla;Reta;Não;1;0;1;0;0;0;1;1;-29,11727;-51,115208;SPRF-RS;DEL05-RS;UOP01-DEL05-RS
515577;08/04/2023;sábado;08:15:00;RS;116;149,9;CAXIAS DO SUL;Ingestão de álcool pelo condutor;Colisão traseira;Sem Vítimas;Pleno dia;Crescente;Céu Claro;Dupla;Reta;Sim;3;0;0;0;3;0;0;3;-29,15996905;-51,15645292;SPRF-RS;DEL05-RS;UOP01-DEL05-RS
515650;08/04/2023;sábado;19:40:00;RS;470;218,8;BENTO GONCALVES;Velocidade Incompatível;Colisão frontal;Com Vítimas Feridas;Pleno dia;Decrescente;Céu Claro;Simples;"Declive;Curva";Não;5;0;1;0;4;0;1;4;-29,17292214;-51,52424936;SPRF-RS;DEL06-RS;UOP01-DEL06-RS
516308;11/04/2023;terça-feira;18:00:00;RS;470;177;VERANOPOLIS;Acessar a via sem observar a presença dos outros veículos;Colisão transversal;Sem Vítimas;Anoitecer;Crescente;Céu Claro;Simples;"Reta;Interseção de Vias";Sim;2;0;0;0;2;0;0;2;-28,93915139;-51,54591976;SPRF-RS;DEL06-RS;UOP02-DEL06-RS
516422;12/04/2023;quarta-feira;15:55:00;RS;116;152;CAXIAS DO SUL;Acessar a via sem observar a presença dos outros veículos;Colisão transversal;Com Vítimas Feridas;Pleno dia;Decrescente;Céu Claro;Dupla;"Curva;Interseção de Vias";Sim;2;0;1;0;1;0;1;2;-29,18069774;-51,1638236;SPRF-RS;DEL05-RS;UOP01-DEL05-RS
516655;13/04/2023;quinta-feira;19:00:00;RS;116;150;CAXIAS DO SUL;Acessar a via sem observar a presença dos outros veículos;Atropelamento de Pedestre;Com Vítimas Feridas;Plena Noite;Crescente;Chuva;Múltipla;Reta;Sim;2;0;0;1;1;0;1;2;-29,168428;-51,158337;SPRF-RS;DEL05-RS;UOP01-DEL05-RS
516901;15/04/2023;sábado;00:40:00;RS;470;205;BENTO GONCALVES;Ausência de reação do condutor;Saída de leito carroçável;Com Vítimas Feridas;Plena Noite;Decrescente;Garoa/Chuvisco;Simples;Curva;Não;2;0;1;0;1;0;1;1;-29,09442829;-51,55048978;SPRF-RS;DEL06-RS;UOP01-DEL06-RS
516939;15/04/2023;sábado;07:00:00;RS;470;221;GARIBALDI;Ausência de reação do condutor;Colisão traseira;Sem Vítimas;Pleno dia;Decrescente;Nublado;Simples;Reta;Sim;2;0;0;0;2;0;0;2;-29,19516365;-51,51950463;SPRF-RS;DEL06-RS;UOP01-DEL06-RS
516989;15/04/2023;sábado;14:15:00;RS;470;218,5;BENTO GONCALVES;Manobra de mudança de faixa;Colisão lateral mesmo sentido;Com Vítimas Feridas;Pleno dia;Decrescente;Garoa/Chuvisco;Simples;"Curva;Aclive";Não;3;0;1;0;2;0;1;2;-29,18532504;-51,52124405;SPRF-RS;DEL06-RS;UOP01-DEL06-RS
516990;15/04/2023;sábado;14:45:00;RS;470;219;BENTO GONCALVES;Reação tardia ou ineficiente do condutor;Colisão traseira;Sem Vítimas;Pleno dia;Decrescente;Garoa/Chuvisco;Dupla;Curva;Sim;2;0;0;0;2;0;0;2;-29,17909489;-51,51855675;SPRF-RS;DEL06-RS;UOP01-DEL06-RS
517018;15/04/2023;sábado;16:25:00;RS;116;134,3;CAXIAS DO SUL;Demais falhas mecânicas ou elétricas;Colisão frontal;Com Vítimas Feridas;Pleno dia;Crescente;Garoa/Chuvisco;Simples;Curva;Não;6;0;4;0;2;0;4;2;-29,06329012;-51,09842716;SPRF-RS;DEL05-RS;UOP01-DEL05-RS
517244;16/04/2023;domingo;19:10:00;RS;116;137;CAXIAS DO SUL;Ingestão de álcool pelo condutor;Saída de leito carroçável;Sem Vítimas;Plena Noite;Decrescente;Garoa/Chuvisco;Simples;Reta;Não;1;0;0;0;1;0;0;1;-29,08114701;-51,11228512;SPRF-RS;DEL05-RS;UOP01-DEL05-RS
517503;17/04/2023;segunda-feira;18:00:00;RS;116;151,7;CAXIAS DO SUL;Acessar a via sem observar a presença dos outros veículos;Colisão transversal;Com Vítimas Feridas;Plena Noite;Crescente;Garoa/Chuvisco;Dupla;Interseção de Vias;Não;2;0;1;0;1;0;1;2;-29,17694502;-51,16173896;SPRF-RS;DEL05-RS;UOP01-DEL05-RS
517896;19/04/2023;quarta-feira;19:15:00;RS;0;0;CAXIAS DO SUL;Ingestão de álcool pelo condutor;Colisão com objeto;Sem Vítimas;Plena Noite;Não Informado;Nublado;Simples;Curva;Sim;4;0;0;0;4;0;0;2;-29,116143;-51,120716;SPRF-RS;DEL05-RS;UOP01-DEL05-RS
517970;20/04/2023;quinta-feira;07:25:00;RS;116;179,8;NOVA PETROPOLIS;Acumulo de areia ou detritos sobre o pavimento;Queda de ocupante de veículo;Com Vítimas Feridas;Pleno dia;Crescente;Céu Claro;Simples;Curva;Não;1;0;1;0;0;0;1;1;-29,35649933;-51,12984938;SPRF-RS;DEL05-RS;UOP02-DEL05-RS
518009;20/04/2023;quinta-feira;12:20:00;RS;470;155;NOVA PRATA;Acessar a via sem observar a presença dos outros veículos;Colisão transversal;Sem Vítimas;Pleno dia;Decrescente;Céu Claro;Simples;Reta;Não;2;0;0;0;2;0;0;2;-28,78243906;-51,61511825;SPRF-RS;DEL06-RS;UOP02-DEL06-RS
518027;20/04/2023;quinta-feira;15:05:00;RS;116;144,7;CAXIAS DO SUL;Manobra de mudança de faixa;Colisão traseira;Com Vítimas Feridas;Pleno dia;Crescente;Sol;Dupla;Reta;Sim;2;0;1;0;1;0;1;2;-29,1267449;-51,12768983;SPRF-RS;DEL05-RS;UOP01-DEL05-RS
518301;21/04/2023;sexta-feira;17:10:00;RS;116;154,9;CAXIAS DO SUL;Reação tardia ou ineficiente do condutor;Tombamento;Com Vítimas Feridas;Pleno dia;Crescente;Céu Claro;Simples;"Curva;Aclive";Não;2;0;2;0;0;0;2;1;-29,19074818;-51,18073734;SPRF-RS;DEL05-RS;UOP01-DEL05-RS
518514;22/04/2023;sábado;18:00:00;RS;116;169,1;CAXIAS DO SUL;Manobra de mudança de faixa;Colisão lateral mesmo sentido;Com Vítimas Feridas;Anoitecer;Decrescente;Céu Claro;Simples;Reta;Não;2;0;1;0;1;0;1;2;-29,29184483;-51,16242886;SPRF-RS;DEL05-RS;UOP02-DEL05-RS
518528;22/04/2023;sábado;17:30:00;RS;116;215;MORRO REUTER;Acessar a via sem observar a presença dos outros veículos;Colisão transversal;Com Vítimas Feridas;Pleno dia;Decrescente;Sol;Simples;Curva;Não;2;0;0;1;1;0;1;2;-29,53371734;-51,08616829;SPRF-RS;DEL05-RS;UOP02-DEL05-RS
518639;23/04/2023;domingo;09:40:00;RS;470;215;BENTO GONCALVES;Frear bruscamente;Tombamento;Com Vítimas Feridas;Pleno dia;Crescente;Céu Claro;Simples;Reta;Sim;1;0;1;0;0;0;1;1;-29,150635;-51,530241;SPRF-RS;DEL06-RS;UOP01-DEL06-RS
518806;23/04/2023;domingo;19:30:00;RS;470;170;VILA FLORES;Acessar a via sem observar a presença dos outros veículos;Colisão frontal;Com Vítimas Feridas;Plena Noite;Crescente;Céu Claro;Simples;Reta;Sim;3;0;1;0;2;0;1;2;-28,87243764;-51,55049156;SPRF-RS;DEL06-RS;UOP02-DEL06-RS
518849;24/04/2023;segunda-feira;09:00:00;RS;116;144;CAXIAS DO SUL;Reação tardia ou ineficiente do condutor;Tombamento;Com Vítimas Feridas;Pleno dia;Crescente;Céu Claro;Dupla;Curva;Sim;2;0;1;0;0;1;1;2;-29,1267449;-51,12768983;SPRF-RS;DEL05-RS;UOP01-DEL05-RS
519207;25/04/2023;terça-feira;17:55:00;RS;116;148,5;CAXIAS DO SUL;Reação tardia ou ineficiente do condutor;Atropelamento de Pedestre;Com Vítimas Feridas;Anoitecer;Crescente;Céu Claro;Dupla;"Aclive;Reta";Sim;2;0;1;0;1;0;1;2;-29,15444539;-51,15101681;SPRF-RS;DEL05-RS;UOP01-DEL05-RS
519232;26/04/2023;quarta-feira;02:00:00;RS;116;150;CAXIAS DO SUL;Ausência de reação do condutor;Colisão com objeto;Sem Vítimas;Plena Noite;Crescente;Nublado;Dupla;"Declive;Curva";Sim;1;0;0;0;1;0;0;1;-29,168428;-51,158337;SPRF-RS;DEL05-RS;UOP01-DEL05-RS
519242;26/04/2023;quarta-feira;06:25:00;RS;116;148,5;CAXIAS DO SUL;Reação tardia ou ineficiente do condutor;Atropelamento de Pedestre;Com Vítimas Feridas;Amanhecer;Crescente;Chuva;Dupla;"Declive;Reta";Sim;2;0;1;0;1;0;1;2;-29,15444539;-51,15101681;SPRF-RS;DEL05-RS;UOP01-DEL05-RS
519288;26/04/2023;quarta-feira;09:50:00;RS;116;147,3;CAXIAS DO SUL;Condutor desrespeitou a iluminação vermelha do semáforo;Colisão transversal;Sem Vítimas;Pleno dia;Decrescente;Garoa/Chuvisco;Dupla;"Reta;Interseção de Vias";Sim;3;0;0;0;3;0;0;2;-29,14908014;-51,1429969;SPRF-RS;DEL05-RS;UOP01-DEL05-RS
519367;26/04/2023;quarta-feira;18:50:00;RS;116;151,7;CAXIAS DO SUL;Manobra de mudança de faixa;Colisão lateral mesmo sentido;Com Vítimas Feridas;Plena Noite;Decrescente;Garoa/Chuvisco;Dupla;Curva;Sim;2;0;1;0;1;0;1;2;-29,17694502;-51,16173896;SPRF-RS;DEL05-RS;UOP01-DEL05-RS
519608;27/04/2023;quinta-feira;17:15:00;RS;470;220;BENTO GONCALVES;Reação tardia ou ineficiente do condutor;Colisão traseira;Com Vítimas Feridas;Pleno dia;Decrescente;Céu Claro;Simples;"Em Obras;Declive;Reta";Sim;3;0;1;0;2;0;1;2;-29,18739172;-51,52056521;SPRF-RS;DEL06-RS;UOP01-DEL06-RS
519610;27/04/2023;quinta-feira;19:30:00;RS;470;158;NOVA PRATA;Transitar na contramão;Colisão frontal;Com Vítimas Feridas;Plena Noite;Decrescente;Céu Claro;Simples;Curva;Sim;2;0;0;2;0;0;2;2;-28,80000398;-51,61054097;SPRF-RS;DEL06-RS;UOP02-DEL06-RS
519701;28/04/2023;sexta-feira;12:00:00;RS;470;175;VERANOPOLIS;Transitar na contramão;Colisão frontal;Com Vítimas Feridas;Pleno dia;Crescente;Céu Claro;Simples;Reta;Sim;4;0;1;0;1;2;1;3;-28,91926201;-51,53914905;SPRF-RS;DEL06-RS;UOP02-DEL06-RS
519740;28/04/2023;sexta-feira;15:30:00;RS;470;159;NOVA PRATA;Desrespeitar a preferência no cruzamento;Colisão transversal;Com Vítimas Feridas;Pleno dia;Crescente;Céu Claro;Simples;"Interseção de Vias;Reta";Sim;3;0;1;0;1;1;1;3;-28,80586721;-51,60682934;SPRF-RS;DEL06-RS;UOP02-DEL06-RS
519879;29/04/2023;sábado;01:00:00;RS;116;166;CAXIAS DO SUL;Ausência de reação do condutor;Queda de ocupante de veículo;Com Vítimas Feridas;Plena Noite;Crescente;Céu Claro;Simples;Reta;Não;1;0;0;1;0;0;1;1;-29,26709501;-51,15960601;SPRF-RS;DEL05-RS;UOP02-DEL05-RS
520053;29/04/2023;sábado;18:45:00;RS;116;145,3;CAXIAS DO SUL;Pedestre cruzava a pista fora da faixa;Atropelamento de Pedestre;Com Vítimas Feridas;Plena Noite;Decrescente;Céu Claro;Dupla;Reta;Sim;2;0;2;0;0;0;2;2;-29,1384992;-51,13251686;SPRF-RS;DEL05-RS;UOP01-DEL05-RS
520140;30/04/2023;domingo;04:50:00;RS;116;118,3;SAO MARCOS;Ausência de reação do condutor;Colisão com objeto;Com Vítimas Feridas;Plena Noite;Crescente;Nublado;Simples;"Reta;Declive";Não;1;0;1;0;0;0;1;1;-28,992292;-51,068749;SPRF-RS;DEL05-RS;UOP01-DEL05-RS
520184;30/04/2023;domingo;11:15:00;RS;116;151;CAXIAS DO SUL;Velocidade Incompatível;Colisão lateral mesmo sentido;Com Vítimas Feridas;Pleno dia;Decrescente;Céu Claro;Dupla;Curva;Sim;2;0;0;1;1;0;1;2;-29,17694502;-51,16173896;SPRF-RS;DEL05-RS;UOP01-DEL05-RS
520198;30/04/2023;domingo;14:35:00;RS;116;148;CAXIAS DO SUL;Velocidade Incompatível;Tombamento;Com Vítimas Feridas;Pleno dia;Decrescente;Sol;Dupla;Curva;Não;1;0;1;0;0;0;1;1;-29,15444539;-51,15101681;SPRF-RS;DEL05-RS;UOP01-DEL05-RS
520209;30/04/2023;domingo;10:30:00;RS;116;207,8;PICADA CAFE;Reação tardia ou ineficiente do condutor;Colisão traseira;Com Vítimas Feridas;Pleno dia;Decrescente;Céu Claro;Simples;"Declive;Curva";Não;3;0;1;0;1;1;1;3;-29,49944247;-51,12184894;SPRF-RS;DEL05-RS;UOP02-DEL05-RS
520277;30/04/2023;domingo;19:25:00;RS;470;178;VERANOPOLIS;Ausência de reação do condutor;Colisão traseira;Com Vítimas Feridas;Plena Noite;Decrescente;Céu Claro;Simples;Interseção de Vias;Sim;2;0;1;0;0;1;1;2;-28,94520879;-51,55207872;SPRF-RS;DEL06-RS;UOP02-DEL06-RS
520310;01/05/2023;segunda-feira;00:30:00;RS;116;157;CAXIAS DO SUL;Velocidade Incompatível;Capotamento;Sem Vítimas;Plena Noite;Decrescente;Céu Claro;Simples;"Curva;Aclive";Sim;1;0;0;0;1;0;0;1;-29,21503981;-51,17675573;SPRF-RS;DEL05-RS;UOP01-DEL05-RS
520642;22/04/2023;sábado;18:00:00;RS;116;114,9;SAO MARCOS;Reação tardia ou ineficiente do condutor;Colisão transversal;Com Vítimas Feridas;Anoitecer;Decrescente;Céu Claro;Simples;"Rotatória;Interseção de Vias";Sim;2;0;1;0;1;0;1;2;-28,97000117;-51,07130885;SPRF-RS;DEL05-RS;UOP01-DEL05-RS
521018;04/05/2023;quinta-feira;17:30:00;RS;470;207;BENTO GONCALVES;Chuva;Colisão transversal;Com Vítimas Feridas;Anoitecer;Crescente;Chuva;Simples;"Rotatória;Reta";Não;2;0;1;0;1;0;1;2;-29,09490791;-51,54890598;SPRF-RS;DEL06-RS;UOP01-DEL06-RS
521031;04/05/2023;quinta-feira;17:30:00;RS;470;217;BENTO GONCALVES;Reação tardia ou ineficiente do condutor;Colisão traseira;Com Vítimas Feridas;Plena Noite;Decrescente;Chuva;Simples;Reta;Sim;3;0;1;0;2;0;1;2;-29,16462512;-51,52551964;SPRF-RS;DEL06-RS;UOP01-DEL06-RS
521043;04/05/2023;quinta-feira;21:00:00;RS;116;143;CAXIAS DO SUL;Velocidade Incompatível;Colisão traseira;Sem Vítimas;Plena Noite;Crescente;Chuva;Dupla;Reta;Sim;3;0;0;0;3;0;0;3;-29,1201739;-51,12260651;SPRF-RS;DEL05-RS;UOP01-DEL05-RS
521054;04/05/2023;quinta-feira;18:00:00;RS;116;148,5;CAXIAS DO SUL;Reação tardia ou ineficiente do condutor;Colisão traseira;Com Vítimas Feridas;Anoitecer;Decrescente;Chuva;Dupla;Curva;Sim;2;0;0;1;1;0;1;2;-29,1584445;-51,15437376;SPRF-RS;DEL05-RS;UOP01-DEL05-RS
521139;03/03/2023;sexta-feira;07:20:00;RS;470;216;BENTO GONCALVES;Acessar a via sem observar a presença dos outros veículos;Colisão transversal;Com Vítimas Feridas;Pleno dia;Crescente;Nublado;Simples;Curva;Sim;2;0;1;0;1;0;1;2;-29,15887096;-51,53142395;SPRF-RS;DEL06-RS;UOP01-DEL06-RS
521335;06/05/2023;sábado;04:40:00;RS;470;239;CARLOS BARBOSA;Ausência de reação do condutor;Saída de leito carroçável;Sem Vítimas;Plena Noite;Crescente;Garoa/Chuvisco;Simples;Curva;Sim;2;0;0;0;2;0;0;1;-29,33245195;-51,49967406;SPRF-RS;DEL06-RS;UOP01-DEL06-RS
521336;06/05/2023;sábado;07:55:00;RS;116;143,8;CAXIAS DO SUL;Velocidade Incompatível;Capotamento;Com Vítimas Feridas;Pleno dia;Decrescente;Nublado;Dupla;Curva;Sim;1;0;1;0;0;0;1;1;-29,11936173;-51,12251759;SPRF-RS;DEL05-RS;UOP01-DEL05-RS
521567;07/05/2023;domingo;09:30:00;RS;470;224;GARIBALDI;Pista esburacada;Queda de ocupante de veículo;Com Vítimas Feridas;Pleno dia;Crescente;Nublado;Simples;Reta;Não;2;0;2;0;0;0;2;1;-29,21351804;-51,51780626;SPRF-RS;DEL06-RS;UOP01-DEL06-RS
521729;08/05/2023;segunda-feira;05:40:00;RS;116;179;NOVA PETROPOLIS;Ausência de reação do condutor;Colisão lateral sentido oposto;Com Vítimas Feridas;Amanhecer;Decrescente;Chuva;Simples;Curva;Não;1;0;1;0;0;0;1;1;-29,35649933;-51,12984938;SPRF-RS;DEL05-RS;UOP02-DEL05-RS
521770;08/05/2023;segunda-feira;10:45:00;RS;116;142;CAXIAS DO SUL;Curva acentuada;Colisão com objeto;Com Vítimas Feridas;Pleno dia;Decrescente;Garoa/Chuvisco;Dupla;Curva;Sim;1;0;1;0;0;0;1;1;-29,11727;-51,115208;SPRF-RS;DEL05-RS;UOP01-DEL05-RS
522092;10/05/2023;quarta-feira;07:15:00;RS;116;143,6;CAXIAS DO SUL;Manobra de mudança de faixa;Colisão lateral mesmo sentido;Com Vítimas Feridas;Pleno dia;Crescente;Céu Claro;Dupla;Reta;Sim;2;0;1;0;1;0;1;2;-29,1225644;-51,12289494;SPRF-RS;DEL05-RS;UOP01-DEL05-RS
522459;12/05/2023;sexta-feira;01:15:00;RS;470;195;BENTO GONCALVES;Reação tardia ou ineficiente do condutor;Saída de leito carroçável;Sem Vítimas;Plena Noite;Decrescente;Garoa/Chuvisco;Simples;"Reta;Declive";Não;1;0;0;0;0;1;0;1;-29,0566824;-51,58917904;SPRF-RS;DEL06-RS;UOP02-DEL06-RS
522942;14/05/2023;domingo;02:30:00;RS;116;160,2;CAXIAS DO SUL;Reação tardia ou ineficiente do condutor;Colisão frontal;Sem Vítimas;Plena Noite;Crescente;Céu Claro;Simples;Curva;Sim;2;0;0;0;0;2;0;2;-29,233668;-51,157359;SPRF-RS;DEL05-RS;UOP01-DEL05-RS
523063;14/05/2023;domingo;18:00:00;RS;470;239;CARLOS BARBOSA;Conversão proibida;Colisão transversal;Com Vítimas Feridas;Plena Noite;Crescente;Céu Claro;Simples;Reta;Sim;2;0;1;0;1;0;1;2;-29,3441056;-51,5086361;SPRF-RS;DEL06-RS;UOP01-DEL06-RS
523067;14/05/2023;domingo;18:15:00;RS;470;251;SAO PEDRO DA SERRA;Acessar a via sem observar a presença dos outros veículos;Colisão transversal;Com Vítimas Feridas;Plena Noite;Crescente;Céu Claro;Simples;Reta;Não;3;0;1;0;2;0;1;2;-29,380542;-51,494336;SPRF-RS;DEL06-RS;UOP01-DEL06-RS
523121;14/05/2023;domingo;20:42:00;RS;470;229;CARLOS BARBOSA;Reação tardia ou ineficiente do condutor;Colisão com objeto;Com Vítimas Feridas;Plena Noite;Decrescente;Céu Claro;Simples;Viaduto;Sim;5;0;5;0;0;0;5;1;-29,27845316;-51,49266427;SPRF-RS;DEL06-RS;UOP01-DEL06-RS
523268;15/05/2023;segunda-feira;11:40:00;RS;470;168,9;VILA FLORES;Acessar a via sem observar a presença dos outros veículos;Colisão traseira;Com Vítimas Feridas;Pleno dia;Crescente;Céu Claro;Simples;Reta;Sim;2;0;1;0;1;0;1;2;-28,869694;-51,55140817;SPRF-RS;DEL06-RS;UOP02-DEL06-RS
523552;17/05/2023;quarta-feira;06:05:00;RS;116;155,8;CAXIAS DO SUL;Reação tardia ou ineficiente do condutor;Colisão lateral mesmo sentido;Com Vítimas Feridas;Amanhecer;Decrescente;Céu Claro;Dupla;Reta;Sim;2;0;1;0;1;0;1;2;-29,20436593;-51,17704153;SPRF-RS;DEL05-RS;UOP01-DEL05-RS
523889;18/05/2023;quinta-feira;18:10:00;RS;116;196;PICADA CAFE;Ausência de reação do condutor;Atropelamento de Pedestre;Com Vítimas Feridas;Plena Noite;Crescente;Céu Claro;Simples;Reta;Não;2;0;0;1;1;0;1;2;-29,46516935;-51,14805283;SPRF-RS;DEL05-RS;UOP02-DEL05-RS
524265;20/05/2023;sábado;16:45:00;RS;470;216;BENTO GONCALVES;Acessar a via sem observar a presença dos outros veículos;Colisão lateral mesmo sentido;Sem Vítimas;Pleno dia;Decrescente;Céu Claro;Dupla;Reta;Sim;3;0;0;0;3;0;0;2;-29,15887096;-51,53142395;SPRF-RS;DEL06-RS;UOP01-DEL06-RS
524325;20/05/2023;sábado;19:31:00;RS;116;155,3;CAXIAS DO SUL;Reação tardia ou ineficiente do condutor;Colisão transversal;Sem Vítimas;Plena Noite;Decrescente;Céu Claro;Simples;"Curva;Aclive";Sim;4;0;0;0;4;0;0;2;-29,19873129;-51,17629631;SPRF-RS;DEL05-RS;UOP01-DEL05-RS
524718;22/05/2023;segunda-feira;18:00:00;RS;470;223;GARIBALDI;Acessar a via sem observar a presença dos outros veículos;Colisão transversal;Com Vítimas Feridas;Pleno dia;Decrescente;Céu Claro;Simples;Reta;Não;4;0;2;0;2;0;2;2;-29,21249203;-51,51794436;SPRF-RS;DEL06-RS;UOP01-DEL06-RS
525225;25/05/2023;quinta-feira;11:15:00;RS;470;171;VERANOPOLIS;Acessar a via sem observar a presença dos outros veículos;Colisão transversal;Com Vítimas Feridas;Pleno dia;Decrescente;Céu Claro;Simples;"Retorno Regulamentado;Reta";Sim;4;0;3;0;1;0;3;2;-28,88090703;-51,5484283;SPRF-RS;DEL06-RS;UOP02-DEL06-RS
525227;25/05/2023;quinta-feira;14:00:00;RS;470;222;BENTO GONCALVES;Reação tardia ou ineficiente do condutor;Colisão traseira;Sem Vítimas;Pleno dia;Decrescente;Céu Claro;Simples;Reta;Sim;2;0;0;0;2;0;0;2;-29,20372835;-51,51786908;SPRF-RS;DEL06-RS;UOP01-DEL06-RS
525278;25/05/2023;quinta-feira;17:40:00;RS;470;225;GARIBALDI;Acessar a via sem observar a presença dos outros veículos;Colisão transversal;Com Vítimas Feridas;Anoitecer;Crescente;Céu Claro;Simples;"Reta;Retorno Regulamentado";Não;2;0;0;1;1;0;1;2;-29,24297729;-51,51729047;SPRF-RS;DEL06-RS;UOP01-DEL06-RS
525428;26/05/2023;sexta-feira;13:15:00;RS;470;176;VERANOPOLIS;Acessar a via sem observar a presença dos outros veículos;Colisão transversal;Com Vítimas Feridas;Pleno dia;Crescente;Céu Claro;Dupla;Rotatória;Sim;2;0;1;0;1;0;1;2;-28,929109;-51,54315;SPRF-RS;DEL06-RS;UOP02-DEL06-RS
525730;27/05/2023;sábado;20:00:00;RS;470;218,8;BENTO GONCALVES;Ingestão de álcool pelo condutor;Saída de leito carroçável;Com Vítimas Feridas;Plena Noite;Decrescente;Garoa/Chuvisco;Simples;"Curva;Aclive";Não;2;0;2;0;0;0;2;1;-29,1882606;-51,52187705;SPRF-RS;DEL06-RS;UOP01-DEL06-RS
525903;28/05/2023;domingo;15:20:00;RS;116;216,7;MORRO REUTER;Ausência de reação do condutor;Saída de leito carroçável;Com Vítimas Feridas;Pleno dia;Decrescente;Garoa/Chuvisco;Simples;Curva;Não;2;0;2;0;0;0;2;1;-29,54001608;-51,07711676;SPRF-RS;DEL05-RS;UOP02-DEL05-RS
526358;30/05/2023;terça-feira;21:00:00;RS;470;213;BENTO GONCALVES;Acessar a via sem observar a presença dos outros veículos;Queda de ocupante de veículo;Com Vítimas Feridas;Anoitecer;Crescente;Céu Claro;Simples;Curva;Sim;2;0;1;0;1;0;1;2;-29,138703;-51,542708;SPRF-RS;DEL06-RS;UOP01-DEL06-RS
526468;31/05/2023;quarta-feira;13:10:00;RS;116;142;CAXIAS DO SUL;Condutor desrespeitou a iluminação vermelha do semáforo;Colisão transversal;Com Vítimas Feridas;Pleno dia;Decrescente;Céu Claro;Dupla;"Interseção de Vias;Reta";Não;3;0;2;0;1;0;2;2;-29,11727;-51,115208;SPRF-RS;DEL05-RS;UOP01-DEL05-RS
526567;31/05/2023;quarta-feira;19:25:00;RS;116;147;CAXIAS DO SUL;Reação tardia ou ineficiente do condutor;Colisão com objeto;Com Vítimas Feridas;Plena Noite;Crescente;Céu Claro;Dupla;Reta;Sim;2;0;1;0;0;1;1;1;-29,14908014;-51,1429969;SPRF-RS;DEL05-RS;UOP01-DEL05-RS
526702;01/06/2023;quinta-feira;18:15:00;RS;470;217;BENTO GONCALVES;Acessar a via sem observar a presença dos outros veículos;Colisão transversal;Com Vítimas Feridas;Plena Noite;Decrescente;Céu Claro;Simples;Interseção de Vias;Sim;2;0;1;0;1;0;1;2;-29,16462512;-51,52551964;SPRF-RS;DEL06-RS;UOP01-DEL06-RS
527132;03/06/2023;sábado;15:55:00;RS;116;154,4;CAXIAS DO SUL;Acessar a via sem observar a presença dos outros veículos;Colisão lateral mesmo sentido;Sem Vítimas;Pleno dia;Crescente;Céu Claro;Simples;Reta;Sim;2;0;0;0;2;0;0;2;-29,19384845;-51,17961645;SPRF-RS;DEL05-RS;UOP01-DEL05-RS
527135;03/06/2023;sábado;15:45:00;RS;470;227,9;GARIBALDI;Acumulo de areia ou detritos sobre o pavimento;Queda de ocupante de veículo;Com Vítimas Feridas;Pleno dia;Decrescente;Céu Claro;Simples;Curva;Não;2;0;1;0;1;0;1;1;-29,21657705;-51,51722624;SPRF-RS;DEL06-RS;UOP01-DEL06-RS
527158;03/06/2023;sábado;17:00:00;RS;116;206,9;PICADA CAFE;Velocidade Incompatível;Tombamento;Com Vítimas Feridas;Anoitecer;Crescente;Céu Claro;Simples;Curva;Não;2;0;2;0;0;0;2;1;-29,49966726;-51,1306017;SPRF-RS;DEL05-RS;UOP02-DEL05-RS
527222;03/06/2023;sábado;16:45:00;RS;470;162,5;NOVA PRATA;Ausência de reação do condutor;Saída de leito carroçável;Com Vítimas Feridas;Pleno dia;Crescente;Céu Claro;Simples;Reta;Não;2;0;2;0;0;0;2;1;-28,82207304;-51,58755803;SPRF-RS;DEL06-RS;UOP02-DEL06-RS
527408;04/06/2023;domingo;19:00:00;RS;470;216;BENTO GONCALVES;Reação tardia ou ineficiente do condutor;Colisão com objeto;Com Vítimas Feridas;Plena Noite;Crescente;Céu Claro;Dupla;Reta;Sim;2;0;1;1;0;0;2;1;-29,16923824;-51,52565897;SPRF-RS;DEL06-RS;UOP01-DEL06-RS
527481;05/06/2023;segunda-feira;06:20:00;RS;470;228;GARIBALDI;Desrespeitar a preferência no cruzamento;Colisão transversal;Com Vítimas Feridas;Pleno dia;Crescente;Nevoeiro/Neblina;Simples;Retorno Regulamentado;Sim;2;0;0;1;1;0;1;2;-29,21759706;-51,51703722;SPRF-RS;DEL06-RS;UOP01-DEL06-RS
527488;05/06/2023;segunda-feira;07:00:00;RS;470;225,7;GARIBALDI;Acessar a via sem observar a presença dos outros veículos;Colisão transversal;Com Vítimas Feridas;Amanhecer;Crescente;Nevoeiro/Neblina;Simples;Interseção de Vias;Sim;2;0;1;0;1;0;1;2;-29,24662821;-51,5159601;SPRF-RS;DEL06-RS;UOP01-DEL06-RS
527599;05/06/2023;segunda-feira;17:30:00;RS;116;151,6;CAXIAS DO SUL;Ausência de reação do condutor;Tombamento;Com Vítimas Feridas;Plena Noite;Decrescente;Céu Claro;Dupla;Curva;Sim;1;0;1;0;0;0;1;1;-29,17694502;-51,16173896;SPRF-RS;DEL05-RS;UOP01-DEL05-RS
527631;05/06/2023;segunda-feira;18:00:00;RS;116;142;CAXIAS DO SUL;Manobra de mudança de faixa;Colisão lateral mesmo sentido;Com Vítimas Feridas;Pleno dia;Decrescente;Céu Claro;Dupla;Reta;Sim;1;0;1;0;0;0;1;1;-29,11727;-51,115208;SPRF-RS;DEL05-RS;UOP01-DEL05-RS
527949;03/06/2023;sábado;16:55:00;RS;470;202,9;BENTO GONCALVES;Acessar a via sem observar a presença dos outros veículos;Colisão traseira;Com Vítimas Feridas;Pleno dia;Decrescente;Céu Claro;Simples;Reta;Não;3;0;1;0;2;0;1;2;-29,07677887;-51,58496599;SPRF-RS;DEL06-RS;UOP02-DEL06-RS
528269;09/06/2023;sexta-feira;01:00:00;RS;116;168,5;CAXIAS DO SUL;Reação tardia ou ineficiente do condutor;Colisão lateral sentido oposto;Com Vítimas Feridas;Plena Noite;Crescente;Céu Claro;Simples;Curva;Não;2;0;1;0;1;0;1;2;-29,28313396;-51,16252272;SPRF-RS;DEL05-RS;UOP02-DEL05-RS
529004;12/06/2023;segunda-feira;08:40:00;RS;116;172,3;NOVA PETROPOLIS;Avarias e/ou desgaste excessivo no pneu;Capotamento;Com Vítimas Feridas;Pleno dia;Crescente;Nublado;Simples;Reta;Sim;1;0;1;0;0;0;1;1;-29,31663009;-51,16927298;SPRF-RS;DEL05-RS;UOP02-DEL05-RS
529110;12/06/2023;segunda-feira;18:30:00;RS;470;221;GARIBALDI;Reação tardia ou ineficiente do condutor;Saída de leito carroçável;Com Vítimas Feridas;Anoitecer;Crescente;Nublado;Simples;Reta;Não;1;0;1;0;0;0;1;1;-29,20902805;-51,51810586;SPRF-RS;DEL06-RS;UOP01-DEL06-RS
529125;12/06/2023;segunda-feira;19:30:00;RS;116;153,7;CAXIAS DO SUL;Entrada inopinada do pedestre;Atropelamento de Pedestre;Com Vítimas Feridas;Plena Noite;Crescente;Céu Claro;Dupla;"Reta;Declive";Sim;2;0;0;1;1;0;1;2;-29,18788213;-51,1819768;SPRF-RS;DEL05-RS;UOP01-DEL05-RS
529415;14/06/2023;quarta-feira;10:55:00;RS;116;149,9;CAXIAS DO SUL;Reação tardia ou ineficiente do condutor;Engavetamento;Com Vítimas Feridas;Pleno dia;Crescente;Chuva;Dupla;"Reta;Declive;Interseção de Vias";Sim;5;0;1;0;2;2;1;4;-29,16847753;-51,15868026;SPRF-RS;DEL05-RS;UOP01-DEL05-RS
529417;14/06/2023;quarta-feira;10:30:00;RS;116;148;CAXIAS DO SUL;Reação tardia ou ineficiente do condutor;Colisão com objeto;Com Vítimas Feridas;Pleno dia;Decrescente;Chuva;Dupla;"Curva;Aclive";Sim;2;0;1;0;1;0;1;1;-29,15444539;-51,15101681;SPRF-RS;DEL05-RS;UOP01-DEL05-RS
529467;28/03/2023;terça-feira;14:35:00;RS;116;153,8;CAXIAS DO SUL;Acessar a via sem observar a presença dos outros veículos;Colisão transversal;Com Vítimas Feridas;Pleno dia;Decrescente;Céu Claro;Dupla;Rotatória;Sim;2;0;1;0;1;0;1;2;-29,1881163;-51,18221283;SPRF-RS;DEL05-RS;UOP01-DEL05-RS
529585;15/06/2023;quinta-feira;08:50:00;RS;116;142;CAXIAS DO SUL;Reação tardia ou ineficiente do condutor;Saída de leito carroçável;Sem Vítimas;Pleno dia;Crescente;Chuva;Dupla;Curva;Sim;1;0;0;0;1;0;0;1;-29,11727;-51,115208;SPRF-RS;DEL05-RS;UOP01-DEL05-RS
529966;17/06/2023;sábado;04:30:00;RS;470;201,8;BENTO GONCALVES;Ausência de reação do condutor;Saída de leito carroçável;Com Vítimas Feridas;Plena Noite;Decrescente;Nevoeiro/Neblina;Simples;"Declive;Curva";Não;1;0;1;0;0;0;1;1;-29,07678708;-51,58038998;SPRF-RS;DEL06-RS;UOP02-DEL06-RS
530027;17/06/2023;sábado;11:30:00;RS;116;143;CAXIAS DO SUL;Reação tardia ou ineficiente do condutor;Colisão traseira;Com Vítimas Feridas;Pleno dia;Crescente;Nublado;Dupla;Reta;Sim;3;0;1;0;2;0;1;2;-29,12021465;-51,12276435;SPRF-RS;DEL05-RS;UOP01-DEL05-RS
530726;20/06/2023;terça-feira;18:20:00;RS;116;152,7;CAXIAS DO SUL;Acessar a via sem observar a presença dos outros veículos;Colisão transversal;Com Vítimas Feridas;Plena Noite;Decrescente;Céu Claro;Simples;"Curva;Interseção de Vias";Sim;2;0;1;0;1;0;1;2;-29,18574654;-51,1742413;SPRF-RS;DEL05-RS;UOP01-DEL05-RS
530734;20/06/2023;terça-feira;18:10:00;RS;470;218,3;BENTO GONCALVES;Desrespeitar a preferência no cruzamento;Colisão transversal;Com Vítimas Feridas;Plena Noite;Decrescente;Céu Claro;Simples;"Interseção de Vias;Retorno Regulamentado";Sim;4;0;4;0;0;0;4;2;-29,18242399;-51,5203042;SPRF-RS;DEL06-RS;UOP01-DEL06-RS
530909;21/06/2023;quarta-feira;17:40:00;RS;470;224;GARIBALDI;Ingestão de álcool pelo condutor;Engavetamento;Sem Vítimas;Plena Noite;Crescente;Chuva;Dupla;"Aclive;Reta";Não;5;0;0;0;5;0;0;3;-29,21351804;-51,51780626;SPRF-RS;DEL06-RS;UOP01-DEL06-RS
531121;22/06/2023;quinta-feira;17:30:00;RS;116;143,1;CAXIAS DO SUL;Frear bruscamente;Engavetamento;Sem Vítimas;Anoitecer;Crescente;Céu Claro;Dupla;Reta;Sim;3;0;0;0;3;0;0;3;-29,12301706;-51,12327933;SPRF-RS;DEL05-RS;UOP01-DEL05-RS
531247;23/06/2023;sexta-feira;10:40:00;RS;116;153;CAXIAS DO SUL;Condutor desrespeitou a iluminação vermelha do semáforo;Colisão transversal;Sem Vítimas;Pleno dia;Crescente;Nublado;Dupla;Interseção de Vias;Sim;2;0;0;0;1;1;0;2;-29,18579758;-51,17713005;SPRF-RS;DEL05-RS;UOP01-DEL05-RS
531366;23/06/2023;sexta-feira;17:20:00;RS;470;224;GARIBALDI;Demais falhas mecânicas ou elétricas;Incêndio;Sem Vítimas;Anoitecer;Decrescente;Nublado;Simples;Reta;Não;2;0;0;0;2;0;0;1;-29,21351804;-51,51780626;SPRF-RS;DEL06-RS;UOP01-DEL06-RS
531563;24/06/2023;sábado;16:35:00;RS;116;200,9;PICADA CAFE;Transitar na contramão;Colisão frontal;Com Vítimas Feridas;Anoitecer;Crescente;Céu Claro;Simples;Curva;Não;3;0;0;1;2;0;1;2;-29,48791048;-51,13999486;SPRF-RS;DEL05-RS;UOP02-DEL05-RS
531575;24/06/2023;sábado;18:45:00;RS;470;208;BENTO GONCALVES;Ingestão de álcool pelo condutor;Saída de leito carroçável;Sem Vítimas;Plena Noite;Decrescente;Céu Claro;Simples;Curva;Não;1;0;0;0;1;0;0;1;-29,09523055;-51,54724538;SPRF-RS;DEL06-RS;UOP01-DEL06-RS
531989;26/06/2023;segunda-feira;17:30:00;RS;470;179;VERANOPOLIS;Condutor deixou de manter distância do veículo da frente;Colisão traseira;Com Vítimas Feridas;Anoitecer;Decrescente;Céu Claro;Simples;"Aclive;Reta";Sim;2;0;1;0;1;0;1;2;-28,94939325;-51,55566752;SPRF-RS;DEL06-RS;UOP02-DEL06-RS
532005;26/06/2023;segunda-feira;18:20:00;RS;116;152,6;CAXIAS DO SUL;Ausência de reação do condutor;Colisão lateral mesmo sentido;Com Vítimas Feridas;Plena Noite;Crescente;Céu Claro;Dupla;Reta;Sim;2;0;1;0;1;0;1;2;-29,1829343;-51,16801501;SPRF-RS;DEL05-RS;UOP01-DEL05-RS
532232;27/06/2023;terça-feira;18:30:00;RS;116;115,6;SAO MARCOS;Acessar a via sem observar a presença dos outros veículos;Colisão transversal;Com Vítimas Feridas;Anoitecer;Crescente;Céu Claro;Simples;Interseção de Vias;Sim;2;0;1;0;1;0;1;2;-28,97509412;-51,06792079;SPRF-RS;DEL05-RS;UOP01-DEL05-RS
532257;07/03/2023;terça-feira;11:00:00;RS;470;169,9;VERANOPOLIS;Acessar a via sem observar a presença dos outros veículos;Colisão transversal;Com Vítimas Feridas;Pleno dia;Decrescente;Céu Claro;Simples;"Aclive;Reta";Sim;2;0;1;0;1;0;1;2;-28,86454223;-51,55299051;SPRF-RS;DEL06-RS;UOP02-DEL06-RS
532366;28/06/2023;quarta-feira;16:45:00;RS;470;218;BENTO GONCALVES;Reação tardia ou ineficiente do condutor;Colisão lateral mesmo sentido;Com Vítimas Feridas;Pleno dia;Decrescente;Chuva;Simples;Curva;Não;2;0;1;0;1;0;1;2;-29,18771116;-51,52146221;SPRF-RS;DEL06-RS;UOP01-DEL06-RS
532582;29/06/2023;quinta-feira;16:45:00;RS;470;225;GARIBALDI;Ausência de reação do condutor;Colisão traseira;Com Vítimas Feridas;Pleno dia;Decrescente;Céu Claro;Simples;"Curva;Retorno Regulamentado";Sim;2;0;0;1;1;0;1;2;-29,24616952;-51,51605666;SPRF-RS;DEL06-RS;UOP01-DEL06-RS
532839;30/06/2023;sexta-feira;21:30:00;RS;116;149,1;CAXIAS DO SUL;Condutor desrespeitou a iluminação vermelha do semáforo;Colisão transversal;Sem Vítimas;Plena Noite;Crescente;Nevoeiro/Neblina;Dupla;Reta;Sim;4;0;0;0;4;0;0;2;-29,162229;-51,157157;SPRF-RS;DEL05-RS;UOP01-DEL05-RS
533261;02/07/2023;domingo;16:10:00;RS;116;164,3;CAXIAS DO SUL;Ingestão de álcool pelo condutor;Saída de leito carroçável;Sem Vítimas;Pleno dia;Crescente;Nublado;Simples;"Declive;Curva";Não;1;0;0;0;1;0;0;1;-29,26344857;-51,16113999;SPRF-RS;DEL05-RS;UOP02-DEL05-RS
533271;02/07/2023;domingo;17:40:00;RS;470;213;BENTO GONCALVES;Desrespeitar a preferência no cruzamento;Colisão transversal;Com Vítimas Feridas;Anoitecer;Crescente;Nublado;Dupla;"Reta;Interseção de Vias";Sim;2;0;1;0;0;1;1;2;-29,14518835;-51,53282762;SPRF-RS;DEL06-RS;UOP01-DEL06-RS
533280;02/07/2023;domingo;16:45:00;RS;116;113,2;SAO MARCOS;Demais falhas mecânicas ou elétricas;Tombamento;Com Vítimas Feridas;Pleno dia;Crescente;Nublado;Simples;Reta;Sim;2;0;1;1;0;0;2;1;-28,96397179;-51,0753428;SPRF-RS;DEL05-RS;UOP01-DEL05-RS
533570;04/07/2023;terça-feira;06:37:00;RS;470;218;BENTO GONCALVES;Desrespeitar a preferência no cruzamento;Colisão transversal;Com Vítimas Feridas;Amanhecer;Decrescente;Céu Claro;Múltipla;"Interseção de Vias;Reta;Declive";Sim;2;0;1;0;1;0;1;2;-29,17292214;-51,52424936;SPRF-RS;DEL06-RS;UOP01-DEL06-RS
533820;27/05/2023;sábado;17:25:00;RS;116;169,9;CAXIAS DO SUL;Reação tardia ou ineficiente do condutor;Colisão frontal;Com Vítimas Fatais;Anoitecer;Crescente;Garoa/Chuvisco;Simples;"Declive;Curva";Não;5;1;2;1;1;0;3;2;-29,292045;-51,162357;SPRF-RS;DEL05-RS;UOP02-DEL05-RS
533839;05/05/2023;sexta-feira;17:30:00;RS;116;148;CAXIAS DO SUL;Pedestre cruzava a pista fora da faixa;Atropelamento de Pedestre;Com Vítimas Feridas;Plena Noite;Crescente;Chuva;Dupla;Reta;Sim;2;0;0;1;1;0;1;2;-29,15444539;-51,15101681;SPRF-RS;DEL05-RS;UOP01-DEL05-RS
533844;11/05/2023;quinta-feira;19:45:00;RS;470;177,9;VERANOPOLIS;Desrespeitar a preferência no cruzamento;Colisão transversal;Com Vítimas Feridas;Plena Noite;Decrescente;Céu Claro;Simples;"Curva;Interseção de Vias";Sim;3;0;1;1;1;0;2;2;-28,94254919;-51,55052304;SPRF-RS;DEL06-RS;UOP02-DEL06-RS
533973;06/07/2023;quinta-feira;07:40:00;RS;470;218,9;BENTO GONCALVES;Ausência de reação do condutor;Tombamento;Com Vítimas Feridas;Amanhecer;Crescente;Céu Claro;Dupla;Curva;Não;1;0;1;0;0;0;1;1;-29,17909489;-51,51855675;SPRF-RS;DEL06-RS;UOP01-DEL06-RS
534061;19/05/2023;sexta-feira;04:30:00;RS;116;148,1;CAXIAS DO SUL;Ausência de reação do condutor;Saída de leito carroçável;Com Vítimas Feridas;Plena Noite;Crescente;Céu Claro;Dupla;Curva;Sim;5;0;1;4;0;0;5;1;-29,15444539;-51,15101681;SPRF-RS;DEL05-RS;UOP01-DEL05-RS
534294;06/05/2023;sábado;22:30:00;RS;116;143,8;CAXIAS DO SUL;Velocidade Incompatível;Colisão com objeto;Com Vítimas Feridas;Plena Noite;Decrescente;Nublado;Dupla;Curva;Sim;1;0;0;1;0;0;1;1;-29,1201739;-51,12260651;SPRF-RS;DEL05-RS;UOP01-DEL05-RS
534381;07/07/2023;sexta-feira;23:40:00;RS;470;228;GARIBALDI;Ausência de reação do condutor;Saída de leito carroçável;Sem Vítimas;Plena Noite;Decrescente;Chuva;Simples;Reta;Não;1;0;0;0;0;1;0;1;-29,21759706;-51,51703722;SPRF-RS;DEL06-RS;UOP01-DEL06-RS
534662;09/07/2023;domingo;04:00:00;RS;470;174;VERANOPOLIS;Transitar na contramão;Colisão frontal;Com Vítimas Feridas;Plena Noite;Crescente;Céu Claro;Simples;Curva;Sim;6;0;1;4;1;0;5;3;-28,90964993;-51,54526793;SPRF-RS;DEL06-RS;UOP02-DEL06-RS
534683;09/07/2023;domingo;04:30:00;RS;116;151,5;CAXIAS DO SUL;Ingestão de álcool pelo condutor;Saída de leito carroçável;Com Vítimas Feridas;Plena Noite;Crescente;Nublado;Simples;Curva;Não;1;0;1;0;0;0;1;1;-29,17694502;-51,16173896;SPRF-RS;DEL05-RS;UOP01-DEL05-RS
535062;10/07/2023;segunda-feira;22:00:00;RS;116;151,4;CAXIAS DO SUL;Pedestre cruzava a pista fora da faixa;Atropelamento de Pedestre;Com Vítimas Feridas;Plena Noite;Crescente;Nublado;Dupla;Curva;Sim;2;0;1;1;0;0;2;2;-29,17694502;-51,16173896;SPRF-RS;DEL05-RS;UOP01-DEL05-RS
535181;11/07/2023;terça-feira;15:30:00;RS;116;153;CAXIAS DO SUL;Manobra de mudança de faixa;Queda de ocupante de veículo;Com Vítimas Feridas;Pleno dia;Crescente;Garoa/Chuvisco;Dupla;Rotatória;Sim;2;0;1;0;1;0;1;2;-29,18579758;-51,17713005;SPRF-RS;DEL05-RS;UOP01-DEL05-RS
535329;12/07/2023;quarta-feira;11:05:00;RS;470;174;VERANOPOLIS;Acumulo de água sobre o pavimento;Saída de leito carroçável;Com Vítimas Feridas;Pleno dia;Decrescente;Chuva;Simples;"Declive;Curva";Sim;1;0;1;0;0;0;1;1;-28,90964993;-51,54526793;SPRF-RS;DEL06-RS;UOP02-DEL06-RS
535351;12/07/2023;quarta-feira;12:50:00;RS;470;177;VERANOPOLIS;Ausência de reação do condutor;Colisão traseira;Sem Vítimas;Pleno dia;Decrescente;Chuva;Simples;"Reta;Interseção de Vias";Sim;3;0;0;0;3;0;0;3;-28,93915139;-51,54591976;SPRF-RS;DEL06-RS;UOP02-DEL06-RS
535498;10/05/2023;quarta-feira;19:20:00;RS;470;248,5;BARAO;Animais na Pista;Tombamento;Com Vítimas Feridas;Plena Noite;Crescente;Céu Claro;Simples;Reta;Não;2;0;1;1;0;0;2;1;-29,3999899;-51,500912;SPRF-RS;DEL06-RS;UOP01-DEL06-RS
535576;11/06/2023;domingo;16:00:00;RS;470;187;VERANOPOLIS;Reação tardia ou ineficiente do condutor;Saída de leito carroçável;Com Vítimas Feridas;Pleno dia;Decrescente;Garoa/Chuvisco;Simples;Reta;Não;3;0;1;2;0;0;3;1;-29,00751109;-51,55777697;SPRF-RS;DEL06-RS;UOP02-DEL06-RS
535608;13/07/2023;quinta-feira;17:55:00;RS;116;153;CAXIAS DO SUL;Reação tardia ou ineficiente do condutor;Atropelamento de Pedestre;Com Vítimas Feridas;Anoitecer;Crescente;Chuva;Dupla;"Declive;Rotatória;Reta";Sim;2;0;1;0;1;0;1;2;-29,18579758;-51,17713005;SPRF-RS;DEL05-RS;UOP01-DEL05-RS
535637;13/07/2023;quinta-feira;18:50:00;RS;116;117,5;SAO MARCOS;Reação tardia ou ineficiente do condutor;Colisão com objeto;Com Vítimas Feridas;Plena Noite;Crescente;Chuva;Simples;"Reta;Declive";Não;1;0;1;0;0;0;1;1;-28,98310299;-51,06761081;SPRF-RS;DEL05-RS;UOP01-DEL05-RS
535706;14/07/2023;sexta-feira;07:55:00;RS;116;143,3;CAXIAS DO SUL;Reação tardia ou ineficiente do condutor;Tombamento;Com Vítimas Feridas;Pleno dia;Decrescente;Garoa/Chuvisco;Dupla;Curva;Sim;1;0;1;0;0;0;1;1;-29,12248283;-51,12278581;SPRF-RS;DEL05-RS;UOP01-DEL05-RS
535767;14/07/2023;sexta-feira;09:00:00;RS;116;151;CAXIAS DO SUL;Reação tardia ou ineficiente do condutor;Colisão lateral mesmo sentido;Sem Vítimas;Pleno dia;Crescente;Nublado;Dupla;Reta;Sim;4;0;0;0;4;0;0;2;-29,17694502;-51,16173896;SPRF-RS;DEL05-RS;UOP01-DEL05-RS
535866;14/07/2023;sexta-feira;18:40:00;RS;116;164,8;CAXIAS DO SUL;Ausência de reação do condutor;Saída de leito carroçável;Com Vítimas Feridas;Plena Noite;Decrescente;Céu Claro;Simples;Reta;Não;1;0;1;0;0;0;1;1;-29,26344857;-51,16113999;SPRF-RS;DEL05-RS;UOP02-DEL05-RS
536144;16/07/2023;domingo;06:20:00;RS;470;226;GARIBALDI;Ausência de reação do condutor;Saída de leito carroçável;Com Vítimas Feridas;Amanhecer;Decrescente;Nublado;Simples;Curva;Sim;1;0;1;0;0;0;1;1;-29,25550904;-51,51142814;SPRF-RS;DEL06-RS;UOP01-DEL06-RS
536288;16/07/2023;domingo;11:42:00;RS;470;213;BENTO GONCALVES;Acessar a via sem observar a presença dos outros veículos;Colisão traseira;Sem Vítimas;Pleno dia;Decrescente;Céu Claro;Dupla;Curva;Sim;3;0;0;0;3;0;0;2;-29,138703;-51,542708;SPRF-RS;DEL06-RS;UOP01-DEL06-RS
536385;08/05/2023;segunda-feira;12:50:00;RS;116;148,2;CAXIAS DO SUL;Pedestre cruzava a pista fora da faixa;Atropelamento de Pedestre;Com Vítimas Feridas;Pleno dia;Decrescente;Céu Claro;Dupla;Reta;Sim;2;0;0;1;1;0;1;2;-29,15444539;-51,15101681;SPRF-RS;DEL05-RS;UOP01-DEL05-RS
536444;17/07/2023;segunda-feira;13:50:00;RS;116;143;CAXIAS DO SUL;Ausência de reação do condutor;Colisão traseira;Sem Vítimas;Pleno dia;Decrescente;Céu Claro;Dupla;Reta;Sim;1;0;0;0;1;0;0;1;-29,1201739;-51,12260651;SPRF-RS;DEL05-RS;UOP01-DEL05-RS
536697;18/07/2023;terça-feira;18:10:00;RS;116;152,3;CAXIAS DO SUL;Acessar a via sem observar a presença dos outros veículos;Colisão transversal;Com Vítimas Feridas;Plena Noite;Crescente;Céu Claro;Múltipla;Reta;Sim;3;0;0;1;1;1;1;3;-29,1829343;-51,16801501;SPRF-RS;DEL05-RS;UOP01-DEL05-RS
536862;19/07/2023;quarta-feira;18:05:00;RS;470;176;VERANOPOLIS;Acesso irregular;Colisão transversal;Com Vítimas Feridas;Plena Noite;Decrescente;Nublado;Simples;Reta;Sim;2;0;1;1;0;0;2;2;-28,929109;-51,54315;SPRF-RS;DEL06-RS;UOP02-DEL06-RS
537386;22/07/2023;sábado;11:50:00;RS;470;171,9;VERANOPOLIS;Acessar a via sem observar a presença dos outros veículos;Colisão transversal;Com Vítimas Feridas;Pleno dia;Crescente;Céu Claro;Simples;Interseção de Vias;Não;2;0;1;0;1;0;1;2;-28,89740313;-51,55280405;SPRF-RS;DEL06-RS;UOP02-DEL06-RS
537400;22/07/2023;sábado;13:00:00;RS;470;212;BENTO GONCALVES;Ausência de reação do condutor;Tombamento;Com Vítimas Feridas;Pleno dia;Decrescente;Céu Claro;Dupla;"Declive;Curva";Sim;2;0;2;0;0;0;2;1;-29,14409078;-51,53558314;SPRF-RS;DEL06-RS;UOP01-DEL06-RS
537428;22/07/2023;sábado;14:40:00;RS;116;215;MORRO REUTER;Retorno proibido;Colisão transversal;Com Vítimas Feridas;Pleno dia;Decrescente;Céu Claro;Simples;"Declive;Curva";Não;2;0;1;0;1;0;1;2;-29,53533417;-51,08499002;SPRF-RS;DEL05-RS;UOP02-DEL05-RS
537640;23/07/2023;domingo;12:20:00;RS;470;176;VERANOPOLIS;Retorno proibido;Colisão transversal;Sem Vítimas;Pleno dia;Crescente;Céu Claro;Simples;Curva;Sim;6;0;0;0;6;0;0;2;-28,929109;-51,54315;SPRF-RS;DEL06-RS;UOP02-DEL06-RS
537733;23/07/2023;domingo;19:07:00;RS;470;211;BENTO GONCALVES;Estacionar ou parar em local proibido;Colisão frontal;Com Vítimas Feridas;Plena Noite;Crescente;Céu Claro;Dupla;Reta;Não;2;0;1;0;0;1;1;2;-29,12453775;-51,54360394;SPRF-RS;DEL06-RS;UOP01-DEL06-RS
537850;24/07/2023;segunda-feira;06:40:00;RS;116;137,8;CAXIAS DO SUL;Reação tardia ou ineficiente do condutor;Atropelamento de Pedestre;Com Vítimas Fatais;Amanhecer;Decrescente;Céu Claro;Simples;Reta;Não;2;1;1;0;0;0;1;2;-29,088462;-51,113075;SPRF-RS;DEL05-RS;UOP01-DEL05-RS
537960;24/07/2023;segunda-feira;16:40:00;RS;470;217;BENTO GONCALVES;Acessar a via sem observar a presença dos outros veículos;Colisão transversal;Com Vítimas Feridas;Pleno dia;Crescente;Nublado;Simples;"Declive;Curva";Sim;5;0;1;0;4;0;1;2;-29,17862479;-51,518417;SPRF-RS;DEL06-RS;UOP01-DEL06-RS
537962;24/07/2023;segunda-feira;07:45:00;RS;470;222;GARIBALDI;Acessar a via sem observar a presença dos outros veículos;Colisão traseira;Com Vítimas Feridas;Pleno dia;Decrescente;Céu Claro;Dupla;"Interseção de Vias;Reta";Sim;3;0;1;0;2;0;1;2;-29,20372835;-51,51786908;SPRF-RS;DEL06-RS;UOP01-DEL06-RS
538118;25/07/2023;terça-feira;14:00:00;RS;116;149;CAXIAS DO SUL;Frear bruscamente;Colisão traseira;Sem Vítimas;Pleno dia;Crescente;Céu Claro;Múltipla;Reta;Sim;2;0;0;0;2;0;0;2;-29,15996905;-51,15645292;SPRF-RS;DEL05-RS;UOP01-DEL05-RS
538151;25/07/2023;terça-feira;18:40:00;RS;116;152,6;CAXIAS DO SUL;Acessar a via sem observar a presença dos outros veículos;Colisão transversal;Com Vítimas Feridas;Anoitecer;Decrescente;Céu Claro;Dupla;"Interseção de Vias;Curva";Sim;2;0;2;0;0;0;2;2;-29,1829343;-51,16801501;SPRF-RS;DEL05-RS;UOP01-DEL05-RS
538876;29/07/2023;sábado;08:00:00;RS;470;209;BENTO GONCALVES;Retorno proibido;Colisão lateral mesmo sentido;Com Vítimas Feridas;Pleno dia;Decrescente;Céu Claro;Simples;Curva;Não;2;0;1;0;1;0;1;2;-29,10894598;-51,54542236;SPRF-RS;DEL06-RS;UOP01-DEL06-RS
538910;29/07/2023;sábado;11:53:00;RS;470;155;NOVA PRATA;Acessar a via sem observar a presença dos outros veículos;Colisão transversal;Com Vítimas Feridas;Pleno dia;Crescente;Céu Claro;Simples;Reta;Não;2;0;1;0;1;0;1;2;-28,78243906;-51,61511825;SPRF-RS;DEL06-RS;UOP02-DEL06-RS
539047;29/07/2023;sábado;16:30:00;RS;116;215,6;MORRO REUTER;Transitar na contramão;Colisão lateral sentido oposto;Com Vítimas Feridas;Pleno dia;Decrescente;Céu Claro;Simples;"Declive;Curva";Não;2;0;0;1;1;0;1;2;-29,53533417;-51,08499002;SPRF-RS;DEL05-RS;UOP02-DEL05-RS
539145;30/07/2023;domingo;09:50:00;RS;116;217,1;MORRO REUTER;Acessar a via sem observar a presença dos outros veículos;Colisão transversal;Com Vítimas Feridas;Pleno dia;Crescente;Céu Claro;Simples;"Declive;Reta";Sim;3;0;1;0;1;1;1;3;-29,54396389;-51,08555876;SPRF-RS;DEL05-RS;UOP02-DEL05-RS
539285;30/07/2023;domingo;19:20:00;RS;470;155,2;NOVA PRATA;Transitar na contramão;Colisão frontal;Com Vítimas Fatais;Plena Noite;Decrescente;Céu Claro;Simples;Curva;Sim;2;1;0;1;0;0;1;2;-28,77698812;-51,61107659;SPRF-RS;DEL06-RS;UOP02-DEL06-RS
539419;26/07/2023;quarta-feira;20:10:00;RS;470;212,9;BENTO GONCALVES;Desrespeitar a preferência no cruzamento;Colisão frontal;Com Vítimas Feridas;Plena Noite;Crescente;Nevoeiro/Neblina;Dupla;"Interseção de Vias;Curva";Sim;2;0;1;0;1;0;1;2;-29,14484321;-51,53389335;SPRF-RS;DEL06-RS;UOP01-DEL06-RS
539466;31/07/2023;segunda-feira;18:50:00;RS;116;149;CAXIAS DO SUL;Ultrapassagem Indevida;Colisão lateral mesmo sentido;Com Vítimas Feridas;Plena Noite;Crescente;Céu Claro;Dupla;Interseção de Vias;Sim;3;0;1;0;1;1;1;3;-29,15996905;-51,15645292;SPRF-RS;DEL05-RS;UOP01-DEL05-RS
540113;04/08/2023;sexta-feira;08:15:00;RS;116;149,2;CAXIAS DO SUL;Manobra de mudança de faixa;Colisão lateral mesmo sentido;Com Vítimas Feridas;Pleno dia;Decrescente;Sol;Múltipla;"Aclive;Reta";Sim;2;0;1;0;1;0;1;2;-29,16266;-51,157345;SPRF-RS;DEL05-RS;UOP01-DEL05-RS
540191;04/08/2023;sexta-feira;15:25:00;RS;470;224;GARIBALDI;Acessar a via sem observar a presença dos outros veículos;Colisão transversal;Com Vítimas Feridas;Pleno dia;Decrescente;Céu Claro;Simples;"Retorno Regulamentado;Reta";Sim;2;0;1;0;1;0;1;2;-29,21351804;-51,51780626;SPRF-RS;DEL06-RS;UOP01-DEL06-RS
540358;05/08/2023;sábado;07:40:00;RS;116;157,9;CAXIAS DO SUL;Ingestão de álcool pelo condutor;Colisão frontal;Com Vítimas Feridas;Pleno dia;Crescente;Nevoeiro/Neblina;Simples;Curva;Não;4;0;1;0;2;1;1;4;-29,21555098;-51,17570043;SPRF-RS;DEL05-RS;UOP01-DEL05-RS
540596;06/08/2023;domingo;13:40:00;RS;116;215,6;MORRO REUTER;Reação tardia ou ineficiente do condutor;Saída de leito carroçável;Com Vítimas Feridas;Pleno dia;Crescente;Céu Claro;Simples;Reta;Sim;1;0;0;1;0;0;1;1;-29,53533417;-51,08499002;SPRF-RS;DEL05-RS;UOP02-DEL05-RS
540742;07/08/2023;segunda-feira;05:20:00;RS;116;154,9;CAXIAS DO SUL;Transitar na contramão;Colisão lateral sentido oposto;Com Vítimas Feridas;Amanhecer;Decrescente;Nublado;Simples;Curva;Sim;9;0;7;2;0;0;9;3;-29,19074818;-51,18073734;SPRF-RS;DEL05-RS;UOP01-DEL05-RS
540863;07/08/2023;segunda-feira;16:20:00;RS;116;147,8;CAXIAS DO SUL;Manobra de mudança de faixa;Colisão lateral mesmo sentido;Com Vítimas Feridas;Pleno dia;Crescente;Chuva;Dupla;Reta;Sim;2;0;1;0;1;0;1;2;-29,14908014;-51,1429969;SPRF-RS;DEL05-RS;UOP01-DEL05-RS
541104;08/08/2023;terça-feira;17:25:00;RS;116;216,6;MORRO REUTER;Reação tardia ou ineficiente do condutor;Colisão lateral sentido oposto;Com Vítimas Feridas;Anoitecer;Crescente;Céu Claro;Simples;Reta;Não;3;0;1;0;2;0;1;2;-29,54001608;-51,07711676;SPRF-RS;DEL05-RS;UOP02-DEL05-RS
541279;02/08/2023;quarta-feira;14:40:00;RS;0;0;FARROUPILHA;Frear bruscamente;Colisão com objeto;Sem Vítimas;Pleno dia;Não Informado;Céu Claro;Simples;Reta;Sim;3;0;0;0;3;0;0;1;-29,22906705;-51,34184014;SPRF-RS;DEL06-RS;N/A
541613;11/08/2023;sexta-feira;14:25:00;RS;470;223,5;GARIBALDI;Desrespeitar a preferência no cruzamento;Colisão transversal;Com Vítimas Feridas;Pleno dia;Crescente;Céu Claro;Simples;"Declive;Interseção de Vias;Reta";Não;2;0;1;0;1;0;1;2;-29,22686209;-51,51608348;SPRF-RS;DEL06-RS;UOP01-DEL06-RS
541878;12/08/2023;sábado;10:35:00;RS;116;155,1;CAXIAS DO SUL;Acesso irregular;Colisão transversal;Com Vítimas Feridas;Pleno dia;Crescente;Céu Claro;Simples;Curva;Não;2;0;1;0;1;0;1;2;-29,19873129;-51,17629631;SPRF-RS;DEL05-RS;UOP01-DEL05-RS
542014;13/08/2023;domingo;02:45:00;RS;116;192;PICADA CAFE;Reação tardia ou ineficiente do condutor;Saída de leito carroçável;Com Vítimas Feridas;Plena Noite;Crescente;Céu Claro;Simples;Curva;Não;1;0;1;0;0;0;1;1;-29,43569192;-51,13405108;SPRF-RS;DEL05-RS;UOP02-DEL05-RS
542961;18/08/2023;sexta-feira;03:10:00;RS;470;171;VERANOPOLIS;Objeto estático sobre o leito carroçável;Colisão com objeto;Com Vítimas Feridas;Plena Noite;Crescente;Céu Claro;Simples;Reta;Não;2;0;2;0;0;0;2;1;-28,88090703;-51,5484283;SPRF-RS;DEL06-RS;UOP02-DEL06-RS
542963;17/08/2023;quinta-feira;17:50:00;RS;470;158;NOVA PRATA;Acessar a via sem observar a presença dos outros veículos;Colisão transversal;Com Vítimas Feridas;Anoitecer;Decrescente;Céu Claro;Simples;"Interseção de Vias;Rotatória;Reta";Sim;2;0;1;0;1;0;1;2;-28,80148491;-51,6098578;SPRF-RS;DEL06-RS;UOP02-DEL06-RS
543226;19/08/2023;sábado;06:50:00;RS;116;148,4;CAXIAS DO SUL;Velocidade Incompatível;Saída de leito carroçável;Sem Vítimas;Amanhecer;Crescente;Nublado;Simples;Curva;Sim;1;0;0;0;1;0;0;1;-29,15444539;-51,15101681;SPRF-RS;DEL05-RS;UOP01-DEL05-RS
543806;06/05/2023;sábado;14:00:00;RS;116;200,2;PICADA CAFE;Ultrapassagem Indevida;Colisão frontal;Com Vítimas Feridas;Pleno dia;Decrescente;Céu Claro;Simples;Curva;Não;4;0;2;1;0;1;3;3;-29,48890588;-51,13828706;SPRF-RS;DEL05-RS;UOP02-DEL05-RS
543969;01/07/2023;sábado;11:00:00;RS;116;206,8;PICADA CAFE;Acumulo de areia ou detritos sobre o pavimento;Colisão com objeto;Com Vítimas Feridas;Pleno dia;Decrescente;Nublado;Simples;Curva;Não;1;0;0;1;0;0;1;1;-29,49820155;-51,12876177;SPRF-RS;DEL05-RS;UOP02-DEL05-RS
544022;20/08/2023;domingo;09:40:00;RS;116;207,8;PICADA CAFE;Frear bruscamente;Colisão traseira;Com Vítimas Feridas;Pleno dia;Crescente;Céu Claro;Simples;Reta;Não;2;0;1;0;1;0;1;2;-29,49931278;-51,12022161;SPRF-RS;DEL05-RS;UOP02-DEL05-RS
544132;23/08/2023;quarta-feira;18:50:00;RS;470;245,5;BARAO;Ingestão de álcool pelo condutor;Saída de leito carroçável;Com Vítimas Feridas;Plena Noite;Crescente;Nevoeiro/Neblina;Simples;Curva;Sim;1;0;1;0;0;0;1;1;-29,38071948;-51,49416023;SPRF-RS;DEL06-RS;UOP01-DEL06-RS
544220;24/08/2023;quinta-feira;10:00:00;RS;116;183,2;NOVA PETROPOLIS;Conversão proibida;Colisão transversal;Com Vítimas Feridas;Pleno dia;Crescente;Nublado;Simples;"Declive;Curva";Não;2;0;1;1;0;0;2;2;-29,38166089;-51,12475991;SPRF-RS;DEL05-RS;UOP02-DEL05-RS
544604;25/08/2023;sexta-feira;09:00:00;RS;470;227;GARIBALDI;Pedestre andava na pista;Atropelamento de Pedestre;Com Vítimas Feridas;Plena Noite;Crescente;Céu Claro;Simples;Reta;Não;2;0;1;0;1;0;1;2;-29,21657705;-51,51722624;SPRF-RS;DEL06-RS;UOP01-DEL06-RS
544627;26/08/2023;sábado;08:30:00;RS;470;224,9;GARIBALDI;Estacionar ou parar em local proibido;Colisão traseira;Sem Vítimas;Pleno dia;Crescente;Céu Claro;Simples;"Reta;Rotatória";Não;2;0;0;0;2;0;0;2;-29,21351804;-51,51780626;SPRF-RS;DEL06-RS;UOP01-DEL06-RS
544657;23/08/2023;quarta-feira;16:15:00;RS;0;0;CAXIAS DO SUL;Frear bruscamente;Colisão traseira;Sem Vítimas;Pleno dia;Não Informado;Nublado;Dupla;Reta;Sim;2;0;0;0;2;0;0;1;-29,2069817;-51,2838706;SPRF-RS;DEL05-RS;UOP01-DEL05-RS
544699;26/08/2023;sábado;15:40:00;RS;116;153,8;CAXIAS DO SUL;Reação tardia ou ineficiente do condutor;Colisão traseira;Com Vítimas Feridas;Pleno dia;Crescente;Sol;Simples;Rotatória;Sim;2;0;0;1;1;0;1;2;-29,19074818;-51,18073734;SPRF-RS;DEL05-RS;UOP01-DEL05-RS
545074;28/08/2023;segunda-feira;07:45:00;RS;470;222,9;GARIBALDI;Manobra de mudança de faixa;Saída de leito carroçável;Com Vítimas Feridas;Pleno dia;Decrescente;Céu Claro;Dupla;Retorno Regulamentado;Não;2;0;2;0;0;0;2;1;-29,22109384;-51,51669145;SPRF-RS;DEL06-RS;UOP01-DEL06-RS
545160;28/08/2023;segunda-feira;12:05:00;RS;470;160;NOVA PRATA;Acessar a via sem observar a presença dos outros veículos;Colisão transversal;Com Vítimas Feridas;Pleno dia;Decrescente;Céu Claro;Simples;Rotatória;Não;3;0;1;0;2;0;1;2;-28,81066741;-51,60061401;SPRF-RS;DEL06-RS;UOP02-DEL06-RS
545273;29/07/2023;sábado;11:15:00;RS;116;144,1;CAXIAS DO SUL;Reação tardia ou ineficiente do condutor;Colisão com objeto;Com Vítimas Feridas;Pleno dia;Crescente;Céu Claro;Dupla;"Declive;Curva";Sim;1;0;0;1;0;0;1;1;-29,1267449;-51,12768983;SPRF-RS;DEL05-RS;UOP01-DEL05-RS
545367;29/08/2023;terça-feira;19:30:00;RS;116;148;CAXIAS DO SUL;Reação tardia ou ineficiente do condutor;Saída de leito carroçável;Sem Vítimas;Plena Noite;Decrescente;Céu Claro;Dupla;Curva;Sim;1;0;0;0;1;0;0;1;-29,15444539;-51,15101681;SPRF-RS;DEL05-RS;UOP01-DEL05-RS
545678;06/07/2023;quinta-feira;08:50:00;RS;470;217,1;BENTO GONCALVES;Ausência de reação do condutor;Saída de leito carroçável;Com Vítimas Feridas;Pleno dia;Decrescente;Céu Claro;Dupla;Reta;Sim;1;0;0;1;0;0;1;1;-29,1756525;-51,522156;SPRF-RS;DEL06-RS;UOP01-DEL06-RS
545772;01/09/2023;sexta-feira;07:20:00;RS;116;147,3;CAXIAS DO SUL;Condutor desrespeitou a iluminação vermelha do semáforo;Colisão transversal;Com Vítimas Feridas;Pleno dia;Decrescente;Céu Claro;Dupla;Interseção de Vias;Sim;2;0;1;0;1;0;1;2;-29,14908014;-51,1429969;SPRF-RS;DEL05-RS;UOP01-DEL05-RS
546330;03/09/2023;domingo;13:05:00;RS;116;156,7;CAXIAS DO SUL;Reação tardia ou ineficiente do condutor;Saída de leito carroçável;Com Vítimas Feridas;Pleno dia;Crescente;Chuva;Simples;"Declive;Curva";Não;1;0;1;0;0;0;1;1;-29,20731013;-51,17757864;SPRF-RS;DEL05-RS;UOP01-DEL05-RS
546573;01/09/2023;sexta-feira;10:35:00;RS;470;217,3;BENTO GONCALVES;Pista Escorregadia;Colisão transversal;Sem Vítimas;Pleno dia;Crescente;Céu Claro;Simples;Reta;Não;2;0;0;0;2;0;0;2;-29,16462512;-51,52551964;SPRF-RS;DEL06-RS;UOP01-DEL06-RS
546676;05/09/2023;terça-feira;05:50:00;RS;470;157,2;NOVA PRATA;Ingestão de álcool pelo condutor;Saída de leito carroçável;Com Vítimas Feridas;Amanhecer;Crescente;Garoa/Chuvisco;Simples;"Declive;Curva";Não;1;0;1;0;0;0;1;1;-28,78841941;-51,61478877;SPRF-RS;DEL06-RS;UOP02-DEL06-RS
546789;05/09/2023;terça-feira;18:30:00;RS;470;225,1;GARIBALDI;Acessar a via sem observar a presença dos outros veículos;Colisão transversal;Com Vítimas Feridas;Anoitecer;Crescente;Céu Claro;Múltipla;Interseção de Vias;Não;3;0;1;1;1;0;2;2;-29,2429395;-51,51729661;SPRF-RS;DEL06-RS;UOP01-DEL06-RS
546855;05/09/2023;terça-feira;09:30:00;RS;116;144;CAXIAS DO SUL;Acumulo de água sobre o pavimento;Tombamento;Sem Vítimas;Pleno dia;Crescente;Garoa/Chuvisco;Dupla;Curva;Sim;1;0;0;0;1;0;0;1;-29,1267449;-51,12768983;SPRF-RS;DEL05-RS;UOP01-DEL05-RS
546862;06/09/2023;quarta-feira;07:40:00;RS;116;152;CAXIAS DO SUL;Reação tardia ou ineficiente do condutor;Engavetamento;Com Vítimas Feridas;Pleno dia;Decrescente;Céu Claro;Simples;Reta;Sim;4;0;1;0;3;0;1;3;-29,1829343;-51,16801501;SPRF-RS;DEL05-RS;UOP01-DEL05-RS
547325;08/09/2023;sexta-feira;05:20:00;RS;470;165,6;VILA FLORES;Velocidade Incompatível;Saída de leito carroçável;Com Vítimas Feridas;Plena Noite;Crescente;Chuva;Simples;"Declive;Curva";Não;2;0;2;0;0;0;2;1;-28,847776;-51,570972;SPRF-RS;DEL06-RS;UOP02-DEL06-RS
547457;08/09/2023;sexta-feira;19:35:00;RS;116;145;CAXIAS DO SUL;Manobra de mudança de faixa;Colisão traseira;Com Vítimas Feridas;Plena Noite;Crescente;Céu Claro;Dupla;"Declive;Reta";Sim;2;0;1;0;1;0;1;2;-29,1350217;-51,1302779;SPRF-RS;DEL05-RS;UOP01-DEL05-RS
547658;09/09/2023;sábado;18:35:00;RS;470;228,9;GARIBALDI;Acessar a via sem observar a presença dos outros veículos;Colisão transversal;Com Vítimas Feridas;Plena Noite;Decrescente;Nevoeiro/Neblina;Simples;Interseção de Vias;Não;3;0;1;1;1;0;2;3;-29,21759706;-51,51703722;SPRF-RS;DEL06-RS;UOP01-DEL06-RS
547984;11/09/2023;segunda-feira;06:45:00;RS;470;177;VERANOPOLIS;Acessar a via sem observar a presença dos outros veículos;Colisão lateral mesmo sentido;Com Vítimas Feridas;Pleno dia;Crescente;Céu Claro;Simples;Reta;Sim;2;0;1;0;1;0;1;2;-28,93915139;-51,54591976;SPRF-RS;DEL06-RS;UOP02-DEL06-RS
548099;11/09/2023;segunda-feira;18:05:00;RS;116;114;SAO MARCOS;Acessar a via sem observar a presença dos outros veículos;Colisão transversal;Com Vítimas Feridas;Anoitecer;Crescente;Céu Claro;Simples;Reta;Sim;5;0;4;0;1;0;4;2;-28,96397179;-51,0753428;SPRF-RS;DEL05-RS;UOP01-DEL05-RS
548183;05/08/2023;sábado;16:40:00;RS;116;148;CAXIAS DO SUL;Ausência de reação do condutor;Tombamento;Com Vítimas Feridas;Pleno dia;Decrescente;Céu Claro;Dupla;Curva;Sim;2;0;1;1;0;0;2;1;-29,15444539;-51,15101681;SPRF-RS;DEL05-RS;UOP01-DEL05-RS
548297;12/09/2023;terça-feira;17:50:00;RS;470;212,9;BENTO GONCALVES;Retorno proibido;Colisão traseira;Com Vítimas Feridas;Anoitecer;Crescente;Céu Claro;Simples;Interseção de Vias;Sim;2;0;1;0;1;0;1;2;-29,14488728;-51,53364122;SPRF-RS;DEL06-RS;UOP01-DEL06-RS
548450;13/09/2023;quarta-feira;13:30:00;RS;116;144,8;CAXIAS DO SUL;Manobra de mudança de faixa;Colisão lateral mesmo sentido;Sem Vítimas;Pleno dia;Crescente;Chuva;Dupla;Reta;Sim;4;0;0;0;4;0;0;4;-29,13604736;-51,13103823;SPRF-RS;DEL05-RS;UOP01-DEL05-RS
548478;13/09/2023;quarta-feira;14:30:00;RS;116;150,1;CAXIAS DO SUL;Ausência de reação do condutor;Atropelamento de Pedestre;Com Vítimas Feridas;Pleno dia;Crescente;Nublado;Dupla;Reta;Não;3;0;0;2;1;0;2;2;-29,17019657;-51,15938187;SPRF-RS;DEL05-RS;UOP01-DEL05-RS
548566;04/03/2023;sábado;03:00:00;RS;470;157;NOVA PRATA;Ausência de reação do condutor;Saída de leito carroçável;Com Vítimas Feridas;Plena Noite;Crescente;Nublado;Simples;Curva;Não;1;0;0;1;0;0;1;1;-28,79507068;-51,61584453;SPRF-RS;DEL06-RS;UOP02-DEL06-RS
548698;14/09/2023;quinta-feira;21:50:00;RS;116;152,7;CAXIAS DO SUL;Manobra de mudança de faixa;Colisão lateral mesmo sentido;Com Vítimas Feridas;Plena Noite;Crescente;Céu Claro;Simples;Curva;Sim;3;0;1;0;2;0;1;3;-29,185614;-51,174265;SPRF-RS;DEL05-RS;UOP01-DEL05-RS
548847;15/09/2023;sexta-feira;17:20:00;RS;470;177,9;VERANOPOLIS;Transitar na contramão;Colisão frontal;Com Vítimas Feridas;Pleno dia;Decrescente;Sol;Simples;"Reta;Interseção de Vias";Sim;3;0;2;0;1;0;2;2;-28,94253;-51,550451;SPRF-RS;DEL06-RS;UOP02-DEL06-RS
549018;16/09/2023;sábado;13:50:00;RS;116;146;CAXIAS DO SUL;Área urbana sem a presença de local apropriado para a travessia de pedestres;Atropelamento de Pedestre;Com Vítimas Feridas;Pleno dia;Decrescente;Céu Claro;Dupla;Reta;Sim;2;0;1;0;1;0;1;2;-29,14228897;-51,13622202;SPRF-RS;DEL05-RS;UOP01-DEL05-RS
549108;16/09/2023;sábado;21:40:00;RS;116;148,9;CAXIAS DO SUL;Retorno proibido;Colisão transversal;Com Vítimas Feridas;Plena Noite;Decrescente;Céu Claro;Dupla;Reta;Sim;2;0;1;0;1;0;1;2;-29,15444539;-51,15101681;SPRF-RS;DEL05-RS;UOP01-DEL05-RS
549165;17/09/2023;domingo;04:05:00;RS;116;152,4;CAXIAS DO SUL;Ingestão de álcool pelo condutor;Saída de leito carroçável;Com Vítimas Feridas;Plena Noite;Crescente;Céu Claro;Simples;Curva;Sim;1;0;1;0;0;0;1;1;-29,1829343;-51,16801501;SPRF-RS;DEL05-RS;UOP01-DEL05-RS
549472;18/09/2023;segunda-feira;13:00:00;RS;470;227;GARIBALDI;Manobra de mudança de faixa;Colisão lateral mesmo sentido;Com Vítimas Feridas;Pleno dia;Decrescente;Céu Claro;Simples;"Curva;Em Obras;Aclive";Não;2;0;1;0;1;0;1;2;-29,25900841;-51,50882435;SPRF-RS;DEL06-RS;UOP01-DEL06-RS
549473;18/09/2023;segunda-feira;13:00:00;RS;116;151,7;CAXIAS DO SUL;Ingestão de álcool pelo condutor;Colisão transversal;Com Vítimas Feridas;Pleno dia;Crescente;Nublado;Dupla;"Reta;Declive";Sim;3;0;1;0;1;1;1;3;-29,181819;-51,166252;SPRF-RS;DEL05-RS;UOP01-DEL05-RS
549654;19/09/2023;terça-feira;10:25:00;RS;0;0;CAXIAS DO SUL;Acumulo de água sobre o pavimento;Saída de leito carroçável;Sem Vítimas;Pleno dia;Não Informado;Chuva;Dupla;Reta;Sim;2;0;0;0;2;0;0;1;-29,15289213;-51,16345882;SPRF-RS;DEL05-RS;UOP01-DEL05-RS
549704;18/09/2023;segunda-feira;13:35:00;RS;470;227;GARIBALDI;Condutor deixou de manter distância do veículo da frente;Colisão traseira;Sem Vítimas;Pleno dia;Decrescente;Nublado;Simples;"Interseção de Vias;Reta";Não;3;0;0;0;3;0;0;2;-29,21657705;-51,51722624;SPRF-RS;DEL06-RS;UOP01-DEL06-RS
549713;19/09/2023;terça-feira;17:35:00;RS;470;219,4;BENTO GONCALVES;Conversão proibida;Colisão lateral mesmo sentido;Sem Vítimas;Pleno dia;Crescente;Céu Claro;Simples;"Declive;Curva";Sim;2;0;0;0;2;0;0;2;-29,19311;-51,521238;SPRF-RS;DEL06-RS;UOP01-DEL06-RS
549719;19/09/2023;terça-feira;18:00:00;RS;116;151,7;CAXIAS DO SUL;Acessar a via sem observar a presença dos outros veículos;Colisão transversal;Com Vítimas Feridas;Anoitecer;Crescente;Nublado;Dupla;"Interseção de Vias;Reta";Sim;3;0;1;0;2;0;1;2;-29,1818218;-51,16620541;SPRF-RS;DEL05-RS;UOP01-DEL05-RS
549727;19/09/2023;terça-feira;18:30:00;RS;470;217,5;BENTO GONCALVES;Acessar a via sem observar a presença dos outros veículos;Colisão transversal;Com Vítimas Feridas;Plena Noite;Crescente;Nublado;Simples;"Interseção de Vias;Declive";Sim;2;0;1;0;0;1;1;2;-29,1783344;-51,51835799;SPRF-RS;DEL06-RS;UOP01-DEL06-RS
549890;20/09/2023;quarta-feira;17:35:00;RS;470;223;BENTO GONCALVES;Manobra de mudança de faixa;Colisão lateral mesmo sentido;Com Vítimas Feridas;Pleno dia;Decrescente;Céu Claro;Múltipla;Reta;Sim;3;0;2;0;1;0;2;2;-29,21249203;-51,51794436;SPRF-RS;DEL06-RS;UOP01-DEL06-RS
550108;21/09/2023;quinta-feira;17:55:00;RS;470;217;BENTO GONCALVES;Acessar a via sem observar a presença dos outros veículos;Colisão transversal;Sem Vítimas;Anoitecer;Decrescente;Nublado;Dupla;"Aclive;Rotatória";Sim;2;0;0;0;1;1;0;2;-29,16462512;-51,52551964;SPRF-RS;DEL06-RS;UOP01-DEL06-RS
550388;23/09/2023;sábado;09:40:00;RS;116;149;CAXIAS DO SUL;Transitar na contramão;Colisão frontal;Com Vítimas Feridas;Pleno dia;Decrescente;Nublado;Dupla;"Interseção de Vias;Reta;Declive";Sim;2;0;1;0;1;0;1;2;-29,16375023;-51,15842212;SPRF-RS;DEL05-RS;UOP01-DEL05-RS
550832;25/09/2023;segunda-feira;09:00:00;RS;116;142;CAXIAS DO SUL;Semáforo com defeito;Colisão transversal;Sem Vítimas;Pleno dia;Decrescente;Chuva;Dupla;"Interseção de Vias;Reta";Sim;2;0;0;0;2;0;0;2;-29,11727;-51,115208;SPRF-RS;DEL05-RS;UOP01-DEL05-RS
550922;25/09/2023;segunda-feira;17:15:00;RS;116;144,2;CAXIAS DO SUL;Reação tardia ou ineficiente do condutor;Colisão traseira;Com Vítimas Feridas;Pleno dia;Crescente;Chuva;Dupla;"Aclive;Reta";Não;3;0;1;0;1;1;1;3;-29,12974627;-51,12790346;SPRF-RS;DEL05-RS;UOP01-DEL05-RS
551411;28/09/2023;quinta-feira;06:50:00;RS;470;233;CARLOS BARBOSA;Desrespeitar a preferência no cruzamento;Colisão transversal;Com Vítimas Feridas;Pleno dia;Decrescente;Céu Claro;Simples;"Interseção de Vias;Retorno Regulamentado;Declive";Não;2;0;2;0;0;0;2;2;-29,298541;-51,480689;SPRF-RS;DEL06-RS;UOP01-DEL06-RS
551420;09/09/2023;sábado;16:10:00;RS;116;171,9;CAXIAS DO SUL;Acessar a via sem observar a presença dos outros veículos;Colisão transversal;Com Vítimas Feridas;Pleno dia;Decrescente;Nublado;Simples;Curva;Não;2;0;1;0;1;0;1;2;-29,31506635;-51,16684914;SPRF-RS;DEL05-RS;UOP02-DEL05-RS
551781;29/09/2023;sexta-feira;22:00:00;RS;470;233,1;CARLOS BARBOSA;Ultrapassagem Indevida;Colisão frontal;Com Vítimas Fatais;Plena Noite;Crescente;Céu Claro;Simples;"Declive;Curva";Não;3;1;2;0;0;0;2;2;-29,29975503;-51,48318122;SPRF-RS;DEL06-RS;UOP01-DEL06-RS
551854;30/09/2023;sábado;07:00:00;RS;116;153;CAXIAS DO SUL;Frear bruscamente;Tombamento;Com Vítimas Feridas;Pleno dia;Decrescente;Nublado;Dupla;Rotatória;Sim;2;0;2;0;0;0;2;1;-29,18579758;-51,17713005;SPRF-RS;DEL05-RS;UOP01-DEL05-RS
552241;01/10/2023;domingo;18:50:00;RS;470;157,6;NOVA PRATA;Conversão proibida;Colisão lateral mesmo sentido;Com Vítimas Feridas;Plena Noite;Crescente;Céu Claro;Simples;Reta;Sim;2;0;1;0;1;0;1;2;-28,79507068;-51,61584453;SPRF-RS;DEL06-RS;UOP02-DEL06-RS
552258;01/10/2023;domingo;21:00:00;RS;116;218;MORRO REUTER;Reação tardia ou ineficiente do condutor;Colisão com objeto;Com Vítimas Feridas;Plena Noite;Crescente;Céu Claro;Simples;Reta;Não;1;0;1;0;0;0;1;1;-29,55121993;-51,08906202;SPRF-RS;DEL05-RS;UOP02-DEL05-RS
552419;02/10/2023;segunda-feira;07:33:00;RS;470;216,2;BENTO GONCALVES;Condutor deixou de manter distância do veículo da frente;Colisão traseira;Com Vítimas Feridas;Pleno dia;Crescente;Céu Claro;Simples;Curva;Sim;2;0;1;0;1;0;1;2;-29,15887096;-51,53142395;SPRF-RS;DEL06-RS;UOP01-DEL06-RS
552501;02/10/2023;segunda-feira;20:25:00;RS;470;216;BENTO GONCALVES;Desrespeitar a preferência no cruzamento;Colisão transversal;Com Vítimas Feridas;Plena Noite;Crescente;Céu Claro;Dupla;"Curva;Interseção de Vias";Sim;2;0;1;0;1;0;1;2;-29,15887096;-51,53142395;SPRF-RS;DEL06-RS;UOP01-DEL06-RS
552724;03/10/2023;terça-feira;17:20:00;RS;470;230;GARIBALDI;Retorno proibido;Colisão transversal;Com Vítimas Feridas;Pleno dia;Crescente;Nublado;Simples;"Reta;Aclive";Sim;3;0;1;0;2;0;1;2;-29,218603;-51,51677;SPRF-RS;DEL06-RS;UOP01-DEL06-RS
552735;04/10/2023;quarta-feira;07:20:00;RS;116;149,1;CAXIAS DO SUL;Pedestre cruzava a pista fora da faixa;Atropelamento de Pedestre;Com Vítimas Feridas;Pleno dia;Decrescente;Garoa/Chuvisco;Dupla;"Reta;Interseção de Vias";Sim;2;0;1;0;1;0;1;2;-29,16094422;-51,15677476;SPRF-RS;DEL05-RS;UOP01-DEL05-RS
552880;04/10/2023;quarta-feira;20:40:00;RS;116;117,4;SAO MARCOS;Reação tardia ou ineficiente do condutor;Saída de leito carroçável;Com Vítimas Feridas;Plena Noite;Crescente;Chuva;Simples;Reta;Não;1;0;1;0;0;0;1;1;-28,98310299;-51,06761081;SPRF-RS;DEL05-RS;UOP01-DEL05-RS
553123;06/10/2023;sexta-feira;07:31:00;RS;470;161,3;NOVA PRATA;Transitar na contramão;Colisão frontal;Com Vítimas Feridas;Pleno dia;Decrescente;Nublado;Simples;"Retorno Regulamentado;Reta";Não;4;0;2;2;0;0;4;3;-28,81967936;-51,59069717;SPRF-RS;DEL06-RS;UOP02-DEL06-RS
553297;06/10/2023;sexta-feira;21:30:00;RS;470;144,2;NOVA PRATA;Reação tardia ou ineficiente do condutor;Saída de leito carroçável;Sem Vítimas;Plena Noite;Crescente;Chuva;Simples;Curva;Não;1;0;0;0;0;1;0;1;-28,686275;-51,610825;SPRF-RS;DEL06-RS;UOP02-DEL06-RS
554026;10/10/2023;terça-feira;06:55:00;RS;470;215;BENTO GONCALVES;Conversão proibida;Colisão lateral mesmo sentido;Com Vítimas Feridas;Pleno dia;Crescente;Céu Claro;Simples;Reta;Sim;2;0;1;0;1;0;1;2;-29,160222;-51,528694;SPRF-RS;DEL06-RS;UOP01-DEL06-RS
554081;09/10/2023;segunda-feira;06:50:00;RS;470;216;BENTO GONCALVES;Condutor deixou de manter distância do veículo da frente;Colisão traseira;Sem Vítimas;Pleno dia;Decrescente;Céu Claro;Dupla;Reta;Sim;3;0;0;0;3;0;0;2;-29,15887096;-51,53142395;SPRF-RS;DEL06-RS;UOP01-DEL06-RS
554467;12/10/2023;quinta-feira;03:54:00;RS;470;155,2;NOVA PRATA;Ingestão de álcool pelo condutor;Saída de leito carroçável;Com Vítimas Feridas;Plena Noite;Crescente;Garoa/Chuvisco;Simples;Reta;Sim;1;0;1;0;0;0;1;1;-28,78243906;-51,61511825;SPRF-RS;DEL06-RS;UOP02-DEL06-RS
554554;12/10/2023;quinta-feira;14:10:00;RS;470;217;BENTO GONCALVES;Acessar a via sem observar a presença dos outros veículos;Colisão transversal;Com Vítimas Feridas;Pleno dia;Decrescente;Garoa/Chuvisco;Simples;"Interseção de Vias;Rotatória";Sim;3;0;1;0;2;0;1;2;-29,16462512;-51,52551964;SPRF-RS;DEL06-RS;UOP01-DEL06-RS
554736;13/10/2023;sexta-feira;14:00:00;RS;116;155,4;CAXIAS DO SUL;Demais falhas mecânicas ou elétricas;Incêndio;Sem Vítimas;Pleno dia;Decrescente;Céu Claro;Simples;Reta;Não;2;0;0;0;2;0;0;1;-29,19873129;-51,17629631;SPRF-RS;DEL05-RS;UOP01-DEL05-RS
554760;13/10/2023;sexta-feira;16:35:00;RS;116;151,7;CAXIAS DO SUL;Manobra de mudança de faixa;Colisão lateral mesmo sentido;Com Vítimas Feridas;Pleno dia;Decrescente;Céu Claro;Dupla;"Reta;Aclive;Retorno Regulamentado";Sim;2;0;1;0;1;0;1;2;-29,17694502;-51,16173896;SPRF-RS;DEL05-RS;UOP01-DEL05-RS
554931;14/10/2023;sábado;14:20:00;RS;116;213,6;MORRO REUTER;Transitar na contramão;Colisão lateral sentido oposto;Com Vítimas Fatais;Pleno dia;Crescente;Nublado;Simples;Curva;Não;3;1;0;1;0;1;1;3;-29,51873393;-51,09415299;SPRF-RS;DEL05-RS;UOP02-DEL05-RS
555187;15/10/2023;domingo;15:30:00;RS;470;198,1;BENTO GONCALVES;Reação tardia ou ineficiente do condutor;Saída de leito carroçável;Com Vítimas Feridas;Pleno dia;Crescente;Céu Claro;Simples;Aclive;Não;5;0;2;2;1;0;4;1;-29,05968347;-51,58364604;SPRF-RS;DEL06-RS;UOP02-DEL06-RS
555291;15/10/2023;domingo;23:45:00;RS;470;226,6;GARIBALDI;Manobra de mudança de faixa;Colisão frontal;Com Vítimas Feridas;Plena Noite;Decrescente;Nublado;Simples;"Reta;Aclive";Não;3;0;2;1;0;0;3;2;-29,21556004;-51,51743821;SPRF-RS;DEL06-RS;UOP01-DEL06-RS
555344;16/10/2023;segunda-feira;09:28:00;RS;0;0;CAXIAS DO SUL;Velocidade Incompatível;Colisão lateral mesmo sentido;Sem Vítimas;Pleno dia;Não Informado;Nublado;Dupla;Rotatória;Sim;5;0;0;0;5;0;0;3;-29,17694502;-51,16173896;SPRF-RS;DEL05-RS;UOP01-DEL05-RS
555796;18/10/2023;quarta-feira;21:45:00;RS;116;159,8;CAXIAS DO SUL;Reação tardia ou ineficiente do condutor;Tombamento;Com Vítimas Feridas;Plena Noite;Crescente;Céu Claro;Simples;Reta;Sim;1;0;1;0;0;0;1;1;-29,22511711;-51,16049118;SPRF-RS;DEL05-RS;UOP01-DEL05-RS
555910;08/10/2023;domingo;18:15:00;RS;470;225;GARIBALDI;Desrespeitar a preferência no cruzamento;Colisão transversal;Sem Vítimas;Anoitecer;Crescente;Garoa/Chuvisco;Simples;"Reta;Retorno Regulamentado";Sim;7;0;0;0;7;0;0;2;-29,21454003;-51,51762617;SPRF-RS;DEL06-RS;UOP01-DEL06-RS
555997;19/10/2023;quinta-feira;19:30:00;RS;116;184;NOVA PETROPOLIS;Reação tardia ou ineficiente do condutor;Atropelamento de Pedestre;Com Vítimas Feridas;Anoitecer;Decrescente;Céu Claro;Simples;Reta;Sim;2;0;0;1;1;0;1;2;-29,38638307;-51,12346595;SPRF-RS;DEL05-RS;UOP02-DEL05-RS
556159;20/10/2023;sexta-feira;17:30:00;RS;116;144,8;CAXIAS DO SUL;Manobra de mudança de faixa;Colisão lateral mesmo sentido;Com Vítimas Feridas;Anoitecer;Crescente;Céu Claro;Dupla;Reta;Não;3;0;1;0;1;1;1;3;-29,13484442;-51,13045692;SPRF-RS;DEL05-RS;UOP01-DEL05-RS
556208;20/10/2023;sexta-feira;17:50:00;RS;470;205;BENTO GONCALVES;Manobra de mudança de faixa;Colisão traseira;Com Vítimas Feridas;Pleno dia;Crescente;Céu Claro;Dupla;Curva;Não;2;0;1;0;1;0;1;2;-29,08303999;-51,56096429;SPRF-RS;DEL06-RS;UOP01-DEL06-RS
556368;21/10/2023;sábado;16:30:00;RS;470;182;VERANOPOLIS;Reação tardia ou ineficiente do condutor;Saída de leito carroçável;Com Vítimas Feridas;Pleno dia;Crescente;Céu Claro;Simples;Reta;Não;5;0;5;0;0;0;5;1;-28,99269494;-51,56023264;SPRF-RS;DEL06-RS;UOP02-DEL06-RS
556547;22/10/2023;domingo;13:00:00;RS;116;203,2;MORRO REUTER;Reação tardia ou ineficiente do condutor;Tombamento;Com Vítimas Feridas;Pleno dia;Decrescente;Céu Claro;Simples;Reta;Não;1;0;1;0;0;0;1;1;-29,49054405;-51,15281582;SPRF-RS;DEL05-RS;UOP02-DEL05-RS
556763;13/09/2023;quarta-feira;18:50:00;RS;116;151,4;CAXIAS DO SUL;Pista Escorregadia;Capotamento;Com Vítimas Feridas;Plena Noite;Decrescente;Chuva;Dupla;Curva;Sim;1;0;0;1;0;0;1;1;-29,18086891;-51,16538709;SPRF-RS;DEL05-RS;UOP01-DEL05-RS
556833;09/09/2023;sábado;15:55:00;RS;470;218,9;BENTO GONCALVES;Ausência de reação do condutor;Tombamento;Com Vítimas Feridas;Pleno dia;Decrescente;Garoa/Chuvisco;Dupla;"Curva;Aclive";Não;1;0;1;0;0;0;1;1;-29,18766358;-51,52142721;SPRF-RS;DEL06-RS;UOP01-DEL06-RS
556835;14/09/2023;quinta-feira;05:50:00;RS;470;177,9;VERANOPOLIS;Acessar a via sem observar a presença dos outros veículos;Colisão transversal;Com Vítimas Feridas;Amanhecer;Crescente;Garoa/Chuvisco;Simples;Interseção de Vias;Não;2;0;0;1;1;0;1;2;-28,93915139;-51,54591976;SPRF-RS;DEL06-RS;UOP02-DEL06-RS
556921;24/10/2023;terça-feira;11:40:00;RS;116;154,2;CAXIAS DO SUL;Reação tardia ou ineficiente do condutor;Colisão lateral mesmo sentido;Com Vítimas Feridas;Pleno dia;Decrescente;Nublado;Simples;Reta;Sim;3;0;1;1;0;1;2;3;-29,19074818;-51,18073734;SPRF-RS;DEL05-RS;UOP01-DEL05-RS
557220;26/10/2023;quinta-feira;05:40:00;RS;116;146,6;CAXIAS DO SUL;Reação tardia ou ineficiente do condutor;Saída de leito carroçável;Com Vítimas Feridas;Amanhecer;Crescente;Céu Claro;Dupla;"Reta;Declive";Sim;1;0;1;0;0;0;1;1;-29,14675476;-51,14096045;SPRF-RS;DEL05-RS;UOP01-DEL05-RS
557282;26/10/2023;quinta-feira;10:50:00;RS;470;216;BENTO GONCALVES;Condutor deixou de manter distância do veículo da frente;Colisão lateral mesmo sentido;Com Vítimas Feridas;Pleno dia;Crescente;Céu Claro;Dupla;Reta;Sim;2;0;1;0;1;0;1;2;-29,16688678;-51,52598083;SPRF-RS;DEL06-RS;UOP01-DEL06-RS
557382;26/10/2023;quinta-feira;17:20:00;RS;470;184,2;VERANOPOLIS;Condutor deixou de manter distância do veículo da frente;Colisão traseira;Com Vítimas Fatais;Pleno dia;Decrescente;Nublado;Simples;"Reta;Aclive";Não;3;1;0;1;1;0;1;2;-28,992714;-51,560196;SPRF-RS;DEL06-RS;UOP02-DEL06-RS
557498;27/10/2023;sexta-feira;12:05:00;RS;470;214;BENTO GONCALVES;Acessar a via sem observar a presença dos outros veículos;Colisão traseira;Com Vítimas Feridas;Pleno dia;Crescente;Céu Claro;Simples;"Declive;Curva";Sim;2;0;1;0;1;0;1;2;-29,14408811;-51,53555411;SPRF-RS;DEL06-RS;UOP01-DEL06-RS
557634;28/10/2023;sábado;02:45:00;RS;470;166,2;VILA FLORES;Ausência de reação do condutor;Saída de leito carroçável;Com Vítimas Feridas;Plena Noite;Decrescente;Nublado;Simples;"Declive;Curva";Não;1;0;0;1;0;0;1;1;-28,84828234;-51,56716347;SPRF-RS;DEL06-RS;UOP02-DEL06-RS
557708;28/10/2023;sábado;11:10:00;RS;470;226;GARIBALDI;Transitar na contramão;Colisão frontal;Com Vítimas Feridas;Pleno dia;Decrescente;Céu Claro;Simples;Curva;Sim;2;0;1;0;1;0;1;2;-29,25690627;-51,51105702;SPRF-RS;DEL06-RS;UOP01-DEL06-RS
557937;29/10/2023;domingo;13:15:00;RS;116;202,4;PICADA CAFE;Reação tardia ou ineficiente do condutor;Colisão lateral sentido oposto;Com Vítimas Feridas;Pleno dia;Decrescente;Céu Claro;Simples;"Declive;Curva";Não;2;0;2;0;0;0;2;2;-29,48309143;-51,15200043;SPRF-RS;DEL05-RS;UOP02-DEL05-RS
558055;30/10/2023;segunda-feira;04:25:00;RS;470;213;BENTO GONCALVES;Ingestão de álcool pelo condutor;Saída de leito carroçável;Sem Vítimas;Plena Noite;Decrescente;Céu Claro;Dupla;"Reta;Aclive;Retorno Regulamentado";Sim;1;0;0;0;0;1;0;1;-29,14680162;-51,53204799;SPRF-RS;DEL06-RS;UOP01-DEL06-RS
558244;31/10/2023;terça-feira;06:32:00;RS;116;152;CAXIAS DO SUL;Acumulo de água sobre o pavimento;Saída de leito carroçável;Com Vítimas Feridas;Amanhecer;Crescente;Chuva;Dupla;"Declive;Curva";Sim;1;0;1;0;0;0;1;1;-29,1829343;-51,16801501;SPRF-RS;DEL05-RS;UOP01-DEL05-RS
558800;03/11/2023;sexta-feira;06:45:00;RS;470;244;BARAO;Mal súbito do condutor;Colisão com objeto;Com Vítimas Feridas;Pleno dia;Crescente;Chuva;Simples;Reta;Sim;1;0;1;0;0;0;1;1;-29,36247007;-51,51749611;SPRF-RS;DEL06-RS;UOP01-DEL06-RS
558969;03/11/2023;sexta-feira;23:15:00;RS;116;151,2;CAXIAS DO SUL;Transitar na contramão;Colisão frontal;Com Vítimas Feridas;Plena Noite;Crescente;Nublado;Dupla;Curva;Sim;2;0;2;0;0;0;2;2;-29,18131598;-51,16610885;SPRF-RS;DEL05-RS;UOP01-DEL05-RS
559004;04/11/2023;sábado;03:00:00;RS;470;174,9;VERANOPOLIS;Reação tardia ou ineficiente do condutor;Saída de leito carroçável;Sem Vítimas;Plena Noite;Crescente;Céu Claro;Simples;"Reta;Em Obras";Sim;1;0;0;0;0;1;0;1;-28,92055134;-51,53862476;SPRF-RS;DEL06-RS;UOP02-DEL06-RS
559160;04/11/2023;sábado;20:15:00;RS;470;175;VERANOPOLIS;Ausência de reação do condutor;Colisão traseira;Com Vítimas Feridas;Plena Noite;Crescente;Céu Claro;Simples;Reta;Não;5;0;1;0;4;0;1;2;-28,91926201;-51,53914905;SPRF-RS;DEL06-RS;UOP02-DEL06-RS
559277;05/11/2023;domingo;15:00:00;RS;116;126;SAO MARCOS;Retorno proibido;Colisão transversal;Sem Vítimas;Pleno dia;Decrescente;Céu Claro;Simples;Reta;Não;2;0;0;0;1;1;0;2;-29,024646;-51,103623;SPRF-RS;DEL05-RS;UOP01-DEL05-RS
559708;07/11/2023;terça-feira;13:30:00;RS;116;150;CAXIAS DO SUL;Ausência de reação do condutor;Colisão lateral mesmo sentido;Sem Vítimas;Pleno dia;Decrescente;Céu Claro;Dupla;Retorno Regulamentado;Sim;3;0;0;0;2;1;0;3;-29,168428;-51,158337;SPRF-RS;DEL05-RS;UOP01-DEL05-RS
559919;08/11/2023;quarta-feira;12:30:00;RS;116;126,9;SAO MARCOS;Velocidade Incompatível;Saída de leito carroçável;Com Vítimas Feridas;Pleno dia;Crescente;Nublado;Simples;Curva;Não;1;0;0;1;0;0;1;1;-29,02627594;-51,11013651;SPRF-RS;DEL05-RS;UOP01-DEL05-RS
559996;05/11/2023;domingo;17:00:00;RS;470;154;NOVA PRATA;Acessar a via sem observar a presença dos outros veículos;Colisão transversal;Sem Vítimas;Pleno dia;Decrescente;Céu Claro;Simples;"Reta;Aclive;Interseção de Vias";Sim;5;0;0;0;5;0;0;2;-28,77711311;-51,61126545;SPRF-RS;DEL06-RS;UOP02-DEL06-RS
559999;08/11/2023;quarta-feira;19:25:00;RS;116;144,8;CAXIAS DO SUL;Velocidade Incompatível;Colisão com objeto;Com Vítimas Feridas;Plena Noite;Decrescente;Céu Claro;Dupla;"Interseção de Vias;Retorno Regulamentado;Reta";Sim;5;0;0;3;1;1;3;4;-29,1349194;-51,13032818;SPRF-RS;DEL05-RS;UOP01-DEL05-RS
560140;09/11/2023;quinta-feira;18:05:00;RS;116;148,9;CAXIAS DO SUL;Pedestre cruzava a pista fora da faixa;Atropelamento de Pedestre;Com Vítimas Feridas;Anoitecer;Crescente;Nublado;Dupla;Reta;Sim;2;0;1;0;1;0;1;2;-29,16750788;-51,15862012;SPRF-RS;DEL05-RS;UOP01-DEL05-RS
560209;10/11/2023;sexta-feira;03:20:00;RS;470;223;GARIBALDI;Reação tardia ou ineficiente do condutor;Saída de leito carroçável;Com Vítimas Feridas;Plena Noite;Decrescente;Céu Claro;Simples;Reta;Não;1;0;1;0;0;0;1;1;-29,21249203;-51,51794436;SPRF-RS;DEL06-RS;UOP01-DEL06-RS
560628;11/11/2023;sábado;18:00:00;RS;116;152,5;CAXIAS DO SUL;Reação tardia ou ineficiente do condutor;Colisão lateral sentido oposto;Sem Vítimas;Anoitecer;Crescente;Garoa/Chuvisco;Simples;Curva;Sim;2;0;0;0;2;0;0;2;-29,1829343;-51,16801501;SPRF-RS;DEL05-RS;UOP01-DEL05-RS
560878;12/11/2023;domingo;18:30:00;RS;470;240;CARLOS BARBOSA;Condutor Dormindo;Saída de leito carroçável;Com Vítimas Feridas;Anoitecer;Crescente;Chuva;Simples;Reta;Não;1;0;1;0;0;0;1;1;-29,33853872;-51,5054282;SPRF-RS;DEL06-RS;UOP01-DEL06-RS
560903;12/11/2023;domingo;19:40:00;RS;470;222;GARIBALDI;Reação tardia ou ineficiente do condutor;Saída de leito carroçável;Com Vítimas Feridas;Plena Noite;Crescente;Chuva;Dupla;Reta;Não;1;0;1;0;0;0;1;1;-29,20372835;-51,51786908;SPRF-RS;DEL06-RS;UOP01-DEL06-RS
561164;13/11/2023;segunda-feira;09:00:00;RS;470;224;BENTO GONCALVES;Acessar a via sem observar a presença dos outros veículos;Colisão transversal;Com Vítimas Feridas;Pleno dia;Crescente;Chuva;Simples;"Reta;Aclive;Interseção de Vias";Não;2;0;1;0;1;0;1;2;-29,21351804;-51,51780626;SPRF-RS;DEL06-RS;UOP01-DEL06-RS
561215;14/11/2023;terça-feira;08:10:00;RS;470;215,3;BENTO GONCALVES;Mal súbito do condutor;Colisão lateral sentido oposto;Com Vítimas Feridas;Pleno dia;Crescente;Chuva;Simples;"Declive;Curva;Retorno Regulamentado";Sim;3;0;2;0;1;0;2;3;-29,16124959;-51,52655482;SPRF-RS;DEL06-RS;UOP01-DEL06-RS
561506;15/11/2023;quarta-feira;16:15:00;RS;470;173,1;VERANOPOLIS;Reação tardia ou ineficiente do condutor;Saída de leito carroçável;Com Vítimas Feridas;Pleno dia;Crescente;Garoa/Chuvisco;Simples;"Declive;Curva";Não;4;0;4;0;0;0;4;1;-28,90167782;-51,55243982;SPRF-RS;DEL06-RS;UOP02-DEL06-RS
561757;17/11/2023;sexta-feira;02:31:00;RS;470;206;BENTO GONCALVES;Ingestão de álcool pelo condutor;Colisão frontal;Com Vítimas Feridas;Plena Noite;Crescente;Ignorado;Simples;Curva;Não;2;0;2;0;0;0;2;2;-29,08977;-51,556176;SPRF-RS;DEL06-RS;UOP01-DEL06-RS
562384;19/11/2023;domingo;22:55:00;RS;116;161,8;CAXIAS DO SUL;Velocidade Incompatível;Saída de leito carroçável;Sem Vítimas;Plena Noite;Crescente;Nublado;Simples;Curva;Sim;1;0;0;0;0;1;0;1;-29,24019404;-51,15933323;SPRF-RS;DEL05-RS;UOP01-DEL05-RS
562633;21/11/2023;terça-feira;00:15:00;RS;470;207;BENTO GONCALVES;Reação tardia ou ineficiente do condutor;Saída de leito carroçável;Com Vítimas Feridas;Plena Noite;Crescente;Céu Claro;Simples;Curva;Não;1;0;1;0;0;0;1;1;-29,09490791;-51,54890598;SPRF-RS;DEL06-RS;UOP01-DEL06-RS
563327;24/11/2023;sexta-feira;18:00:00;RS;470;232;CARLOS BARBOSA;Condutor deixou de manter distância do veículo da frente;Colisão lateral mesmo sentido;Com Vítimas Feridas;Pleno dia;Decrescente;Céu Claro;Dupla;Reta;Não;2;0;1;0;1;0;1;2;-29,23579206;-51,51193423;SPRF-RS;DEL06-RS;UOP01-DEL06-RS
563503;25/11/2023;sábado;11:40:00;RS;470;169;VILA FLORES;Conversão proibida;Colisão transversal;Com Vítimas Feridas;Pleno dia;Decrescente;Céu Claro;Simples;Reta;Sim;2;0;0;1;1;0;1;2;-28,86454223;-51,55299051;SPRF-RS;DEL06-RS;UOP02-DEL06-RS
563557;25/11/2023;sábado;13:45:00;RS;470;233;CARLOS BARBOSA;Desrespeitar a preferência no cruzamento;Colisão transversal;Com Vítimas Feridas;Pleno dia;Decrescente;Sol;Simples;"Reta;Retorno Regulamentado";Não;3;0;1;0;2;0;1;2;-29,29860039;-51,48072124;SPRF-RS;DEL06-RS;UOP01-DEL06-RS
563609;25/11/2023;sábado;20:50:00;RS;116;144,1;CAXIAS DO SUL;Reação tardia ou ineficiente do condutor;Tombamento;Com Vítimas Feridas;Plena Noite;Crescente;Céu Claro;Dupla;Curva;Sim;2;0;0;1;0;1;1;2;-29,1267449;-51,12768983;SPRF-RS;DEL05-RS;UOP01-DEL05-RS
563836;26/11/2023;domingo;21:10:00;RS;470;218,2;BENTO GONCALVES;Acessar a via sem observar a presença dos outros veículos;Colisão transversal;Sem Vítimas;Plena Noite;Crescente;Céu Claro;Simples;Interseção de Vias;Não;4;0;0;0;4;0;0;2;-29,17292214;-51,52424936;SPRF-RS;DEL06-RS;UOP01-DEL06-RS
564067;28/11/2023;terça-feira;07:00:00;RS;116;146;CAXIAS DO SUL;Avarias e/ou desgaste excessivo no pneu;Tombamento;Com Vítimas Feridas;Pleno dia;Decrescente;Chuva;Dupla;Reta;Sim;1;0;1;0;0;0;1;1;-29,14228897;-51,13622202;SPRF-RS;DEL05-RS;UOP01-DEL05-RS
564201;28/11/2023;terça-feira;19:40:00;RS;116;144,1;CAXIAS DO SUL;Velocidade Incompatível;Colisão frontal;Com Vítimas Feridas;Plena Noite;Decrescente;Chuva;Dupla;"Declive;Curva";Sim;2;0;1;1;0;0;2;2;-29,12849043;-51,12738848;SPRF-RS;DEL05-RS;UOP01-DEL05-RS
564212;28/11/2023;terça-feira;21:10:00;RS;116;143,1;CAXIAS DO SUL;Reação tardia ou ineficiente do condutor;Colisão lateral mesmo sentido;Sem Vítimas;Plena Noite;Decrescente;Nublado;Dupla;Reta;Sim;5;0;0;0;5;0;0;2;-29,12028026;-51,1226356;SPRF-RS;DEL05-RS;UOP01-DEL05-RS
564650;01/12/2023;sexta-feira;07:10:00;RS;470;216,5;BENTO GONCALVES;Avarias e/ou desgaste excessivo no pneu;Eventos atípicos;Com Vítimas Feridas;Pleno dia;Decrescente;Sol;Dupla;"Curva;Retorno Regulamentado";Sim;2;0;2;0;0;0;2;2;-29,171212;-51,524512;SPRF-RS;DEL06-RS;UOP01-DEL06-RS
564756;01/12/2023;sexta-feira;17:35:00;RS;470;167,9;VILA FLORES;Reação tardia ou ineficiente do condutor;Colisão traseira;Com Vítimas Feridas;Pleno dia;Decrescente;Céu Claro;Dupla;"Reta;Em Obras";Sim;3;0;1;0;2;0;1;2;-28,86004297;-51,55475963;SPRF-RS;DEL06-RS;UOP02-DEL06-RS
565834;06/12/2023;quarta-feira;03:28:00;RS;470;205;BENTO GONCALVES;Demais falhas mecânicas ou elétricas;Incêndio;Sem Vítimas;Plena Noite;Crescente;Nublado;Simples;Reta;Não;1;0;0;0;0;1;0;1;-29,08303999;-51,56096429;SPRF-RS;DEL06-RS;UOP01-DEL06-RS
566469;08/12/2023;sexta-feira;23:30:00;RS;470;157,5;NOVA PRATA;Ingestão de álcool pelo condutor;Saída de leito carroçável;Com Vítimas Feridas;Plena Noite;Crescente;Céu Claro;Simples;"Declive;Curva";Não;1;0;1;0;0;0;1;1;-28,791576;-51,616725;SPRF-RS;DEL06-RS;UOP02-DEL06-RS
566734;10/12/2023;domingo;03:00:00;RS;116;152,4;CAXIAS DO SUL;Ingestão de álcool pelo condutor;Tombamento;Com Vítimas Feridas;Plena Noite;Crescente;Céu Claro;Dupla;Reta;Sim;1;0;1;0;0;0;1;1;-29,18415418;-51,17215991;SPRF-RS;DEL05-RS;UOP01-DEL05-RS
566777;10/12/2023;domingo;08:40:00;RS;116;147,2;CAXIAS DO SUL;Reação tardia ou ineficiente do condutor;Colisão traseira;Sem Vítimas;Pleno dia;Decrescente;Nublado;Dupla;Reta;Sim;2;0;0;0;2;0;0;2;-29,14908014;-51,1429969;SPRF-RS;DEL05-RS;UOP01-DEL05-RS
566914;10/12/2023;domingo;20:05:00;RS;470;225;GARIBALDI;Acessar a via sem observar a presença dos outros veículos;Colisão transversal;Com Vítimas Feridas;Plena Noite;Crescente;Céu Claro;Simples;Reta;Não;2;0;1;0;1;0;1;2;-29,21454003;-51,51762617;SPRF-RS;DEL06-RS;UOP01-DEL06-RS
567088;11/12/2023;segunda-feira;12:15:00;RS;116;145,9;CAXIAS DO SUL;Condutor deixou de manter distância do veículo da frente;Colisão traseira;Com Vítimas Feridas;Pleno dia;Crescente;Céu Claro;Dupla;Reta;Sim;2;0;0;1;1;0;1;2;-29,1350217;-51,1302779;SPRF-RS;DEL05-RS;UOP01-DEL05-RS
567471;13/12/2023;quarta-feira;11:00:00;RS;116;152,3;CAXIAS DO SUL;Acessar a via sem observar a presença dos outros veículos;Colisão transversal;Com Vítimas Feridas;Pleno dia;Crescente;Céu Claro;Simples;Reta;Sim;3;0;1;1;1;0;2;2;-29,1829343;-51,16801501;SPRF-RS;DEL05-RS;UOP01-DEL05-RS
567669;21/10/2023;sábado;11:10:00;RS;116;206,9;PICADA CAFE;Reação tardia ou ineficiente do condutor;Colisão lateral sentido oposto;Com Vítimas Feridas;Pleno dia;Decrescente;Céu Claro;Simples;Curva;Não;5;0;0;1;2;2;1;3;-29,49966726;-51,1306017;SPRF-RS;DEL05-RS;UOP02-DEL05-RS
567768;14/12/2023;quinta-feira;18:45:00;RS;470;212;BENTO GONCALVES;Acessar a via sem observar a presença dos outros veículos;Colisão transversal;Com Vítimas Feridas;Pleno dia;Decrescente;Chuva;Simples;Curva;Sim;2;0;1;0;1;0;1;2;-29,1311721;-51,54412793;SPRF-RS;DEL06-RS;UOP01-DEL06-RS
567770;14/12/2023;quinta-feira;19:10:00;RS;116;136,9;CAXIAS DO SUL;Reação tardia ou ineficiente do condutor;Saída de leito carroçável;Sem Vítimas;Anoitecer;Crescente;Nublado;Simples;Curva;Não;2;0;0;0;2;0;0;1;-29,075135;-51,106044;SPRF-RS;DEL05-RS;UOP01-DEL05-RS
567924;15/12/2023;sexta-feira;12:45:00;RS;470;161;NOVA PRATA;Reação tardia ou ineficiente do condutor;Colisão traseira;Com Vítimas Feridas;Pleno dia;Crescente;Céu Claro;Simples;Reta;Não;2;0;1;0;1;0;1;2;-28,82096715;-51,5889591;SPRF-RS;DEL06-RS;UOP02-DEL06-RS
568034;15/12/2023;sexta-feira;18:20:00;RS;116;203;PICADA CAFE;Ultrapassagem Indevida;Colisão frontal;Com Vítimas Feridas;Anoitecer;Crescente;Chuva;Simples;Curva;Não;7;0;2;0;5;0;2;2;-29,49113279;-51,14998489;SPRF-RS;DEL05-RS;UOP02-DEL05-RS
568106;16/12/2023;sábado;01:00:00;RS;470;200;BENTO GONCALVES;Reação tardia ou ineficiente do condutor;Tombamento;Sem Vítimas;Plena Noite;Decrescente;Céu Claro;Simples;"Declive;Curva";Não;1;0;0;0;1;0;0;1;-29,06782259;-51,57710695;SPRF-RS;DEL06-RS;UOP02-DEL06-RS
568127;16/12/2023;sábado;03:30:00;RS;116;158,8;CAXIAS DO SUL;Demais falhas mecânicas ou elétricas;Eventos atípicos;Sem Vítimas;Plena Noite;Decrescente;Nublado;Simples;"Reta;Declive";Sim;1;0;0;0;0;1;0;1;-29,22015528;-51,16867117;SPRF-RS;DEL05-RS;UOP01-DEL05-RS
568789;18/12/2023;segunda-feira;17:51:00;RS;116;142,8;CAXIAS DO SUL;Acessar a via sem observar a presença dos outros veículos;Colisão lateral mesmo sentido;Sem Vítimas;Pleno dia;Crescente;Nublado;Dupla;Reta;Sim;3;0;0;0;2;1;0;3;-29,11727;-51,115208;SPRF-RS;DEL05-RS;UOP01-DEL05-RS
568986;19/12/2023;terça-feira;11:50:00;RS;470;178;VERANOPOLIS;Condutor deixou de manter distância do veículo da frente;Colisão traseira;Sem Vítimas;Pleno dia;Crescente;Garoa/Chuvisco;Dupla;"Reta;Interseção de Vias";Sim;2;0;0;0;2;0;0;2;-28,94753484;-51,55413312;SPRF-RS;DEL06-RS;UOP02-DEL06-RS
569475;21/12/2023;quinta-feira;14:19:00;RS;470;237;CARLOS BARBOSA;Retorno proibido;Colisão transversal;Com Vítimas Feridas;Pleno dia;Crescente;Céu Claro;Simples;Reta;Não;2;0;1;0;1;0;1;2;-29,28420506;-51,49174876;SPRF-RS;DEL06-RS;UOP01-DEL06-RS
569496;21/12/2023;quinta-feira;16:45:00;RS;116;152,7;CAXIAS DO SUL;Manobra de mudança de faixa;Colisão traseira;Com Vítimas Feridas;Pleno dia;Decrescente;Céu Claro;Simples;Reta;Sim;3;0;2;0;1;0;2;2;-29,1829343;-51,16801501;SPRF-RS;DEL05-RS;UOP01-DEL05-RS
569711;22/12/2023;sexta-feira;10:54:00;RS;470;210,4;BENTO GONCALVES;Ingestão de álcool pelo condutor;Colisão traseira;Sem Vítimas;Pleno dia;Decrescente;Céu Claro;Simples;Reta;Não;3;0;0;0;3;0;0;2;-29,11647449;-51,54258383;SPRF-RS;DEL06-RS;UOP01-DEL06-RS
569755;22/12/2023;sexta-feira;14:50:00;RS;116;152,5;CAXIAS DO SUL;Retorno proibido;Colisão transversal;Com Vítimas Feridas;Pleno dia;Crescente;Céu Claro;Dupla;Curva;Sim;2;0;0;1;1;0;1;2;-29,1829343;-51,16801501;SPRF-RS;DEL05-RS;UOP01-DEL05-RS
569967;23/12/2023;sábado;09:15:00;RS;470;193,6;BENTO GONCALVES;Transitar na contramão;Colisão frontal;Com Vítimas Feridas;Pleno dia;Decrescente;Céu Claro;Simples;Curva;Não;3;0;1;0;1;1;1;2;-29,04870411;-51,57001734;SPRF-RS;DEL06-RS;UOP02-DEL06-RS
570129;23/12/2023;sábado;19:55:00;RS;470;170;VERANOPOLIS;Transitar na contramão;Colisão lateral sentido oposto;Com Vítimas Feridas;Plena Noite;Crescente;Nublado;Simples;Reta;Sim;4;0;3;0;1;0;3;2;-28,87243764;-51,55049156;SPRF-RS;DEL06-RS;UOP02-DEL06-RS
570132;23/12/2023;sábado;19:50:00;RS;116;149;CAXIAS DO SUL;Ausência de reação do condutor;Colisão lateral mesmo sentido;Com Vítimas Feridas;Plena Noite;Crescente;Nublado;Múltipla;Curva;Sim;3;0;2;0;0;1;2;2;-29,1604907;-51,15690351;SPRF-RS;DEL05-RS;UOP01-DEL05-RS
570322;08/12/2023;sexta-feira;14:30:00;RS;116;106,5;SAO MARCOS;Curva acentuada;Queda de ocupante de veículo;Com Vítimas Feridas;Pleno dia;Decrescente;Céu Claro;Simples;Curva;Não;1;0;0;1;0;0;1;1;-28,91804795;-51,10840291;SPRF-RS;DEL05-RS;UOP01-DEL05-RS
570478;25/12/2023;segunda-feira;07:15:00;RS;116;140,7;CAXIAS DO SUL;Ingestão de álcool pelo condutor;Colisão lateral mesmo sentido;Com Vítimas Feridas;Amanhecer;Crescente;Nublado;Simples;Reta;Sim;2;0;0;1;1;0;1;2;-29,10381619;-51,10968039;SPRF-RS;DEL05-RS;UOP01-DEL05-RS
570919;27/12/2023;quarta-feira;13:50:00;RS;116;152,9;CAXIAS DO SUL;Reação tardia ou ineficiente do condutor;Colisão transversal;Com Vítimas Feridas;Pleno dia;Decrescente;Céu Claro;Simples;Reta;Sim;3;0;0;1;1;1;1;3;-29,18585894;-51,17615104;SPRF-RS;DEL05-RS;UOP01-DEL05-RS
571076;28/12/2023;quinta-feira;11:40:00;RS;470;177;VERANOPOLIS;Acessar a via sem observar a presença dos outros veículos;Colisão transversal;Com Vítimas Feridas;Pleno dia;Crescente;Céu Claro;Simples;Reta;Não;2;0;1;0;1;0;1;2;-28,93915139;-51,54591976;SPRF-RS;DEL06-RS;UOP02-DEL06-RS
571115;28/12/2023;quinta-feira;15:00:00;RS;470;216,8;BENTO GONCALVES;Acessar a via sem observar a presença dos outros veículos;Colisão transversal;Com Vítimas Feridas;Pleno dia;Decrescente;Céu Claro;Dupla;Reta;Sim;3;0;2;0;1;0;2;2;-29,15887096;-51,53142395;SPRF-RS;DEL06-RS;UOP01-DEL06-RS
571177;28/12/2023;quinta-feira;20:50:00;RS;116;149;CAXIAS DO SUL;Ingestão de álcool pelo condutor;Saída de leito carroçável;Com Vítimas Feridas;Plena Noite;Decrescente;Céu Claro;Dupla;Curva;Sim;1;0;1;0;0;0;1;1;-29,15996905;-51,15645292;SPRF-RS;DEL05-RS;UOP01-DEL05-RS
571179;28/12/2023;quinta-feira;20:30:00;RS;470;178;VERANOPOLIS;Manobra de mudança de faixa;Colisão lateral mesmo sentido;Sem Vítimas;Plena Noite;Crescente;Céu Claro;Simples;Reta;Sim;2;0;0;0;2;0;0;2;-28,94753484;-51,55413312;SPRF-RS;DEL06-RS;UOP02-DEL06-RS
571240;02/12/2023;sábado;03:05:00;RS;470;162;NOVA PRATA;Reação tardia ou ineficiente do condutor;Colisão traseira;Com Vítimas Feridas;Plena Noite;Crescente;Nublado;Simples;Reta;Sim;4;0;0;2;2;0;2;2;-28,82207304;-51,58755803;SPRF-RS;DEL06-RS;UOP02-DEL06-RS
571365;29/12/2023;sexta-feira;16:45:00;RS;116;150,4;CAXIAS DO SUL;Reação tardia ou ineficiente do condutor;Colisão com objeto;Com Vítimas Feridas;Pleno dia;Decrescente;Céu Claro;Múltipla;Reta;Sim;1;0;1;0;0;0;1;1;-29,168428;-51,158337;SPRF-RS;DEL05-RS;UOP01-DEL05-RS
571554;30/12/2023;sábado;16:40:00;RS;116;163,1;CAXIAS DO SUL;Acessar a via sem observar a presença dos outros veículos;Colisão transversal;Com Vítimas Feridas;Pleno dia;Decrescente;Céu Claro;Simples;Curva;Não;3;0;1;0;2;0;1;2;-29,25506295;-51,16005783;SPRF-RS;DEL05-RS;UOP02-DEL05-RS
571703;31/12/2023;domingo;11:35:00;RS;470;247;BARAO;Conversão proibida;Tombamento;Com Vítimas Feridas;Pleno dia;Crescente;Céu Claro;Simples;"Curva;Interseção de Vias;Declive";Não;2;0;1;0;1;0;1;2;-29,37593098;-51,49908082;SPRF-RS;DEL06-RS;UOP01-DEL06-RS
572552;20/06/2023;terça-feira;18:40:00;RS;116;142,8;CAXIAS DO SUL;Reação tardia ou ineficiente do condutor;Colisão traseira;Sem Vítimas;Plena Noite;Decrescente;Céu Claro;Dupla;Reta;Sim;3;0;0;0;3;0;0;3;-29,11839633;-51,1200285;SPRF-RS;DEL05-RS;UOP01-DEL05-RS
573959;02/12/2023;sábado;18:25:00;RS;470;218;BENTO GONCALVES;Reação tardia ou ineficiente do condutor;Saída de leito carroçável;Com Vítimas Feridas;Pleno dia;Decrescente;Nevoeiro/Neblina;Simples;"Curva;Aclive";Não;5;0;2;2;1;0;4;1;-29,17292214;-51,52424936;SPRF-RS;DEL06-RS;UOP01-DEL06-RS
574386;13/12/2023;quarta-feira;19:50:00;RS;470;177;VERANOPOLIS;Acessar a via sem observar a presença dos outros veículos;Colisão transversal;Com Vítimas Feridas;Plena Noite;Decrescente;Céu Claro;Simples;"Reta;Declive";Sim;2;0;0;1;1;0;1;2;-28,93915139;-51,54591976;SPRF-RS;DEL06-RS;UOP02-DEL06-RS
574476;09/12/2023;sábado;06:20:00;RS;470;153;NOVA PRATA;Ingestão de álcool pelo condutor;Saída de leito carroçável;Com Vítimas Feridas;Amanhecer;Decrescente;Céu Claro;Simples;Reta;Sim;1;0;1;0;0;0;1;1;-28,77133;-51,61788;SPRF-RS;DEL06-RS;UOP02-DEL06-RS
572293;03/01/2024;quarta-feira;06:20:00;RS;470;225;GARIBALDI;Acessar a via sem observar a presença dos outros veículos;Colisão transversal;Com Vítimas Feridas;Pleno dia;Crescente;Céu Claro;Simples;"Reta;Retorno Regulamentado";Sim;2;0;0;1;1;0;1;2;-29,21454003;-5151762617;SPRF-RS;DEL06-RS;UOP01-DEL06-RS
576477;22/01/2024;segunda-feira;15:00:00;RS;116;131,9;CAXIAS DO SUL;Problema com o freio;Colisão com objeto;Com Vítimas Fatais;Pleno dia;Decrescente;Nublado;Simples;"Declive;Curva";Não;3;1;0;1;0;1;1;2;-2904243793;-5109118821;SPRF-RS;DEL05-RS;UOP01-DEL05-RS
576848;24/01/2024;quarta-feira;16:40:00;RS;470;194,2;BENTO GONCALVES;Transitar na contramão;Colisão frontal;Com Vítimas Feridas;Pleno dia;Crescente;Chuva;Simples;"Declive;Curva";Não;2;0;1;0;1;0;1;2;-2905030203;-5157387285;SPRF-RS;DEL06-RS;UOP02-DEL06-RS
576898;24/01/2024;quarta-feira;17:10:00;RS;470;194,5;BENTO GONCALVES;Reação tardia ou ineficiente do condutor;Colisão traseira;Sem Vítimas;Pleno dia;Decrescente;Chuva;Simples;"Reta;Declive";Não;4;0;0;0;4;0;0;3;-2905030203;-5157387285;SPRF-RS;DEL06-RS;UOP02-DEL06-RS
578302;01/02/2024;quinta-feira;07:11:00;RS;470;220,1;BENTO GONCALVES;Manobra de mudança de faixa;Colisão lateral mesmo sentido;Sem Vítimas;Pleno dia;Crescente;Céu Claro;Simples;Interseção de Vias;Não;3;0;0;0;1;2;0;3;-2919657802;-51518801;SPRF-RS;DEL06-RS;UOP01-DEL06-RS
579198;05/02/2024;segunda-feira;15:40:00;RS;470;165;VILA FLORES;Manobra de mudança de faixa;Colisão lateral mesmo sentido;Sem Vítimas;Pleno dia;Crescente;Céu Claro;Dupla;Reta;Não;6;0;0;0;5;1;0;2;-2884169703;-5157429796;SPRF-RS;DEL06-RS;UOP02-DEL06-RS
581336;15/02/2024;quinta-feira;15:45:00;RS;470;225;GARIBALDI;Acessar a via sem observar a presença dos outros veículos;Colisão transversal;Com Vítimas Feridas;Pleno dia;Crescente;Nublado;Simples;Rotatória;Sim;2;0;1;0;1;0;1;2;-2924660013;-5151601374;SPRF-RS;DEL06-RS;UOP01-DEL06-RS
581437;16/02/2024;sexta-feira;08:35:00;RS;470;166,8;VILA FLORES;Reação tardia ou ineficiente do condutor;Colisão traseira;Com Vítimas Feridas;Pleno dia;Decrescente;Chuva;Simples;"Reta;Declive";Não;3;0;1;0;1;1;1;3;-288560509;-5155771673;SPRF-RS;DEL06-RS;UOP02-DEL06-RS
582692;23/02/2024;sexta-feira;00:50:00;RS;470;189,3;VERANOPOLIS;Reação tardia ou ineficiente do condutor;Colisão traseira;Com Vítimas Feridas;Plena Noite;Crescente;Nublado;Simples;"Aclive;Reta";Não;7;0;1;0;4;2;1;3;-2901620401;-5156173297;SPRF-RS;DEL06-RS;UOP02-DEL06-RS
584339;01/03/2024;sexta-feira;20:00:00;RS;116;125;SAO MARCOS;Ultrapassagem Indevida;Colisão frontal;Com Vítimas Feridas;Plena Noite;Decrescente;Nublado;Simples;Curva;Não;8;0;1;4;1;3;5;6;-2902308597;-51090808;SPRF-RS;DEL05-RS;UOP01-DEL05-RS
586579;11/03/2024;segunda-feira;14:09:00;RS;470;169,1;VILA FLORES;Acessar a via sem observar a presença dos outros veículos;Colisão transversal;Com Vítimas Feridas;Pleno dia;Decrescente;Céu Claro;Simples;Reta;Não;2;0;1;0;1;0;1;2;-2886454223;-5155299051;SPRF-RS;DEL06-RS;UOP02-DEL06-RS
587700;16/03/2024;sábado;14:32:00;RS;116;107;SAO MARCOS;Desrespeitar a preferência no cruzamento;Colisão transversal;Com Vítimas Feridas;Pleno dia;Decrescente;Chuva;Simples;"Interseção de Vias;Reta";Não;2;0;0;1;1;0;1;2;-28924318;-5110364;SPRF-RS;DEL05-RS;UOP01-DEL05-RS
588740;20/03/2024;quarta-feira;23:10:00;RS;470;193;BENTO GONCALVES;Ingestão de álcool pelo condutor;Colisão com objeto;Sem Vítimas;Plena Noite;Crescente;Céu Claro;Simples;"Reta;Ponte";Não;2;0;0;0;1;2;0;3;-2904507912;-5156926298;SPRF-RS;DEL06-RS;UOP02-DEL06-RS
589213;03/01/2024;quarta-feira;13:15:00;RS;470;225;GARIBALDI;Acessar a via sem observar a presença dos outros veículos;Colisão lateral mesmo sentido;Sem Vítimas;Pleno dia;Decrescente;Céu Claro;Simples;Reta;Não;2;0;0;0;2;0;0;2;-2921454003;-5151762617;SPRF-RS;DEL06-RS;UOP01-DEL06-RS
589219;23/03/2024;sábado;09:50:00;RS;470;179;VERANOPOLIS;Conversão proibida;Colisão transversal;Com Vítimas Feridas;Pleno dia;Crescente;Céu Claro;Simples;Reta;Não;3;0;1;0;1;1;1;3;-2895614928;-5156242466;SPRF-RS;DEL06-RS;UOP02-DEL06-RS
590299;28/03/2024;quinta-feira;12:00:00;RS;116;130;SAO MARCOS;Demais falhas mecânicas ou elétricas;Colisão frontal;Com Vítimas Feridas;Pleno dia;Decrescente;Sol;Simples;Curva;Não;4;0;1;0;1;2;1;4;-2903573345;-5109397238;SPRF-RS;DEL05-RS;UOP01-DEL05-RS
590359;28/03/2024;quinta-feira;18:40:00;RS;116;121,7;SAO MARCOS;Transitar na contramão;Colisão lateral sentido oposto;Com Vítimas Feridas;Plena Noite;Decrescente;Céu Claro;Simples;Curva;Não;3;0;1;1;1;0;2;2;-2900573128;-5106932906;SPRF-RS;DEL05-RS;UOP01-DEL05-RS
590715;30/03/2024;sábado;10:50:00;RS;116;165,8;CAXIAS DO SUL;Transitar na contramão;Colisão frontal;Com Vítimas Feridas;Pleno dia;Crescente;Céu Claro;Simples;Curva;Não;3;0;0;1;1;1;1;3;-292596449;-511574433;SPRF-RS;DEL05-RS;UOP02-DEL05-RS
593279;11/04/2024;quinta-feira;11:30:00;RS;470;175;VERANOPOLIS;Acumulo de água sobre o pavimento;Saída de leito carroçável;Com Vítimas Feridas;Pleno dia;Decrescente;Chuva;Simples;Declive;Sim;4;0;1;0;3;0;1;3;-2891926201;-5153914905;SPRF-RS;DEL06-RS;UOP02-DEL06-RS
594257;15/04/2024;segunda-feira;22:20:00;RS;116;174,8;NOVA PETROPOLIS;Ausência de reação do condutor;Colisão com objeto;Com Vítimas Feridas;Plena Noite;Crescente;Céu Claro;Simples;Reta;Não;2;0;1;0;0;1;1;2;-2933141698;-5116362896;SPRF-RS;DEL05-RS;UOP02-DEL05-RS
596275;25/04/2024;quinta-feira;13:20:00;RS;470;216;BENTO GONCALVES;Acessar a via sem observar a presença dos outros veículos;Colisão lateral mesmo sentido;Sem Vítimas;Pleno dia;Crescente;Céu Claro;Dupla;Reta;Sim;2;0;0;0;2;0;0;2;-2915887096;-5153142395;SPRF-RS;DEL06-RS;UOP01-DEL06-RS
596578;26/04/2024;sexta-feira;19:50:00;RS;470;224,9;GARIBALDI;Velocidade Incompatível;Colisão transversal;Com Vítimas Feridas;Plena Noite;Crescente;Céu Claro;Simples;"Reta;Retorno Regulamentado";Sim;3;0;1;0;2;0;1;2;-2921351804;-5151780626;SPRF-RS;DEL06-RS;UOP01-DEL06-RS
597248;29/04/2024;segunda-feira;16:15:00;RS;470;186;VERANOPOLIS;Ultrapassagem Indevida;Colisão lateral mesmo sentido;Com Vítimas Feridas;Pleno dia;Decrescente;Garoa/Chuvisco;Simples;"Curva;Aclive";Não;5;0;1;0;4;0;1;2;-2900634714;-5154974121;SPRF-RS;DEL06-RS;UOP02-DEL06-RS
597544;01/05/2024;quarta-feira;01:45:00;RS;470;163;NOVA PRATA;Transitar na contramão;Colisão lateral sentido oposto;Sem Vítimas;Plena Noite;Decrescente;Chuva;Simples;Reta;Não;4;0;0;0;2;2;0;4;-2882755543;-5158058532;SPRF-RS;DEL06-RS;UOP02-DEL06-RS
600235;13/05/2024;segunda-feira;11:40:00;RS;470;218,8;BENTO GONCALVES;Ausência de reação do condutor;Colisão frontal;Com Vítimas Feridas;Pleno dia;Crescente;Chuva;Simples;Curva;Sim;3;0;1;1;1;0;2;2;-2918917295;-5152195215;SPRF-RS;DEL06-RS;UOP01-DEL06-RS
604401;01/06/2024;sábado;08:15:00;RS;116;143;CAXIAS DO SUL;Ausência de reação do condutor;Colisão traseira;Com Vítimas Feridas;Amanhecer;Decrescente;Céu Claro;Dupla;"Reta;Aclive";Sim;2;0;0;1;1;0;1;2;-291201739;-5112260651;SPRF-RS;DEL05-RS;UOP01-DEL05-RS
605149;04/06/2024;terça-feira;12:10:00;RS;116;145;CAXIAS DO SUL;Reação tardia ou ineficiente do condutor;Colisão lateral mesmo sentido;Com Vítimas Feridas;Pleno dia;Crescente;Sol;Dupla;Reta;Sim;2;0;1;0;1;0;1;2;-291350217;-511302779;SPRF-RS;DEL05-RS;UOP01-DEL05-RS
605333;05/06/2024;quarta-feira;13:45:00;RS;470;215;BENTO GONCALVES;Ausência de reação do condutor;Colisão traseira;Sem Vítimas;Pleno dia;Crescente;Nublado;Simples;Reta;Não;2;0;0;0;2;0;0;2;-29150635;-51530241;SPRF-RS;DEL06-RS;UOP01-DEL06-RS
605806;07/06/2024;sexta-feira;18:50:00;RS;116;153,4;CAXIAS DO SUL;Manobra de mudança de faixa;Colisão lateral mesmo sentido;Com Vítimas Feridas;Anoitecer;Decrescente;Céu Claro;Simples;"Declive;Curva";Sim;3;0;2;0;0;1;2;3;-291879477;-5117968082;SPRF-RS;DEL05-RS;UOP01-DEL05-RS
606502;10/06/2024;segunda-feira;09:48:00;RS;470;225;GARIBALDI;Acessar a via sem observar a presença dos outros veículos;Colisão transversal;Com Vítimas Feridas;Pleno dia;Crescente;Céu Claro;Simples;Rotatória;Sim;3;0;2;0;1;0;2;2;-2924660013;-5151598155;SPRF-RS;DEL06-RS;UOP01-DEL06-RS
608214;17/06/2024;segunda-feira;18:00:00;RS;470;222;GARIBALDI;Acessar a via sem observar a presença dos outros veículos;Saída de leito carroçável;Com Vítimas Feridas;Anoitecer;Crescente;Nublado;Simples;Reta;Não;9;0;3;0;6;0;3;2;-2920372835;-5151786908;SPRF-RS;DEL06-RS;UOP01-DEL06-RS
611202;01/07/2024;segunda-feira;06:55:00;RS;470;218;BENTO GONCALVES;Condutor deixou de manter distância do veículo da frente;Colisão traseira;Com Vítimas Feridas;Pleno dia;Crescente;Nublado;Simples;Declive;Sim;3;0;1;0;2;0;1;3;-2918116054;-5152001023;SPRF-RS;DEL06-RS;UOP01-DEL06-RS
613568;10/07/2024;quarta-feira;18:50:00;RS;470;155;NOVA PRATA;Acessar a via sem observar a presença dos outros veículos;Colisão transversal;Com Vítimas Feridas;Plena Noite;Crescente;Nublado;Simples;"Declive;Reta";Sim;2;0;1;0;1;0;1;2;-2878243906;-5161511825;SPRF-RS;DEL06-RS;UOP02-DEL06-RS
613770;11/07/2024;quinta-feira;18:13:00;RS;470;232;CARLOS BARBOSA;Ingestão de álcool pelo condutor;Colisão lateral mesmo sentido;Sem Vítimas;Plena Noite;Decrescente;Nevoeiro/Neblina;Simples;"Aclive;Reta";Não;2;0;0;0;2;0;0;2;-2929821678;-5148151517;SPRF-RS;DEL06-RS;UOP01-DEL06-RS
614235;11/07/2024;quinta-feira;07:35:00;RS;470;203;BENTO GONCALVES;Condutor deixou de manter distância do veículo da frente;Colisão traseira;Sem Vítimas;Pleno dia;Crescente;Garoa/Chuvisco;Simples;Curva;Não;2;0;0;0;2;0;0;2;-2907601095;-5157545102;SPRF-RS;DEL06-RS;UOP02-DEL06-RS
614639;15/07/2024;segunda-feira;13:50:00;RS;470;155;NOVA PRATA;Acessar a via sem observar a presença dos outros veículos;Colisão transversal;Com Vítimas Feridas;Pleno dia;Decrescente;Nublado;Dupla;"Interseção de Vias;Reta;Declive";Sim;3;0;1;0;1;1;1;3;-2878243906;-5161511825;SPRF-RS;DEL06-RS;UOP02-DEL06-RS
614877;16/07/2024;terça-feira;18:15:00;RS;470;225;GARIBALDI;Condutor deixou de manter distância do veículo da frente;Colisão traseira;Sem Vítimas;Anoitecer;Crescente;Céu Claro;Simples;Rotatória;Sim;2;0;0;0;2;0;0;2;-2924608527;-5151615322;SPRF-RS;DEL06-RS;UOP01-DEL06-RS
615004;17/07/2024;quarta-feira;11:30:00;RS;116;171,5;CAXIAS DO SUL;Acesso irregular;Colisão transversal;Com Vítimas Feridas;Pleno dia;Decrescente;Céu Claro;Simples;Reta;Sim;3;0;1;0;2;0;1;2;-2930863186;-5116752332;SPRF-RS;DEL05-RS;UOP02-DEL05-RS
616090;22/07/2024;segunda-feira;05:00:00;RS;116;142;CAXIAS DO SUL;Manobra de mudança de faixa;Colisão traseira;Com Vítimas Feridas;Amanhecer;Crescente;Céu Claro;Dupla;Reta;Sim;2;0;1;0;1;0;1;2;-2911727;-51115208;SPRF-RS;DEL05-RS;UOP01-DEL05-RS
618034;31/07/2024;quarta-feira;07:45:00;RS;470;222;GARIBALDI;Reação tardia ou ineficiente do condutor;Tombamento;Com Vítimas Feridas;Pleno dia;Decrescente;Céu Claro;Múltipla;Reta;Não;2;0;1;0;0;1;1;2;-2920372835;-5151786908;SPRF-RS;DEL06-RS;UOP01-DEL06-RS
618301;01/08/2024;quinta-feira;15:30:00;RS;116;164,3;CAXIAS DO SUL;Problema com o freio;Saída de leito carroçável;Com Vítimas Feridas;Pleno dia;Crescente;Céu Claro;Simples;Curva;Não;1;0;0;1;0;0;1;1;-2926344857;-5116113999;SPRF-RS;DEL05-RS;UOP02-DEL05-RS
618521;02/08/2024;sexta-feira;15:50:00;RS;470;223;GARIBALDI;Retorno proibido;Colisão transversal;Com Vítimas Feridas;Pleno dia;Crescente;Céu Claro;Simples;Reta;Sim;3;0;1;0;1;2;1;4;-2921249203;-5151794436;SPRF-RS;DEL06-RS;UOP01-DEL06-RS
622608;20/08/2024;terça-feira;21:20:00;RS;116;121,4;SAO MARCOS;Transitar na contramão;Colisão lateral sentido oposto;Sem Vítimas;Plena Noite;Crescente;Céu Claro;Simples;"Curva;Aclive";Não;3;0;0;0;2;1;0;3;-2900573128;-5106932906;SPRF-RS;DEL05-RS;UOP01-DEL05-RS
622935;22/08/2024;quinta-feira;19:00:00;RS;470;175;VERANOPOLIS;Reação tardia ou ineficiente do condutor;Colisão transversal;Com Vítimas Feridas;Plena Noite;Decrescente;Chuva;Simples;"Reta;Retorno Regulamentado";Sim;3;0;0;1;1;1;1;3;-2891926201;-5153914905;SPRF-RS;DEL06-RS;UOP02-DEL06-RS
624363;29/08/2024;quinta-feira;15:15:00;RS;116;135,3;CAXIAS DO SUL;Acessar a via sem observar a presença dos outros veículos;Colisão traseira;Com Vítimas Feridas;Pleno dia;Decrescente;Céu Claro;Simples;Curva;Não;2;0;1;0;1;0;1;2;-290695461;-5109988566;SPRF-RS;DEL05-RS;UOP01-DEL05-RS
624690;30/08/2024;sexta-feira;23:20:00;RS;470;217,1;BENTO GONCALVES;Ingestão de álcool pelo condutor;Colisão lateral mesmo sentido;Sem Vítimas;Plena Noite;Decrescente;Céu Claro;Simples;Interseção de Vias;Não;5;0;0;0;5;0;0;2;-2916462512;-5152551964;SPRF-RS;DEL06-RS;UOP01-DEL06-RS
624833;31/08/2024;sábado;13:40:00;RS;470;156;NOVA PRATA;Manobra de mudança de faixa;Colisão lateral mesmo sentido;Com Vítimas Feridas;Pleno dia;Decrescente;Nublado;Dupla;"Curva;Aclive";Não;3;0;2;0;1;0;2;2;-2878874508;-5161532195;SPRF-RS;DEL06-RS;UOP02-DEL06-RS
625295;02/09/2024;segunda-feira;12:15:00;RS;116;191,3;PICADA CAFE;Condutor desrespeitou a iluminação vermelha do semáforo;Colisão frontal;Com Vítimas Feridas;Pleno dia;Decrescente;Céu Claro;Simples;"Em Obras;Aclive;Curva";Não;4;0;0;1;2;1;1;3;-2943865204;-5113538892;SPRF-RS;DEL05-RS;UOP02-DEL05-RS
625496;03/09/2024;terça-feira;11:00:00;RS;116;154;CAXIAS DO SUL;Demais falhas mecânicas ou elétricas;Incêndio;Sem Vítimas;Pleno dia;Decrescente;Céu Claro;Simples;Reta;Sim;1;0;0;0;1;0;0;1;-2919074818;-5118073734;SPRF-RS;DEL05-RS;UOP01-DEL05-RS
626050;06/09/2024;sexta-feira;04:10:00;RS;116;154,9;CAXIAS DO SUL;Transitar na contramão;Colisão frontal;Com Vítimas Feridas;Plena Noite;Decrescente;Céu Claro;Simples;Curva;Não;2;0;1;0;1;0;1;2;-2919803497;-5117744923;SPRF-RS;DEL05-RS;UOP01-DEL05-RS
626145;06/09/2024;sexta-feira;14:30:00;RS;470;232,7;CARLOS BARBOSA;Desrespeitar a preferência no cruzamento;Colisão transversal;Com Vítimas Feridas;Pleno dia;Crescente;Sol;Simples;Retorno Regulamentado;Não;5;0;2;0;3;0;2;2;-2929846273;-5148107891;SPRF-RS;DEL06-RS;UOP01-DEL06-RS
626928;09/09/2024;segunda-feira;13:40:00;RS;470;243,8;BARAO;Conversão proibida;Colisão transversal;Com Vítimas Feridas;Pleno dia;Crescente;Céu Claro;Simples;Reta;Sim;2;0;1;0;1;0;1;2;-2936247007;-5151749611;SPRF-RS;DEL06-RS;UOP01-DEL06-RS
627983;14/09/2024;sábado;12:10:00;RS;116;124;SAO MARCOS;Reação tardia ou ineficiente do condutor;Colisão frontal;Com Vítimas Feridas;Pleno dia;Decrescente;Céu Claro;Simples;Reta;Sim;3;0;0;1;2;0;1;2;-2902509511;-5108256484;SPRF-RS;DEL05-RS;UOP01-DEL05-RS
629896;22/09/2024;domingo;16:10:00;RS;470;155;NOVA PRATA;Desrespeitar a preferência no cruzamento;Colisão transversal;Com Vítimas Feridas;Pleno dia;Crescente;Céu Claro;Simples;Reta;Sim;2;0;1;0;1;0;1;2;-2878243906;-5161511825;SPRF-RS;DEL06-RS;UOP02-DEL06-RS
631783;01/10/2024;terça-feira;06:40:00;RS;470;217;BENTO GONCALVES;Acessar a via sem observar a presença dos outros veículos;Colisão transversal;Com Vítimas Feridas;Pleno dia;Crescente;Céu Claro;Simples;Interseção de Vias;Sim;2;0;1;0;1;0;1;2;-2917440938;-5152428567;SPRF-RS;DEL06-RS;UOP01-DEL06-RS
632365;03/10/2024;quinta-feira;22:20:00;RS;470;168,2;VILA FLORES;Acessar a via sem observar a presença dos outros veículos;Colisão transversal;Sem Vítimas;Plena Noite;Decrescente;Céu Claro;Simples;"Reta;Declive";Sim;3;0;0;0;3;0;0;2;-2885711814;-5155698016;SPRF-RS;DEL06-RS;UOP02-DEL06-RS
633522;08/10/2024;terça-feira;18:07:00;RS;470;215,6;BENTO GONCALVES;Condutor deixou de manter distância do veículo da frente;Colisão traseira;Com Vítimas Feridas;Anoitecer;Decrescente;Garoa/Chuvisco;Simples;Reta;Sim;3;0;1;0;0;2;1;3;-2916378577;-515253371;SPRF-RS;DEL06-RS;UOP01-DEL06-RS
633705;09/10/2024;quarta-feira;16:30:00;RS;470;221;BENTO GONCALVES;Acessar a via sem observar a presença dos outros veículos;Colisão transversal;Sem Vítimas;Pleno dia;Decrescente;Chuva;Simples;Rotatória;Não;4;0;0;0;4;0;0;2;-2919516365;-5151950463;SPRF-RS;DEL06-RS;UOP01-DEL06-RS
634076;11/10/2024;sexta-feira;07:58:00;RS;470;216;BENTO GONCALVES;Acessar a via sem observar a presença dos outros veículos;Colisão transversal;Com Vítimas Feridas;Pleno dia;Decrescente;Nublado;Dupla;Reta;Sim;2;0;2;0;0;0;2;2;-2915887096;-5153142395;SPRF-RS;DEL06-RS;UOP01-DEL06-RS
635506;17/10/2024;quinta-feira;15:30:00;RS;116;147;CAXIAS DO SUL;Manobra de mudança de faixa;Colisão lateral mesmo sentido;Com Vítimas Feridas;Pleno dia;Decrescente;Céu Claro;Dupla;"Reta;Aclive";Sim;2;0;1;0;1;0;1;2;-2914908014;-511429969;SPRF-RS;DEL05-RS;UOP01-DEL05-RS
636477;21/10/2024;segunda-feira;15:20:00;RS;470;228;GARIBALDI;Condutor Dormindo;Colisão frontal;Com Vítimas Feridas;Pleno dia;Decrescente;Céu Claro;Simples;Curva;Não;2;0;1;0;1;0;1;2;-2921759706;-5151703722;SPRF-RS;DEL06-RS;UOP01-DEL06-RS
636601;22/10/2024;terça-feira;07:45:00;RS;470;224;GARIBALDI;Ausência de reação do condutor;Colisão traseira;Com Vítimas Feridas;Pleno dia;Crescente;Céu Claro;Simples;Reta;Não;3;0;2;0;1;0;2;2;-2921351804;-5151780626;SPRF-RS;DEL06-RS;UOP01-DEL06-RS
637020;24/10/2024;quinta-feira;07:30:00;RS;470;229,9;GARIBALDI;Acessar a via sem observar a presença dos outros veículos;Colisão lateral mesmo sentido;Com Vítimas Feridas;Pleno dia;Crescente;Céu Claro;Simples;Reta;Não;3;0;1;0;2;0;1;2;-29218603;-5151677;SPRF-RS;DEL06-RS;UOP01-DEL06-RS
639758;05/11/2024;terça-feira;15:40:00;RS;116;142;CAXIAS DO SUL;Manobra de mudança de faixa;Colisão lateral mesmo sentido;Sem Vítimas;Pleno dia;Crescente;Céu Claro;Dupla;Reta;Sim;3;0;0;0;2;1;0;3;-2911727;-51115208;SPRF-RS;DEL05-RS;UOP01-DEL05-RS
641357;12/11/2024;terça-feira;16:30:00;RS;116;151,7;CAXIAS DO SUL;Acessar a via sem observar a presença dos outros veículos;Engavetamento;Com Vítimas Feridas;Pleno dia;Decrescente;Céu Claro;Dupla;"Curva;Retorno Regulamentado;Interseção de Vias;Aclive";Sim;5;0;1;0;3;1;1;4;-2917694502;-5116173896;SPRF-RS;DEL05-RS;UOP01-DEL05-RS
641725;14/11/2024;quinta-feira;10:50:00;RS;470;227;GARIBALDI;Ausência de reação do condutor;Colisão lateral mesmo sentido;Com Vítimas Feridas;Pleno dia;Crescente;Céu Claro;Simples;Reta;Sim;3;0;2;0;1;0;2;2;-2921657705;-5151722624;SPRF-RS;DEL06-RS;UOP01-DEL06-RS
643000;19/11/2024;terça-feira;17:30:00;RS;116;121,6;SAO MARCOS;Curva acentuada;Tombamento;Com Vítimas Feridas;Pleno dia;Crescente;Garoa/Chuvisco;Múltipla;Curva;Não;1;0;1;0;0;0;1;1;-2900573128;-5106932906;SPRF-RS;DEL05-RS;UOP01-DEL05-RS
645541;01/12/2024;domingo;18:50:00;RS;116;149,7;CAXIAS DO SUL;Reação tardia ou ineficiente do condutor;Colisão traseira;Com Vítimas Feridas;Pleno dia;Crescente;Céu Claro;Dupla;"Interseção de Vias;Declive";Sim;7;0;1;0;5;1;1;3;-2915996905;-5115645292;SPRF-RS;DEL05-RS;UOP01-DEL05-RS
646578;06/12/2024;sexta-feira;18:20:00;RS;470;165,5;VILA FLORES;Reação tardia ou ineficiente do condutor;Colisão frontal;Com Vítimas Feridas;Pleno dia;Decrescente;Chuva;Simples;"Retorno Regulamentado;Curva";Não;3;0;2;1;0;0;3;3;-2884169703;-5157429796;SPRF-RS;DEL06-RS;UOP02-DEL06-RS
647745;11/12/2024;quarta-feira;16:00:00;RS;470;202,4;BENTO GONCALVES;Velocidade Incompatível;Engavetamento;Com Vítimas Feridas;Pleno dia;Decrescente;Céu Claro;Simples;"Em Obras;Reta;Declive";Não;9;0;5;0;4;0;5;5;-2907652574;-5157828391;SPRF-RS;DEL06-RS;UOP02-DEL06-RS
651668;27/12/2024;sexta-feira;16:10:00;RS;470;217;BENTO GONCALVES;Desrespeitar a preferência no cruzamento;Colisão transversal;Com Vítimas Feridas;Pleno dia;Decrescente;Céu Claro;Simples;"Aclive;Rotatória";Sim;4;0;2;0;1;1;2;3;-2917500077;-5152299464;SPRF-RS;DEL06-RS;UOP01-DEL06-RS
571985;01/01/2024;segunda-feira;19:50:00;RS;116;163,7;CAXIAS DO SUL;Demais falhas mecânicas ou elétricas;Incêndio;Com Vítimas Feridas;Plena Noite;Decrescente;Céu Claro;Dupla;Reta;Não;2;0;1;0;1;0;1;1;-2925506295;-5116005783;SPRF-RS;DEL05-RS;UOP02-DEL05-RS
572120;02/01/2024;terça-feira;10:20:00;RS;470;218;BENTO GONCALVES;Reação tardia ou ineficiente do condutor;Colisão transversal;Com Vítimas Feridas;Pleno dia;Decrescente;Chuva;Simples;"Declive;Curva";Sim;3;0;3;0;0;0;3;2;-2917292214;-5152424936;SPRF-RS;DEL06-RS;UOP01-DEL06-RS
572222;02/01/2024;terça-feira;18:25:00;RS;470;222;GARIBALDI;Velocidade Incompatível;Saída de leito carroçável;Com Vítimas Feridas;Anoitecer;Decrescente;Chuva;Dupla;Reta;Não;4;0;2;0;2;0;2;1;-2920372835;-5151786908;SPRF-RS;DEL06-RS;UOP01-DEL06-RS
572981;06/01/2024;sábado;16:30:00;RS;116;216,1;MORRO REUTER;Reação tardia ou ineficiente do condutor;Colisão lateral mesmo sentido;Com Vítimas Feridas;Pleno dia;Decrescente;Céu Claro;Múltipla;Reta;Sim;4;0;0;1;3;0;1;2;-2953755386;-5107975245;SPRF-RS;DEL05-RS;UOP02-DEL05-RS
573215;07/01/2024;domingo;19:00:00;RS;470;225;GARIBALDI;Acessar a via sem observar a presença dos outros veículos;Colisão transversal;Com Vítimas Feridas;Anoitecer;Decrescente;Nublado;Simples;Retorno Regulamentado;Sim;6;0;1;0;5;0;1;2;-2921454003;-5151762617;SPRF-RS;DEL06-RS;UOP01-DEL06-RS
574053;11/01/2024;quinta-feira;19:26:00;RS;116;152,8;CAXIAS DO SUL;Pista Escorregadia;Tombamento;Com Vítimas Fatais;Plena Noite;Crescente;Chuva;Múltipla;Reta;Não;3;1;0;0;1;1;0;3;-291829343;-5116801501;SPRF-RS;DEL05-RS;UOP01-DEL05-RS
574292;12/01/2024;sexta-feira;19:00:00;RS;116;209,5;MORRO REUTER;Acumulo de areia ou detritos sobre o pavimento;Tombamento;Com Vítimas Feridas;Plena Noite;Decrescente;Céu Claro;Simples;Curva;Não;1;0;1;0;0;0;1;1;-2950328115;-5110764995;SPRF-RS;DEL05-RS;UOP02-DEL05-RS
574356;13/01/2024;sábado;06:15:00;RS;470;223;GARIBALDI;Reação tardia ou ineficiente do condutor;Colisão com objeto;Com Vítimas Fatais;Pleno dia;Crescente;Sol;Simples;"Reta;Retorno Regulamentado;Aclive";Não;2;1;1;0;0;0;1;1;-2923260699;-5151604056;SPRF-RS;DEL06-RS;UOP01-DEL06-RS
574370;12/01/2024;sexta-feira;18:00:00;RS;470;146;NOVA PRATA;Conversão proibida;Colisão transversal;Com Vítimas Feridas;Pleno dia;Decrescente;Céu Claro;Simples;Reta;Não;3;0;1;0;2;0;1;2;-2870856476;-5161384342;SPRF-RS;DEL06-RS;UOP02-DEL06-RS
574374;12/01/2024;sexta-feira;21:50:00;RS;470;156;NOVA PRATA;Transitar na contramão;Colisão frontal;Sem Vítimas;Plena Noite;Crescente;Céu Claro;Simples;Reta;Não;2;0;0;0;0;2;0;2;-2878874508;-5161532195;SPRF-RS;DEL06-RS;UOP02-DEL06-RS
574392;13/01/2024;sábado;07:50:00;RS;470;155,3;NOVA PRATA;Transitar na contramão;Colisão frontal;Com Vítimas Feridas;Pleno dia;Crescente;Sol;Simples;Retorno Regulamentado;Sim;2;0;2;0;0;0;2;2;-287743268;-5161401629;SPRF-RS;DEL06-RS;UOP02-DEL06-RS
574417;13/01/2024;sábado;12:10:00;RS;116;143,8;CAXIAS DO SUL;Reação tardia ou ineficiente do condutor;Saída de leito carroçável;Com Vítimas Feridas;Pleno dia;Decrescente;Céu Claro;Dupla;Reta;Não;3;0;2;0;1;0;2;1;-291201739;-5112260651;SPRF-RS;DEL05-RS;UOP01-DEL05-RS
574451;13/01/2024;sábado;13:50:00;RS;470;232;CARLOS BARBOSA;Acessar a via sem observar a presença dos outros veículos;Colisão transversal;Com Vítimas Feridas;Pleno dia;Decrescente;Céu Claro;Simples;Reta;Não;2;0;1;0;1;0;1;2;-2923579206;-5151193423;SPRF-RS;DEL06-RS;UOP01-DEL06-RS
574489;13/01/2024;sábado;17:50:00;RS;470;208;BENTO GONCALVES;Curva acentuada;Capotamento;Sem Vítimas;Pleno dia;Crescente;Céu Claro;Simples;Curva;Não;1;0;0;0;1;0;0;1;-2910086692;-5154406862;SPRF-RS;DEL06-RS;UOP01-DEL06-RS
574555;13/01/2024;sábado;23:04:00;RS;470;216;BENTO GONCALVES;Acessar a via sem observar a presença dos outros veículos;Atropelamento de Pedestre;Com Vítimas Feridas;Plena Noite;Decrescente;Céu Claro;Dupla;Curva;Sim;2;0;1;0;0;1;1;2;-2915887096;-5153142395;SPRF-RS;DEL06-RS;UOP01-DEL06-RS
574601;14/01/2024;domingo;06:15:00;RS;470;224;GARIBALDI;Ingestão de álcool pelo condutor;Saída de leito carroçável;Com Vítimas Feridas;Pleno dia;Decrescente;Céu Claro;Simples;Reta;Não;1;0;1;0;0;0;1;1;-2921351804;-5151780626;SPRF-RS;DEL06-RS;UOP01-DEL06-RS
574605;14/01/2024;domingo;06:30:00;RS;470;166;VILA FLORES;Ausência de reação do condutor;Saída de leito carroçável;Sem Vítimas;Amanhecer;Decrescente;Céu Claro;Simples;Curva;Não;1;0;0;0;0;1;0;1;-2884766792;-5157122398;SPRF-RS;DEL06-RS;UOP02-DEL06-RS
574634;14/01/2024;domingo;08:40:00;RS;470;155,3;NOVA PRATA;Desrespeitar a preferência no cruzamento;Colisão transversal;Com Vítimas Feridas;Pleno dia;Crescente;Céu Claro;Simples;"Aclive;Reta;Interseção de Vias";Sim;2;0;2;0;0;0;2;2;-2877420176;-5161382854;SPRF-RS;DEL06-RS;UOP02-DEL06-RS
574931;15/01/2024;segunda-feira;15:56:00;RS;116;218,5;MORRO REUTER;Ausência de reação do condutor;Saída de leito carroçável;Com Vítimas Fatais;Pleno dia;Crescente;Céu Claro;Simples;"Declive;Curva";Não;2;1;0;0;0;1;0;2;-2955121993;-5108906202;SPRF-RS;DEL05-RS;UOP02-DEL05-RS
574982;15/01/2024;segunda-feira;20:20:00;RS;116;147,9;CAXIAS DO SUL;Manobra de mudança de faixa;Tombamento;Com Vítimas Feridas;Plena Noite;Crescente;Céu Claro;Dupla;Reta;Sim;1;0;1;0;0;0;1;1;-2914908014;-511429969;SPRF-RS;DEL05-RS;UOP01-DEL05-RS
575053;16/01/2024;terça-feira;10:40:00;RS;116;152;CAXIAS DO SUL;Acesso irregular;Colisão transversal;Sem Vítimas;Pleno dia;Crescente;Céu Claro;Dupla;Reta;Sim;2;0;0;0;2;0;0;2;-291829343;-5116801501;SPRF-RS;DEL05-RS;UOP01-DEL05-RS
575336;17/01/2024;quarta-feira;17:00:00;RS;116;114,4;SAO MARCOS;Acessar a via sem observar a presença dos outros veículos;Colisão transversal;Com Vítimas Feridas;Pleno dia;Decrescente;Céu Claro;Simples;"Reta;Interseção de Vias";Sim;2;0;1;0;1;0;1;2;-2896397179;-510753428;SPRF-RS;DEL05-RS;UOP01-DEL05-RS
575434;18/01/2024;quinta-feira;06:50:00;RS;470;210,3;BENTO GONCALVES;Avarias e/ou desgaste excessivo no pneu;Colisão frontal;Com Vítimas Feridas;Pleno dia;Crescente;Chuva;Simples;"Declive;Curva";Não;3;0;3;0;0;0;3;2;-2911647449;-5154258383;SPRF-RS;DEL06-RS;UOP01-DEL06-RS
575494;18/01/2024;quinta-feira;07:15:00;RS;116;154,3;CAXIAS DO SUL;Trafegar com motocicleta (ou similar) entre as faixas;Colisão transversal;Com Vítimas Feridas;Pleno dia;Decrescente;Chuva;Simples;"Reta;Interseção de Vias";Sim;2;0;1;0;0;1;1;2;-2919074818;-5118073734;SPRF-RS;DEL05-RS;UOP01-DEL05-RS
575699;19/01/2024;sexta-feira;12:20:00;RS;470;214;BENTO GONCALVES;Reação tardia ou ineficiente do condutor;Saída de leito carroçável;Sem Vítimas;Pleno dia;Crescente;Céu Claro;Simples;Curva;Não;1;0;0;0;0;1;0;1;-2914408811;-5153555411;SPRF-RS;DEL06-RS;UOP01-DEL06-RS
575762;19/01/2024;sexta-feira;17:35:00;RS;116;147,9;CAXIAS DO SUL;Trafegar com motocicleta (ou similar) entre as faixas;Colisão traseira;Com Vítimas Feridas;Pleno dia;Decrescente;Sol;Simples;Reta;Não;3;0;1;0;1;1;1;3;-2914908014;-511429969;SPRF-RS;DEL05-RS;UOP01-DEL05-RS
575855;20/01/2024;sábado;00:45:00;RS;470;155;NOVA PRATA;Transitar na contramão;Colisão frontal;Com Vítimas Fatais;Plena Noite;Crescente;Nublado;Simples;"Declive;Curva";Sim;2;1;0;0;1;0;0;2;-287766872;-5161119461;SPRF-RS;DEL06-RS;UOP02-DEL06-RS
575890;20/01/2024;sábado;07:40:00;RS;116;148,2;CAXIAS DO SUL;Ingestão de álcool pelo condutor;Saída de leito carroçável;Com Vítimas Feridas;Pleno dia;Decrescente;Nublado;Dupla;Curva;Sim;2;0;1;0;0;1;1;2;-2915710842;-5115142107;SPRF-RS;DEL05-RS;UOP01-DEL05-RS
576464;22/01/2024;segunda-feira;17:10:00;RS;470;214;BENTO GONCALVES;Ausência de reação do condutor;Colisão transversal;Com Vítimas Feridas;Pleno dia;Decrescente;Céu Claro;Simples;"Reta;Retorno Regulamentado";Sim;2;0;0;1;1;0;1;2;-2914408811;-5153555411;SPRF-RS;DEL06-RS;UOP01-DEL06-RS
576851;24/01/2024;quarta-feira;15:05:00;RS;116;150,4;CAXIAS DO SUL;Pedestre cruzava a pista fora da faixa;Atropelamento de Pedestre;Com Vítimas Feridas;Pleno dia;Decrescente;Chuva;Múltipla;Reta;Sim;3;0;2;0;0;1;2;2;-29168428;-51158337;SPRF-RS;DEL05-RS;UOP01-DEL05-RS
576954;25/01/2024;quinta-feira;07:20:00;RS;116;128,9;SAO MARCOS;Transitar na contramão;Colisão frontal;Com Vítimas Feridas;Amanhecer;Crescente;Céu Claro;Simples;Curva;Não;3;0;1;1;0;1;2;3;-2903715763;-5110426784;SPRF-RS;DEL05-RS;UOP01-DEL05-RS
577043;25/01/2024;quinta-feira;18:10:00;RS;116;151;CAXIAS DO SUL;Pedestre cruzava a pista fora da faixa;Atropelamento de Pedestre;Com Vítimas Feridas;Anoitecer;Decrescente;Céu Claro;Dupla;Reta;Sim;3;0;1;0;1;1;1;2;-2917694502;-5116173896;SPRF-RS;DEL05-RS;UOP01-DEL05-RS
577112;26/01/2024;sexta-feira;02:30:00;RS;470;226,6;GARIBALDI;Reação tardia ou ineficiente do condutor;Colisão com objeto;Sem Vítimas;Plena Noite;Crescente;Céu Claro;Simples;"Curva;Aclive";Sim;1;0;0;0;0;1;0;1;-29254341;-51511682;SPRF-RS;DEL06-RS;UOP01-DEL06-RS
577207;26/01/2024;sexta-feira;14:50:00;RS;470;226,7;GARIBALDI;Retorno proibido;Colisão transversal;Com Vítimas Feridas;Pleno dia;Decrescente;Nublado;Simples;"Curva;Interseção de Vias";Sim;4;0;3;1;0;0;4;2;-2925423849;-5151157737;SPRF-RS;DEL06-RS;UOP01-DEL06-RS
577228;26/01/2024;sexta-feira;17:10:00;RS;116;147,3;CAXIAS DO SUL;Reação tardia ou ineficiente do condutor;Colisão traseira;Com Vítimas Feridas;Pleno dia;Crescente;Céu Claro;Dupla;"Reta;Interseção de Vias";Sim;2;0;0;1;1;0;1;2;-2914908014;-511429969;SPRF-RS;DEL05-RS;UOP01-DEL05-RS
577645;28/01/2024;domingo;18:10:00;RS;470;212,8;BENTO GONCALVES;Ingestão de álcool pelo condutor;Colisão frontal;Com Vítimas Feridas;Pleno dia;Decrescente;Nublado;Simples;"Declive;Reta";Não;7;0;1;0;6;0;1;3;-2914468113;-5153392017;SPRF-RS;DEL06-RS;UOP01-DEL06-RS
577703;28/01/2024;domingo;18:50:00;RS;470;143;NOVA PRATA;Ausência de reação do condutor;Saída de leito carroçável;Com Vítimas Feridas;Anoitecer;Decrescente;Céu Claro;Simples;Curva;Não;2;0;1;0;0;1;1;2;-2868367296;-5160988004;SPRF-RS;DEL06-RS;UOP02-DEL06-RS
577802;29/01/2024;segunda-feira;12:30:00;RS;470;162;NOVA PRATA;Condutor deixou de manter distância do veículo da frente;Colisão traseira;Com Vítimas Feridas;Pleno dia;Crescente;Céu Claro;Simples;Reta;Não;2;0;1;0;1;0;1;2;-2882207304;-5158755803;SPRF-RS;DEL06-RS;UOP02-DEL06-RS
577836;23/01/2024;terça-feira;23:03:00;RS;0;0;CAXIAS DO SUL;Transitar na calçada;Colisão com objeto;Sem Vítimas;Plena Noite;Não Informado;Céu Claro;Simples;Reta;Sim;3;0;0;0;3;0;0;1;-2918133896;-511885125;SPRF-RS;DEL05-RS;UOP01-DEL05-RS
577869;29/01/2024;segunda-feira;18:05:00;RS;470;225;GARIBALDI;Ultrapassagem Indevida;Colisão lateral mesmo sentido;Sem Vítimas;Pleno dia;Crescente;Céu Claro;Simples;Reta;Não;2;0;0;0;1;1;0;2;-2921454003;-5151762617;SPRF-RS;DEL06-RS;UOP01-DEL06-RS
577939;30/01/2024;terça-feira;05:10:00;RS;470;188;VERANOPOLIS;Acumulo de óleo sobre o pavimento;Capotamento;Sem Vítimas;Amanhecer;Decrescente;Nevoeiro/Neblina;Simples;Curva;Não;1;0;0;0;1;0;0;1;-290090907;-5156456778;SPRF-RS;DEL06-RS;UOP02-DEL06-RS
578313;01/02/2024;quinta-feira;07:10:00;RS;470;227;GARIBALDI;Acessar a via sem observar a presença dos outros veículos;Colisão transversal;Com Vítimas Feridas;Pleno dia;Decrescente;Sol;Simples;"Em Obras;Interseção de Vias;Curva";Sim;2;0;1;0;1;0;1;2;-2921657705;-5151722624;SPRF-RS;DEL06-RS;UOP01-DEL06-RS
578458;01/02/2024;quinta-feira;19:20:00;RS;470;227;GARIBALDI;Ausência de reação do condutor;Saída de leito carroçável;Com Vítimas Feridas;Pleno dia;Decrescente;Céu Claro;Dupla;Reta;Sim;1;0;1;0;0;0;1;1;-2921657705;-5151722624;SPRF-RS;DEL06-RS;UOP01-DEL06-RS
578605;02/02/2024;sexta-feira;19:15:00;RS;116;183,9;NOVA PETROPOLIS;Conversão proibida;Colisão lateral mesmo sentido;Com Vítimas Feridas;Plena Noite;Decrescente;Céu Claro;Simples;Reta;Sim;2;0;1;0;1;0;1;2;-2938503575;-5112161636;SPRF-RS;DEL05-RS;UOP02-DEL05-RS
578781;03/02/2024;sábado;15:05:00;RS;116;117,3;SAO MARCOS;Transitar na contramão;Colisão frontal;Com Vítimas Feridas;Pleno dia;Decrescente;Céu Claro;Simples;Curva;Não;2;0;0;1;1;0;1;2;-2898310299;-5106761081;SPRF-RS;DEL05-RS;UOP01-DEL05-RS
578797;03/02/2024;sábado;17:30:00;RS;470;210,3;BENTO GONCALVES;Transitar na contramão;Colisão frontal;Com Vítimas Feridas;Pleno dia;Decrescente;Chuva;Simples;Curva;Sim;6;0;4;0;2;0;4;2;-2912850917;-5154096365;SPRF-RS;DEL06-RS;UOP01-DEL06-RS
578800;03/02/2024;sábado;19:30:00;RS;470;177;VERANOPOLIS;Transtornos Mentais (exceto suicidio);Atropelamento de Pedestre;Com Vítimas Feridas;Anoitecer;Decrescente;Céu Claro;Simples;Rotatória;Sim;2;0;0;1;1;0;1;2;-2893915139;-5154591976;SPRF-RS;DEL06-RS;UOP02-DEL06-RS
579113;05/02/2024;segunda-feira;07:45:00;RS;116;148,9;CAXIAS DO SUL;Mal súbito do condutor;Colisão traseira;Com Vítimas Feridas;Pleno dia;Decrescente;Sol;Dupla;Reta;Não;2;0;1;0;1;0;1;2;-2915444539;-5115101681;SPRF-RS;DEL05-RS;UOP01-DEL05-RS
579928;09/02/2024;sexta-feira;07:05:00;RS;116;146,9;CAXIAS DO SUL;Ausência de reação do condutor;Colisão traseira;Com Vítimas Feridas;Pleno dia;Crescente;Céu Claro;Dupla;Reta;Sim;3;0;1;1;1;0;2;2;-2914228897;-5113622202;SPRF-RS;DEL05-RS;UOP01-DEL05-RS
580172;10/02/2024;sábado;03:45:00;RS;470;171;VERANOPOLIS;Transitar na contramão;Colisão frontal;Com Vítimas Feridas;Plena Noite;Crescente;Céu Claro;Simples;Reta;Não;4;0;3;0;1;0;3;2;-2889298552;-5155086637;SPRF-RS;DEL06-RS;UOP02-DEL06-RS
580345;10/02/2024;sábado;18:45:00;RS;470;180;VERANOPOLIS;Reação tardia ou ineficiente do condutor;Saída de leito carroçável;Com Vítimas Feridas;Anoitecer;Crescente;Céu Claro;Simples;Reta;Sim;5;0;1;2;2;0;3;1;-2896481707;-5156355732;SPRF-RS;DEL06-RS;UOP02-DEL06-RS
580466;11/02/2024;domingo;07:15:00;RS;470;192;VERANOPOLIS;Ingestão de álcool pelo condutor;Colisão com objeto;Com Vítimas Feridas;Pleno dia;Decrescente;Céu Claro;Simples;Reta;Não;1;0;1;0;0;0;1;1;-2903826903;-5156647017;SPRF-RS;DEL06-RS;UOP02-DEL06-RS
580551;11/02/2024;domingo;12:15:00;RS;116;168;CAXIAS DO SUL;Reação tardia ou ineficiente do condutor;Colisão lateral mesmo sentido;Com Vítimas Feridas;Pleno dia;Crescente;Céu Claro;Simples;Reta;Não;4;0;2;0;2;0;2;2;-2928313396;-5116252272;SPRF-RS;DEL05-RS;UOP02-DEL05-RS
580553;11/02/2024;domingo;14:30:00;RS;116;151,8;CAXIAS DO SUL;Reação tardia ou ineficiente do condutor;Queda de ocupante de veículo;Com Vítimas Feridas;Pleno dia;Crescente;Céu Claro;Dupla;"Declive;Curva";Sim;3;0;0;2;0;1;2;2;-2918072584;-5116418839;SPRF-RS;DEL05-RS;UOP01-DEL05-RS
580656;12/02/2024;segunda-feira;00:50:00;RS;470;229,5;GARIBALDI;Ausência de reação do condutor;Saída de leito carroçável;Sem Vítimas;Plena Noite;Crescente;Nublado;Simples;Curva;Sim;2;0;0;0;1;1;0;2;-2927470891;-5149431467;SPRF-RS;DEL06-RS;UOP01-DEL06-RS
580730;12/02/2024;segunda-feira;08:10:00;RS;470;179;VERANOPOLIS;Manobra de mudança de faixa;Colisão lateral mesmo sentido;Sem Vítimas;Pleno dia;Decrescente;Céu Claro;Dupla;Reta;Não;5;0;0;0;5;0;0;2;-2895614928;-5156242466;SPRF-RS;DEL06-RS;UOP02-DEL06-RS
580965;13/02/2024;terça-feira;16:40:00;RS;470;210;BENTO GONCALVES;Transitar na contramão;Colisão frontal;Com Vítimas Feridas;Pleno dia;Crescente;Garoa/Chuvisco;Simples;"Declive;Curva";Não;3;0;0;1;2;0;1;2;-2911647449;-5154258383;SPRF-RS;DEL06-RS;UOP01-DEL06-RS
580998;13/02/2024;terça-feira;20:00:00;RS;116;148;CAXIAS DO SUL;Chuva;Saída de leito carroçável;Com Vítimas Feridas;Plena Noite;Crescente;Chuva;Dupla;Curva;Sim;1;0;1;0;0;0;1;1;-2915444539;-5115101681;SPRF-RS;DEL05-RS;UOP01-DEL05-RS
581010;13/02/2024;terça-feira;20:25:00;RS;470;250;BARAO;Conversão proibida;Colisão traseira;Sem Vítimas;Plena Noite;Crescente;Garoa/Chuvisco;Simples;Reta;Não;3;0;0;0;2;1;0;2;-2938948;-51494038;SPRF-RS;DEL06-RS;UOP01-DEL06-RS
582787;23/02/2024;sexta-feira;14:00:00;RS;470;232,1;CARLOS BARBOSA;Reação tardia ou ineficiente do condutor;Saída de leito carroçável;Com Vítimas Feridas;Pleno dia;Crescente;Nublado;Simples;"Reta;Declive";Sim;1;0;1;0;0;0;1;1;-2929409781;-514850235;SPRF-RS;DEL06-RS;UOP01-DEL06-RS
582835;23/02/2024;sexta-feira;17:45:00;RS;470;225,6;GARIBALDI;Desrespeitar a preferência no cruzamento;Colisão transversal;Com Vítimas Feridas;Pleno dia;Decrescente;Sol;Simples;Retorno Regulamentado;Sim;3;0;1;0;2;0;1;2;-2924605996;-5151613712;SPRF-RS;DEL06-RS;UOP01-DEL06-RS
583022;24/02/2024;sábado;15:10:00;RS;116;206,8;PICADA CAFE;Reação tardia ou ineficiente do condutor;Tombamento;Com Vítimas Feridas;Pleno dia;Decrescente;Céu Claro;Simples;Curva;Não;2;0;2;0;0;0;2;1;-2949818288;-5112916946;SPRF-RS;DEL05-RS;UOP02-DEL05-RS
583072;24/02/2024;sábado;19:00:00;RS;470;178;VERANOPOLIS;Ingestão de álcool pelo condutor;Colisão traseira;Sem Vítimas;Anoitecer;Decrescente;Céu Claro;Simples;"Interseção de Vias;Reta";Sim;3;0;0;0;3;0;0;2;-2894753484;-5155413312;SPRF-RS;DEL06-RS;UOP02-DEL06-RS
583205;25/02/2024;domingo;08:25:00;RS;116;152,4;CAXIAS DO SUL;Ingestão de álcool pelo condutor;Saída de leito carroçável;Com Vítimas Feridas;Pleno dia;Decrescente;Sol;Múltipla;Curva;Sim;1;0;1;0;0;0;1;1;-291829343;-5116801501;SPRF-RS;DEL05-RS;UOP01-DEL05-RS
583264;25/02/2024;domingo;16:55:00;RS;470;227;GARIBALDI;Conversão proibida;Colisão transversal;Sem Vítimas;Pleno dia;Decrescente;Céu Claro;Dupla;Reta;Sim;2;0;0;0;1;1;0;2;-2921657705;-5151722624;SPRF-RS;DEL06-RS;UOP01-DEL06-RS
583402;26/02/2024;segunda-feira;08:00:00;RS;116;147;CAXIAS DO SUL;Reação tardia ou ineficiente do condutor;Colisão transversal;Com Vítimas Feridas;Pleno dia;Crescente;Céu Claro;Dupla;"Interseção de Vias;Reta";Sim;2;0;1;0;1;0;1;2;-2914908014;-511429969;SPRF-RS;DEL05-RS;UOP01-DEL05-RS
583543;26/02/2024;segunda-feira;21:25:00;RS;470;226,4;GARIBALDI;Chuva;Saída de leito carroçável;Com Vítimas Feridas;Plena Noite;Crescente;Chuva;Simples;Declive;Sim;2;0;1;0;1;0;1;1;-2925240112;-5151303649;SPRF-RS;DEL06-RS;UOP01-DEL06-RS
583601;26/02/2024;segunda-feira;22:00:00;RS;470;245;BARAO;Chuva;Saída de leito carroçável;Sem Vítimas;Plena Noite;Decrescente;Chuva;Simples;Reta;Sim;1;0;0;0;0;1;0;1;-29378492;-51496948;SPRF-RS;DEL06-RS;UOP01-DEL06-RS
583790;28/02/2024;quarta-feira;08:20:00;RS;116;150,2;CAXIAS DO SUL;Reação tardia ou ineficiente do condutor;Colisão traseira;Com Vítimas Feridas;Pleno dia;Decrescente;Céu Claro;Dupla;"Reta;Interseção de Vias";Sim;3;0;1;0;2;0;1;3;-29168428;-51158337;SPRF-RS;DEL05-RS;UOP01-DEL05-RS
583858;28/02/2024;quarta-feira;14:30:00;RS;116;147;CAXIAS DO SUL;Manobra de mudança de faixa;Tombamento;Com Vítimas Feridas;Pleno dia;Decrescente;Nublado;Dupla;Reta;Sim;1;0;1;0;0;0;1;1;-2914908014;-511429969;SPRF-RS;DEL05-RS;UOP01-DEL05-RS
583977;29/02/2024;quinta-feira;06:35:00;RS;470;216;BENTO GONCALVES;Acessar a via sem observar a presença dos outros veículos;Colisão transversal;Com Vítimas Feridas;Pleno dia;Decrescente;Nevoeiro/Neblina;Dupla;Retorno Regulamentado;Sim;3;0;0;1;2;0;1;3;-2917154558;-5152436614;SPRF-RS;DEL06-RS;UOP01-DEL06-RS
584389;02/03/2024;sábado;05:00:00;RS;116;152;CAXIAS DO SUL;Pedestre - Ingestão de álcool/ substâncias psicoativas;Atropelamento de Pedestre;Com Vítimas Feridas;Amanhecer;Crescente;Céu Claro;Dupla;"Reta;Interseção de Vias";Sim;2;0;0;1;1;0;1;2;-291829343;-5116801501;SPRF-RS;DEL05-RS;UOP01-DEL05-RS
584455;02/03/2024;sábado;12:10:00;RS;116;152,3;CAXIAS DO SUL;Reação tardia ou ineficiente do condutor;Colisão transversal;Com Vítimas Feridas;Pleno dia;Crescente;Céu Claro;Dupla;"Declive;Curva";Sim;3;0;2;0;0;1;2;3;-291829343;-5116801501;SPRF-RS;DEL05-RS;UOP01-DEL05-RS
584653;03/03/2024;domingo;06:30:00;RS;0;0;CAXIAS DO SUL;Ingestão de álcool pelo condutor;Colisão com objeto;Sem Vítimas;Amanhecer;Não Informado;Céu Claro;Dupla;Reta;Sim;2;0;0;0;1;1;0;2;-2915251734;-511345017;SPRF-RS;DEL05-RS;UOP01-DEL05-RS
584760;03/03/2024;domingo;18:50:00;RS;116;152,7;CAXIAS DO SUL;Reação tardia ou ineficiente do condutor;Colisão traseira;Com Vítimas Feridas;Anoitecer;Crescente;Garoa/Chuvisco;Dupla;Reta;Sim;5;0;2;0;2;1;2;3;-291829343;-5116801501;SPRF-RS;DEL05-RS;UOP01-DEL05-RS
584776;03/03/2024;domingo;19:50:00;RS;116;147;CAXIAS DO SUL;Acessar a via sem observar a presença dos outros veículos;Colisão transversal;Com Vítimas Feridas;Plena Noite;Crescente;Chuva;Dupla;Reta;Sim;3;0;1;0;2;0;1;2;-2914908014;-511429969;SPRF-RS;DEL05-RS;UOP01-DEL05-RS
584934;04/03/2024;segunda-feira;10:45:00;RS;470;175;VERANOPOLIS;Acessar a via sem observar a presença dos outros veículos;Colisão transversal;Com Vítimas Feridas;Pleno dia;Decrescente;Chuva;Simples;Retorno Regulamentado;Sim;3;0;3;0;0;0;3;2;-2891926201;-5153914905;SPRF-RS;DEL06-RS;UOP02-DEL06-RS
584978;04/03/2024;segunda-feira;11:30:00;RS;116;153,5;CAXIAS DO SUL;Acumulo de óleo sobre o pavimento;Saída de leito carroçável;Sem Vítimas;Pleno dia;Decrescente;Garoa/Chuvisco;Dupla;Curva;Sim;1;0;0;0;1;0;0;1;-2918579758;-5117713005;SPRF-RS;DEL05-RS;UOP01-DEL05-RS
585010;04/03/2024;segunda-feira;18:00:00;RS;470;178;VERANOPOLIS;Reação tardia ou ineficiente do condutor;Saída de leito carroçável;Com Vítimas Feridas;Pleno dia;Crescente;Garoa/Chuvisco;Simples;Curva;Sim;1;0;1;0;0;0;1;1;-2894753484;-5155413312;SPRF-RS;DEL06-RS;UOP02-DEL06-RS
585487;06/03/2024;quarta-feira;17:00:00;RS;116;153;CAXIAS DO SUL;Ultrapassagem Indevida;Colisão lateral mesmo sentido;Com Vítimas Feridas;Pleno dia;Decrescente;Céu Claro;Dupla;"Retorno Regulamentado;Reta";Sim;2;0;1;0;1;0;1;2;-2918579758;-5117713005;SPRF-RS;DEL05-RS;UOP01-DEL05-RS
585531;06/03/2024;quarta-feira;20:40:00;RS;470;157,7;NOVA PRATA;Reação tardia ou ineficiente do condutor;Colisão frontal;Com Vítimas Feridas;Plena Noite;Crescente;Nublado;Simples;Curva;Não;2;0;2;0;0;0;2;2;-2879171034;-5161669493;SPRF-RS;DEL06-RS;UOP02-DEL06-RS
585676;07/03/2024;quinta-feira;17:00:00;RS;116;133,1;CAXIAS DO SUL;Reação tardia ou ineficiente do condutor;Colisão frontal;Com Vítimas Feridas;Pleno dia;Crescente;Céu Claro;Simples;Curva;Não;21;0;0;1;19;1;1;4;-2905590302;-5109689605;SPRF-RS;DEL05-RS;UOP01-DEL05-RS
585793;08/03/2024;sexta-feira;07:00:00;RS;116;146;CAXIAS DO SUL;Reação tardia ou ineficiente do condutor;Colisão lateral mesmo sentido;Sem Vítimas;Pleno dia;Crescente;Céu Claro;Dupla;Interseção de Vias;Sim;3;0;0;0;2;1;0;3;-2914228897;-5113622202;SPRF-RS;DEL05-RS;UOP01-DEL05-RS
585896;08/03/2024;sexta-feira;15:00:00;RS;116;152,6;CAXIAS DO SUL;Acesso irregular;Colisão lateral mesmo sentido;Com Vítimas Feridas;Pleno dia;Crescente;Chuva;Múltipla;Curva;Sim;2;0;1;0;1;0;1;2;-291829343;-5116801501;SPRF-RS;DEL05-RS;UOP01-DEL05-RS
585909;08/03/2024;sexta-feira;16:10:00;RS;470;219;BENTO GONCALVES;Condutor deixou de manter distância do veículo da frente;Colisão traseira;Com Vítimas Feridas;Pleno dia;Decrescente;Nublado;Simples;Curva;Não;2;0;1;0;1;0;1;1;-2917909489;-5151855675;SPRF-RS;DEL06-RS;UOP01-DEL06-RS
585984;08/03/2024;sexta-feira;21:40:00;RS;116;146,8;CAXIAS DO SUL;Pedestre andava na pista;Atropelamento de Pedestre;Com Vítimas Feridas;Plena Noite;Crescente;Garoa/Chuvisco;Dupla;Reta;Sim;3;0;0;1;2;0;1;2;-2914228897;-5113622202;SPRF-RS;DEL05-RS;UOP01-DEL05-RS
586147;09/03/2024;sábado;16:00:00;RS;116;154;CAXIAS DO SUL;Reação tardia ou ineficiente do condutor;Saída de leito carroçável;Sem Vítimas;Pleno dia;Crescente;Chuva;Simples;Reta;Sim;1;0;0;0;1;0;0;1;-2919074818;-5118073734;SPRF-RS;DEL05-RS;UOP01-DEL05-RS
586174;09/03/2024;sábado;19:10:00;RS;116;114,9;SAO MARCOS;Acessar a via sem observar a presença dos outros veículos;Colisão transversal;Com Vítimas Feridas;Plena Noite;Crescente;Céu Claro;Dupla;"Rotatória;Interseção de Vias;Reta";Não;2;0;1;0;1;0;1;2;-2896397179;-510753428;SPRF-RS;DEL05-RS;UOP01-DEL05-RS
586596;11/03/2024;segunda-feira;15:45:00;RS;116;153,3;CAXIAS DO SUL;Acessar a via sem observar a presença dos outros veículos;Colisão transversal;Com Vítimas Feridas;Pleno dia;Crescente;Céu Claro;Simples;Curva;Não;2;0;1;0;1;0;1;2;-291829343;-5116801501;SPRF-RS;DEL05-RS;UOP01-DEL05-RS
586660;11/03/2024;segunda-feira;18:00:00;RS;470;246;BARAO;Reação tardia ou ineficiente do condutor;Colisão frontal;Com Vítimas Feridas;Pleno dia;Decrescente;Céu Claro;Simples;"Declive;Curva";Não;2;0;2;0;0;0;2;2;-293742;-5150585;SPRF-RS;DEL06-RS;UOP01-DEL06-RS
586999;13/03/2024;quarta-feira;12:33:00;RS;470;225;GARIBALDI;Conversão proibida;Colisão transversal;Com Vítimas Feridas;Pleno dia;Decrescente;Céu Claro;Simples;Reta;Sim;2;0;1;0;1;0;1;2;-2921454003;-5151762617;SPRF-RS;DEL06-RS;UOP01-DEL06-RS
587026;13/03/2024;quarta-feira;15:30:00;RS;116;188,3;PICADA CAFE;Frear bruscamente;Colisão traseira;Com Vítimas Feridas;Pleno dia;Crescente;Céu Claro;Simples;Curva;Não;2;0;2;0;0;0;2;2;-29408326;-5113290998;SPRF-RS;DEL05-RS;UOP02-DEL05-RS
587042;07/02/2024;quarta-feira;14:00:00;RS;116;143,1;CAXIAS DO SUL;Transitar na contramão;Colisão frontal;Com Vítimas Feridas;Pleno dia;Decrescente;Céu Claro;Dupla;Interseção de Vias;Sim;2;0;1;0;1;0;1;2;-291201739;-5112260651;SPRF-RS;DEL05-RS;UOP01-DEL05-RS
587443;15/03/2024;sexta-feira;16:30:00;RS;116;149,3;CAXIAS DO SUL;Reação tardia ou ineficiente do condutor;Colisão traseira;Com Vítimas Feridas;Pleno dia;Crescente;Chuva;Dupla;"Declive;Reta";Sim;2;0;1;0;1;0;1;2;-2915996905;-5115645292;SPRF-RS;DEL05-RS;UOP01-DEL05-RS
587551;15/03/2024;sexta-feira;20:20:00;RS;470;175;VERANOPOLIS;Acessar a via sem observar a presença dos outros veículos;Atropelamento de Pedestre;Com Vítimas Feridas;Plena Noite;Crescente;Nublado;Simples;"Interseção de Vias;Reta";Sim;2;0;1;0;1;0;1;2;-2891926201;-5153914905;SPRF-RS;DEL06-RS;UOP02-DEL06-RS
587553;15/03/2024;sexta-feira;20:45:00;RS;470;194;BENTO GONCALVES;Reação tardia ou ineficiente do condutor;Colisão frontal;Com Vítimas Feridas;Plena Noite;Crescente;Céu Claro;Simples;Curva;Não;3;0;1;0;2;0;1;3;-2905030203;-5157387285;SPRF-RS;DEL06-RS;UOP02-DEL06-RS
587595;16/03/2024;sábado;06:10:00;RS;116;129,4;SAO MARCOS;Reação tardia ou ineficiente do condutor;Colisão com objeto;Sem Vítimas;Amanhecer;Decrescente;Nublado;Simples;"Curva;Aclive";Não;1;0;0;0;1;0;0;1;-2903661379;-5110112013;SPRF-RS;DEL05-RS;UOP01-DEL05-RS
587646;16/03/2024;sábado;10:13:00;RS;116;145,9;CAXIAS DO SUL;Condutor deixou de manter distância do veículo da frente;Colisão traseira;Com Vítimas Feridas;Pleno dia;Crescente;Céu Claro;Dupla;Reta;Sim;2;0;1;0;1;0;1;2;-291350217;-511302779;SPRF-RS;DEL05-RS;UOP01-DEL05-RS
588109;18/03/2024;segunda-feira;08:20:00;RS;470;195;BENTO GONCALVES;Problema com o freio;Tombamento;Com Vítimas Feridas;Pleno dia;Crescente;Céu Claro;Simples;Reta;Não;1;0;1;0;0;0;1;1;-2905083141;-5157747053;SPRF-RS;DEL06-RS;UOP02-DEL06-RS
588537;20/03/2024;quarta-feira;12:15:00;RS;116;150;CAXIAS DO SUL;Manobra de mudança de faixa;Colisão lateral mesmo sentido;Com Vítimas Feridas;Pleno dia;Crescente;Céu Claro;Dupla;"Retorno Regulamentado;Curva";Não;3;0;1;0;2;0;1;3;-291684513;-5115865767;SPRF-RS;DEL05-RS;UOP01-DEL05-RS
588682;20/03/2024;quarta-feira;19:40:00;RS;116;147;CAXIAS DO SUL;Manobra de mudança de faixa;Queda de ocupante de veículo;Com Vítimas Feridas;Anoitecer;Crescente;Céu Claro;Múltipla;Reta;Sim;2;0;1;0;1;0;1;2;-2914908014;-511429969;SPRF-RS;DEL05-RS;UOP01-DEL05-RS
589023;22/03/2024;sexta-feira;14:52:00;RS;470;155;NOVA PRATA;Conversão proibida;Colisão transversal;Sem Vítimas;Pleno dia;Decrescente;Céu Claro;Simples;"Reta;Em Obras";Não;6;0;0;0;5;1;0;4;-2878243906;-5161511825;SPRF-RS;DEL06-RS;UOP02-DEL06-RS
589163;23/03/2024;sábado;06:45:00;RS;470;157,3;NOVA PRATA;Ingestão de álcool pelo condutor;Saída de leito carroçável;Com Vítimas Feridas;Amanhecer;Crescente;Céu Claro;Simples;"Curva;Declive;Em Obras";Sim;1;0;1;0;0;0;1;1;-28789015;-5161574;SPRF-RS;DEL06-RS;UOP02-DEL06-RS
589188;23/03/2024;sábado;08:55:00;RS;470;247;SAO PEDRO DA SERRA;Conversão proibida;Colisão transversal;Com Vítimas Feridas;Pleno dia;Crescente;Céu Claro;Simples;Reta;Não;2;0;1;0;1;0;1;2;-2937593098;-5149908082;SPRF-RS;DEL06-RS;UOP01-DEL06-RS
589432;24/03/2024;domingo;11:40:00;RS;116;149,1;CAXIAS DO SUL;Condutor desrespeitou a iluminação vermelha do semáforo;Colisão transversal;Sem Vítimas;Pleno dia;Decrescente;Céu Claro;Dupla;"Retorno Regulamentado;Interseção de Vias";Sim;2;0;0;0;2;0;0;2;-2915996905;-5115645292;SPRF-RS;DEL05-RS;UOP01-DEL05-RS
589460;24/03/2024;domingo;14:20:00;RS;116;216;MORRO REUTER;Ultrapassagem Indevida;Colisão lateral mesmo sentido;Com Vítimas Feridas;Pleno dia;Decrescente;Céu Claro;Simples;Reta;Não;3;0;1;1;1;0;2;2;-2954001608;-5107711676;SPRF-RS;DEL05-RS;UOP02-DEL05-RS
589518;24/03/2024;domingo;19:00:00;RS;470;231;CARLOS BARBOSA;Acessar a via sem observar a presença dos outros veículos;Colisão transversal;Com Vítimas Feridas;Plena Noite;Decrescente;Céu Claro;Dupla;"Retorno Regulamentado;Reta;Interseção de Vias";Sim;6;0;0;5;0;1;5;3;-2923579206;-5151193423;SPRF-RS;DEL06-RS;UOP01-DEL06-RS
589561;24/03/2024;domingo;21:10:00;RS;470;223;GARIBALDI;Acessar a via sem observar a presença dos outros veículos;Colisão transversal;Sem Vítimas;Plena Noite;Crescente;Céu Claro;Simples;"Reta;Retorno Regulamentado";Não;3;0;0;0;3;0;0;2;-2921249203;-5151794436;SPRF-RS;DEL06-RS;UOP01-DEL06-RS
589656;25/03/2024;segunda-feira;12:00:00;RS;116;150;CAXIAS DO SUL;Manobra de mudança de faixa;Tombamento;Com Vítimas Feridas;Pleno dia;Crescente;Céu Claro;Dupla;"Curva;Retorno Regulamentado";Sim;2;0;1;0;1;0;1;2;-2916852903;-5115865231;SPRF-RS;DEL05-RS;UOP01-DEL05-RS
589726;25/03/2024;segunda-feira;17:35:00;RS;116;144,2;CAXIAS DO SUL;Pista esburacada;Colisão traseira;Com Vítimas Feridas;Pleno dia;Crescente;Céu Claro;Dupla;"Interseção de Vias;Em Obras;Reta";Sim;2;0;2;0;0;0;2;2;-29133498;-5112970818;SPRF-RS;DEL05-RS;UOP01-DEL05-RS
589801;26/03/2024;terça-feira;07:20:00;RS;116;143;CAXIAS DO SUL;Reação tardia ou ineficiente do condutor;Colisão traseira;Com Vítimas Feridas;Pleno dia;Crescente;Céu Claro;Dupla;"Reta;Aclive";Não;3;0;2;0;1;0;2;2;-291201739;-5112260651;SPRF-RS;DEL05-RS;UOP01-DEL05-RS
589894;26/03/2024;terça-feira;18:00:00;RS;470;222;GARIBALDI;Reação tardia ou ineficiente do condutor;Queda de ocupante de veículo;Com Vítimas Feridas;Pleno dia;Decrescente;Céu Claro;Dupla;Reta;Não;1;0;1;0;0;0;1;1;-2920372835;-5151786908;SPRF-RS;DEL06-RS;UOP01-DEL06-RS
589895;26/03/2024;terça-feira;17:40:00;RS;470;175,6;VERANOPOLIS;Acessar a via sem observar a presença dos outros veículos;Colisão transversal;Com Vítimas Feridas;Pleno dia;Crescente;Céu Claro;Simples;Rotatória;Sim;4;0;3;0;1;0;3;2;-2892661589;-515413928;SPRF-RS;DEL06-RS;UOP02-DEL06-RS
589959;27/03/2024;quarta-feira;00:30:00;RS;116;153;CAXIAS DO SUL;Condutor desrespeitou a iluminação vermelha do semáforo;Colisão transversal;Com Vítimas Feridas;Plena Noite;Crescente;Nublado;Dupla;Reta;Sim;3;0;1;0;1;1;1;3;-2918579758;-5117713005;SPRF-RS;DEL05-RS;UOP01-DEL05-RS
589984;27/03/2024;quarta-feira;07:15:00;RS;116;145,8;CAXIAS DO SUL;Afundamento ou ondulação no pavimento;Colisão lateral mesmo sentido;Com Vítimas Feridas;Pleno dia;Crescente;Céu Claro;Dupla;"Em Obras;Reta";Sim;2;0;1;0;1;0;1;2;-291350217;-511302779;SPRF-RS;DEL05-RS;UOP01-DEL05-RS
590159;27/03/2024;quarta-feira;19:00:00;RS;470;229;CARLOS BARBOSA;Ausência de reação do condutor;Saída de leito carroçável;Sem Vítimas;Plena Noite;Crescente;Céu Claro;Dupla;"Reta;Aclive";Não;1;0;0;0;1;0;0;1;-2927981098;-5149360657;SPRF-RS;DEL06-RS;UOP01-DEL06-RS
590203;27/03/2024;quarta-feira;23:30:00;RS;470;252;SAO PEDRO DA SERRA;Pedestre - Ingestão de álcool/ substâncias psicoativas;Atropelamento de Pedestre;Com Vítimas Fatais;Plena Noite;Decrescente;Céu Claro;Simples;Reta;Não;1;1;0;0;0;0;0;1;-2939918562;-5149915714;SPRF-RS;DEL06-RS;UOP01-DEL06-RS
590528;29/03/2024;sexta-feira;09:24:00;RS;116;206,8;PICADA CAFE;Acumulo de areia ou detritos sobre o pavimento;Colisão lateral mesmo sentido;Com Vítimas Feridas;Pleno dia;Decrescente;Céu Claro;Simples;Curva;Não;3;0;3;0;0;0;3;2;-2949966726;-511306017;SPRF-RS;DEL05-RS;UOP02-DEL05-RS
590647;30/03/2024;sábado;01:50:00;RS;470;216;BENTO GONCALVES;Ingestão de álcool pelo condutor;Saída de leito carroçável;Sem Vítimas;Plena Noite;Decrescente;Céu Claro;Dupla;Curva;Sim;1;0;0;0;1;0;0;1;-2915887096;-5153142395;SPRF-RS;DEL06-RS;UOP01-DEL06-RS
591141;01/04/2024;segunda-feira;09:00:00;RS;116;147,4;CAXIAS DO SUL;Condutor desrespeitou a iluminação vermelha do semáforo;Colisão transversal;Com Vítimas Feridas;Pleno dia;Crescente;Céu Claro;Dupla;Reta;Sim;2;0;1;0;1;0;1;2;-2914908014;-511429969;SPRF-RS;DEL05-RS;UOP01-DEL05-RS
591212;01/04/2024;segunda-feira;16:50:00;RS;116;147,4;CAXIAS DO SUL;Condutor deixou de manter distância do veículo da frente;Colisão traseira;Sem Vítimas;Pleno dia;Decrescente;Nublado;Dupla;Reta;Sim;2;0;0;0;2;0;0;2;-2915223624;-5114753723;SPRF-RS;DEL05-RS;UOP01-DEL05-RS
591282;01/04/2024;segunda-feira;18:00:00;RS;470;195;BENTO GONCALVES;Reação tardia ou ineficiente do condutor;Tombamento;Com Vítimas Feridas;Anoitecer;Crescente;Garoa/Chuvisco;Simples;"Curva;Aclive";Não;1;0;1;0;0;0;1;1;-2905097073;-5158205288;SPRF-RS;DEL06-RS;UOP02-DEL06-RS
591286;01/04/2024;segunda-feira;22:50:00;RS;470;217;BENTO GONCALVES;Reação tardia ou ineficiente do condutor;Colisão traseira;Com Vítimas Feridas;Plena Noite;Decrescente;Garoa/Chuvisco;Dupla;"Declive;Retorno Regulamentado;Reta;Interseção de Vias";Sim;5;0;3;0;2;0;3;2;-2916462512;-5152551964;SPRF-RS;DEL06-RS;UOP01-DEL06-RS
591332;02/04/2024;terça-feira;08:35:00;RS;116;147,3;CAXIAS DO SUL;Reação tardia ou ineficiente do condutor;Engavetamento;Com Vítimas Feridas;Pleno dia;Decrescente;Sol;Dupla;Curva;Não;4;0;0;1;3;0;1;3;-2914908014;-511429969;SPRF-RS;DEL05-RS;UOP01-DEL05-RS
591532;03/04/2024;quarta-feira;14:15:00;RS;116;144,5;CAXIAS DO SUL;Demais falhas mecânicas ou elétricas;Capotamento;Com Vítimas Feridas;Pleno dia;Crescente;Céu Claro;Simples;Reta;Não;2;0;1;0;1;0;1;1;-2913000868;-5112796783;SPRF-RS;DEL05-RS;UOP01-DEL05-RS
591718;04/04/2024;quinta-feira;10:20:00;RS;470;217;BENTO GONCALVES;Ausência de reação do condutor;Tombamento;Com Vítimas Feridas;Pleno dia;Decrescente;Céu Claro;Dupla;"Rotatória;Declive";Sim;1;0;1;0;0;0;1;1;-2916462512;-5152551964;SPRF-RS;DEL06-RS;UOP01-DEL06-RS
591742;04/04/2024;quinta-feira;11:00:00;RS;116;137,2;CAXIAS DO SUL;Avarias e/ou desgaste excessivo no pneu;Saída de leito carroçável;Sem Vítimas;Pleno dia;Decrescente;Céu Claro;Simples;"Declive;Curva";Não;1;0;0;0;1;0;0;1;-2908114701;-5111228512;SPRF-RS;DEL05-RS;UOP01-DEL05-RS
591746;04/04/2024;quinta-feira;10:50:00;RS;116;121;SAO MARCOS;Acessar a via sem observar a presença dos outros veículos;Colisão transversal;Com Vítimas Feridas;Pleno dia;Decrescente;Céu Claro;Simples;"Ponte;Curva";Não;2;0;1;0;1;0;1;2;-2900573128;-5106932906;SPRF-RS;DEL05-RS;UOP01-DEL05-RS
591999;05/04/2024;sexta-feira;20:10:00;RS;470;217;BENTO GONCALVES;Desrespeitar a preferência no cruzamento;Colisão transversal;Sem Vítimas;Plena Noite;Crescente;Céu Claro;Simples;Rotatória;Sim;3;0;0;0;2;1;0;2;-2917642343;-5152150691;SPRF-RS;DEL06-RS;UOP01-DEL06-RS
592009;05/04/2024;sexta-feira;18:40:00;RS;470;163;NOVA PRATA;Acessar a via sem observar a presença dos outros veículos;Colisão transversal;Com Vítimas Feridas;Plena Noite;Decrescente;Garoa/Chuvisco;Simples;"Reta;Interseção de Vias";Não;7;0;3;0;4;0;3;2;-2882755543;-5158058532;SPRF-RS;DEL06-RS;UOP02-DEL06-RS
592114;06/04/2024;sábado;09:10:00;RS;116;150,4;CAXIAS DO SUL;Ingestão de álcool pelo condutor;Engavetamento;Sem Vítimas;Pleno dia;Crescente;Sol;Múltipla;Reta;Sim;3;0;0;0;3;0;0;3;-29168428;-51158337;SPRF-RS;DEL05-RS;UOP01-DEL05-RS
592301;06/04/2024;sábado;21:30:00;RS;470;177,9;VERANOPOLIS;Conversão proibida;Colisão frontal;Com Vítimas Feridas;Plena Noite;Decrescente;Céu Claro;Simples;Curva;Sim;1;0;1;0;0;0;1;1;-2893915139;-5154591976;SPRF-RS;DEL06-RS;UOP02-DEL06-RS
592388;07/04/2024;domingo;09:00:00;RS;470;219;BENTO GONCALVES;Pista Escorregadia;Colisão frontal;Com Vítimas Feridas;Pleno dia;Crescente;Nublado;Simples;Curva;Não;4;0;2;0;2;0;2;2;-2917909489;-5151855675;SPRF-RS;DEL06-RS;UOP01-DEL06-RS
592508;07/04/2024;domingo;19:50:00;RS;116;112,8;SAO MARCOS;Reação tardia ou ineficiente do condutor;Saída de leito carroçável;Com Vítimas Feridas;Plena Noite;Crescente;Nevoeiro/Neblina;Simples;Reta;Sim;2;0;0;1;0;1;1;2;-2894827931;-5108170135;SPRF-RS;DEL05-RS;UOP01-DEL05-RS
592729;08/04/2024;segunda-feira;18:45:00;RS;116;145,5;CAXIAS DO SUL;Reação tardia ou ineficiente do condutor;Tombamento;Com Vítimas Feridas;Plena Noite;Crescente;Céu Claro;Dupla;"Reta;Declive";Sim;1;0;1;0;0;0;1;1;-29139505;-51133551;SPRF-RS;DEL05-RS;UOP01-DEL05-RS
592780;08/04/2024;segunda-feira;10:45:00;RS;470;175,9;VERANOPOLIS;Acessar a via sem observar a presença dos outros veículos;Colisão transversal;Com Vítimas Feridas;Plena Noite;Decrescente;Céu Claro;Simples;"Rotatória;Reta;Interseção de Vias;Declive";Sim;3;0;1;0;2;0;1;2;-2892482692;-515392428;SPRF-RS;DEL06-RS;UOP02-DEL06-RS
593370;11/04/2024;quinta-feira;21:15:00;RS;470;224,5;GARIBALDI;Conversão proibida;Colisão frontal;Com Vítimas Feridas;Plena Noite;Decrescente;Garoa/Chuvisco;Simples;"Interseção de Vias;Reta;Declive";Não;4;0;1;0;3;0;1;3;-2923595714;-5151696682;SPRF-RS;DEL06-RS;UOP01-DEL06-RS
593427;12/04/2024;sexta-feira;07:55:00;RS;116;142,3;CAXIAS DO SUL;Reação tardia ou ineficiente do condutor;Saída de leito carroçável;Sem Vítimas;Pleno dia;Crescente;Chuva;Dupla;Curva;Sim;2;0;0;0;1;1;0;2;-2911727;-51115208;SPRF-RS;DEL05-RS;UOP01-DEL05-RS
593435;12/04/2024;sexta-feira;08:15:00;RS;116;148,8;CAXIAS DO SUL;Transitar no Acostamento;Colisão lateral mesmo sentido;Com Vítimas Feridas;Pleno dia;Crescente;Chuva;Dupla;"Declive;Reta";Sim;3;0;1;0;1;1;1;3;-2915444539;-5115101681;SPRF-RS;DEL05-RS;UOP01-DEL05-RS
594207;15/04/2024;segunda-feira;18:30:00;RS;470;217;BENTO GONCALVES;Acessar a via sem observar a presença dos outros veículos;Colisão transversal;Com Vítimas Feridas;Plena Noite;Crescente;Nublado;Dupla;Rotatória;Não;2;0;1;0;1;0;1;2;-2916462512;-5152551964;SPRF-RS;DEL06-RS;UOP01-DEL06-RS
594408;16/04/2024;terça-feira;16:45:00;RS;470;218,9;BENTO GONCALVES;Reação tardia ou ineficiente do condutor;Saída de leito carroçável;Com Vítimas Feridas;Pleno dia;Decrescente;Chuva;Simples;"Curva;Aclive";Não;2;0;1;0;1;0;1;1;-2918786999;-5152157849;SPRF-RS;DEL06-RS;UOP01-DEL06-RS
594461;17/04/2024;quarta-feira;01:30:00;RS;116;143,7;CAXIAS DO SUL;Reação tardia ou ineficiente do condutor;Colisão com objeto;Sem Vítimas;Plena Noite;Decrescente;Chuva;Dupla;"Curva;Aclive";Sim;2;0;0;0;0;2;0;2;-291201739;-5112260651;SPRF-RS;DEL05-RS;UOP01-DEL05-RS
594542;17/04/2024;quarta-feira;10:00:00;RS;116;185;NOVA PETROPOLIS;Manobra de mudança de faixa;Colisão lateral sentido oposto;Com Vítimas Feridas;Pleno dia;Decrescente;Céu Claro;Dupla;"Curva;Aclive;Rotatória";Sim;2;0;1;0;1;0;1;2;-2939221114;-5112482919;SPRF-RS;DEL05-RS;UOP02-DEL05-RS
594590;17/04/2024;quarta-feira;13:55:00;RS;470;230,2;CARLOS BARBOSA;Conversão proibida;Colisão transversal;Com Vítimas Feridas;Pleno dia;Decrescente;Céu Claro;Simples;"Declive;Reta";Sim;4;0;4;0;0;0;4;2;-2927749013;-5149326324;SPRF-RS;DEL06-RS;UOP01-DEL06-RS
594654;01/04/2024;segunda-feira;20:15:00;RS;470;210;BENTO GONCALVES;Reação tardia ou ineficiente do condutor;Colisão transversal;Sem Vítimas;Plena Noite;Crescente;Garoa/Chuvisco;Simples;Curva;Não;2;0;0;0;2;0;0;2;-2911647449;-5154258383;SPRF-RS;DEL06-RS;UOP01-DEL06-RS
595110;19/04/2024;sexta-feira;22:10:00;RS;470;210,5;BENTO GONCALVES;Velocidade Incompatível;Colisão frontal;Com Vítimas Fatais;Plena Noite;Decrescente;Céu Claro;Simples;Curva;Não;4;1;2;0;1;0;2;2;-2913007252;-515419507;SPRF-RS;DEL06-RS;UOP01-DEL06-RS
595171;20/04/2024;sábado;08:00:00;RS;116;208,3;PICADA CAFE;Reação tardia ou ineficiente do condutor;Tombamento;Com Vítimas Fatais;Pleno dia;Decrescente;Céu Claro;Simples;Curva;Não;1;1;0;0;0;0;0;1;-2950493622;-511171341;SPRF-RS;DEL05-RS;UOP02-DEL05-RS
595220;20/04/2024;sábado;12:30:00;RS;116;152,6;CAXIAS DO SUL;Transitar na contramão;Colisão frontal;Com Vítimas Feridas;Pleno dia;Decrescente;Céu Claro;Múltipla;Reta;Sim;3;0;1;2;0;0;3;2;-2918472556;-5117320061;SPRF-RS;DEL05-RS;UOP01-DEL05-RS
595517;21/04/2024;domingo;19:28:00;RS;470;217;BENTO GONCALVES;Acessar a via sem observar a presença dos outros veículos;Colisão transversal;Com Vítimas Feridas;Plena Noite;Decrescente;Céu Claro;Dupla;"Interseção de Vias;Rotatória";Sim;2;0;1;0;1;0;1;2;-2916462512;-5152551964;SPRF-RS;DEL06-RS;UOP01-DEL06-RS
595704;09/03/2024;sábado;09:00:00;RS;470;231;CARLOS BARBOSA;Acessar a via sem observar a presença dos outros veículos;Colisão lateral mesmo sentido;Com Vítimas Feridas;Pleno dia;Crescente;Céu Claro;Dupla;Reta;Sim;2;0;1;0;1;0;1;2;-2923579206;-5151193423;SPRF-RS;DEL06-RS;UOP01-DEL06-RS
595855;23/04/2024;terça-feira;13:20:00;RS;470;178;VERANOPOLIS;Condutor deixou de manter distância do veículo da frente;Colisão traseira;Com Vítimas Feridas;Pleno dia;Crescente;Céu Claro;Simples;Interseção de Vias;Sim;2;0;1;0;1;0;1;2;-2894490557;-5155213773;SPRF-RS;DEL06-RS;UOP02-DEL06-RS
596340;25/04/2024;quinta-feira;19:13:00;RS;470;216;BENTO GONCALVES;Demais falhas mecânicas ou elétricas;Incêndio;Sem Vítimas;Plena Noite;Crescente;Nublado;Simples;"Reta;Aclive";Sim;1;0;0;0;1;0;0;1;-2916404151;-5152540684;SPRF-RS;DEL06-RS;UOP01-DEL06-RS
596341;25/04/2024;quinta-feira;19:30:00;RS;116;154;CAXIAS DO SUL;Acessar a via sem observar a presença dos outros veículos;Colisão transversal;Com Vítimas Feridas;Plena Noite;Crescente;Céu Claro;Simples;Reta;Não;2;0;1;0;1;0;1;2;-2919074818;-5118073734;SPRF-RS;DEL05-RS;UOP01-DEL05-RS
596457;26/04/2024;sexta-feira;07:50:00;RS;116;148,5;CAXIAS DO SUL;Pista Escorregadia;Tombamento;Com Vítimas Feridas;Pleno dia;Decrescente;Chuva;Dupla;Curva;Sim;1;0;1;0;0;0;1;1;-2915444539;-5115101681;SPRF-RS;DEL05-RS;UOP01-DEL05-RS
596785;27/04/2024;sábado;17:30:00;RS;116;136,9;CAXIAS DO SUL;Reação tardia ou ineficiente do condutor;Saída de leito carroçável;Com Vítimas Feridas;Anoitecer;Crescente;Garoa/Chuvisco;Simples;Curva;Não;1;0;1;0;0;0;1;1;-2908122614;-5111243248;SPRF-RS;DEL05-RS;UOP01-DEL05-RS
596803;27/04/2024;sábado;20:45:00;RS;116;110,6;SAO MARCOS;Ingestão de álcool pelo condutor;Colisão traseira;Com Vítimas Feridas;Plena Noite;Decrescente;Chuva;Simples;"Reta;Aclive";Sim;3;0;1;0;2;0;1;2;-2893751206;-5109448306;SPRF-RS;DEL05-RS;UOP01-DEL05-RS
597299;29/04/2024;segunda-feira;19:10:00;RS;116;152,3;CAXIAS DO SUL;Reação tardia ou ineficiente do condutor;Colisão traseira;Sem Vítimas;Plena Noite;Crescente;Chuva;Dupla;Curva;Sim;2;0;0;0;2;0;0;2;-2918411671;-5117082953;SPRF-RS;DEL05-RS;UOP01-DEL05-RS
597868;02/05/2024;quinta-feira;19:25:00;RS;116;148,4;CAXIAS DO SUL;Pista Escorregadia;Tombamento;Com Vítimas Feridas;Plena Noite;Decrescente;Chuva;Dupla;"Declive;Curva";Sim;2;0;2;0;0;0;2;1;-2915444539;-5115101681;SPRF-RS;DEL05-RS;UOP01-DEL05-RS
598217;04/05/2024;sábado;11:00:00;RS;470;201;BENTO GONCALVES;Demais Fenômenos da natureza;Eventos atípicos;Sem Vítimas;Pleno dia;Crescente;Chuva;Simples;Curva;Não;1;0;0;0;0;1;0;1;-2907245097;-5158569103;SPRF-RS;DEL06-RS;UOP02-DEL06-RS
599122;08/05/2024;quarta-feira;18:52:00;RS;470;220;GARIBALDI;Ingestão de álcool pelo condutor;Saída de leito carroçável;Sem Vítimas;Plena Noite;Crescente;Chuva;Dupla;Reta;Não;1;0;0;0;1;0;0;1;-2918739172;-5152056521;SPRF-RS;DEL06-RS;UOP01-DEL06-RS
599781;11/05/2024;sábado;15:50:00;RS;116;140,4;CAXIAS DO SUL;Condutor deixou de manter distância do veículo da frente;Colisão traseira;Com Vítimas Feridas;Pleno dia;Decrescente;Chuva;Simples;"Curva;Aclive";Não;3;0;1;0;2;0;1;2;-2910381619;-5110968039;SPRF-RS;DEL05-RS;UOP01-DEL05-RS
599949;11/05/2024;sábado;22:25:00;RS;470;216;BENTO GONCALVES;Reação tardia ou ineficiente do condutor;Saída de leito carroçável;Sem Vítimas;Plena Noite;Decrescente;Chuva;Simples;Curva;Sim;1;0;0;0;1;0;0;1;-2917424623;-5152418804;SPRF-RS;DEL06-RS;UOP01-DEL06-RS
599964;12/05/2024;domingo;07:40:00;RS;470;236;CARLOS BARBOSA;Ingestão de álcool pelo condutor;Colisão com objeto;Sem Vítimas;Pleno dia;Decrescente;Chuva;Simples;Reta;Sim;1;0;0;0;1;0;0;1;-2931940694;-5149532318;SPRF-RS;DEL06-RS;UOP01-DEL06-RS
600165;13/05/2024;segunda-feira;06:20:00;RS;470;216;BENTO GONCALVES;Acessar a via sem observar a presença dos outros veículos;Colisão transversal;Com Vítimas Feridas;Amanhecer;Decrescente;Garoa/Chuvisco;Dupla;Reta;Sim;3;0;1;0;2;0;1;2;-2915887096;-5153142395;SPRF-RS;DEL06-RS;UOP01-DEL06-RS
600166;13/05/2024;segunda-feira;01:15:00;RS;470;219;BENTO GONCALVES;Ingestão de álcool pelo condutor;Saída de leito carroçável;Sem Vítimas;Plena Noite;Decrescente;Chuva;Dupla;Curva;Não;2;0;0;0;2;0;0;1;-2917909489;-5151855675;SPRF-RS;DEL06-RS;UOP01-DEL06-RS
600547;14/05/2024;terça-feira;19:55:00;RS;116;152,6;CAXIAS DO SUL;Pista esburacada;Tombamento;Com Vítimas Feridas;Plena Noite;Crescente;Céu Claro;Dupla;"Declive;Curva";Sim;1;0;1;0;0;0;1;1;-291829343;-5116801501;SPRF-RS;DEL05-RS;UOP01-DEL05-RS
600620;15/05/2024;quarta-feira;05:15:00;RS;116;191,6;PICADA CAFE;Desvio temporário;Saída de leito carroçável;Com Vítimas Feridas;Amanhecer;Decrescente;Céu Claro;Simples;"Desvio Temporário;Reta;Em Obras;Aclive";Não;2;0;1;0;0;1;1;2;-2943001301;-5113412787;SPRF-RS;DEL05-RS;UOP02-DEL05-RS
600679;15/05/2024;quarta-feira;13:40:00;RS;116;150,7;CAXIAS DO SUL;Reação tardia ou ineficiente do condutor;Colisão transversal;Com Vítimas Feridas;Pleno dia;Decrescente;Céu Claro;Dupla;"Curva;Aclive";Sim;2;0;0;1;1;0;1;2;-29168428;-51158337;SPRF-RS;DEL05-RS;UOP01-DEL05-RS
600764;15/05/2024;quarta-feira;19:20:00;RS;470;225,7;GARIBALDI;Desrespeitar a preferência no cruzamento;Colisão transversal;Com Vítimas Feridas;Plena Noite;Crescente;Céu Claro;Simples;"Retorno Regulamentado;Reta";Sim;4;0;1;0;2;1;1;3;-2921454003;-5151762617;SPRF-RS;DEL06-RS;UOP01-DEL06-RS
601134;17/05/2024;sexta-feira;18:45:00;RS;470;219;BENTO GONCALVES;Ingestão de álcool pelo condutor;Colisão traseira;Sem Vítimas;Plena Noite;Crescente;Garoa/Chuvisco;Simples;Em Obras;Não;2;0;0;0;2;0;0;2;-2919289033;-5152144253;SPRF-RS;DEL06-RS;UOP01-DEL06-RS
601230;18/05/2024;sábado;03:40:00;RS;470;229,6;GARIBALDI;Ingestão de álcool pelo condutor;Colisão frontal;Com Vítimas Feridas;Plena Noite;Crescente;Nublado;Simples;"Reta;Aclive";Não;6;0;4;1;1;0;5;2;-2927422782;-5149462581;SPRF-RS;DEL06-RS;UOP01-DEL06-RS
601422;18/05/2024;sábado;19:10:00;RS;116;114,5;SAO MARCOS;Acessar a via sem observar a presença dos outros veículos;Colisão frontal;Sem Vítimas;Plena Noite;Crescente;Nublado;Simples;"Aclive;Reta";Sim;4;0;0;0;3;1;0;2;-2896711;-51073615;SPRF-RS;DEL05-RS;UOP01-DEL05-RS
601670;19/05/2024;domingo;18:50:00;RS;116;120,1;SAO MARCOS;Reação tardia ou ineficiente do condutor;Capotamento;Com Vítimas Feridas;Plena Noite;Decrescente;Nevoeiro/Neblina;Dupla;Reta;Não;1;0;1;0;0;0;1;1;-2900257991;-5107844385;SPRF-RS;DEL05-RS;UOP01-DEL05-RS
601680;19/05/2024;domingo;17:25:00;RS;116;155;CAXIAS DO SUL;Neblina;Colisão frontal;Com Vítimas Feridas;Anoitecer;Crescente;Nevoeiro/Neblina;Dupla;Reta;Sim;4;0;3;0;1;0;3;2;-2920053556;-511762476;SPRF-RS;DEL05-RS;UOP01-DEL05-RS
601724;19/05/2024;domingo;23:45:00;RS;116;148,9;CAXIAS DO SUL;Ingestão de álcool pelo condutor;Colisão traseira;Com Vítimas Feridas;Plena Noite;Decrescente;Céu Claro;Dupla;Reta;Sim;4;0;2;0;2;0;2;2;-2915444539;-5115101681;SPRF-RS;DEL05-RS;UOP01-DEL05-RS
602073;21/05/2024;terça-feira;19:10:00;RS;116;156;CAXIAS DO SUL;Pista Escorregadia;Tombamento;Com Vítimas Feridas;Plena Noite;Decrescente;Garoa/Chuvisco;Dupla;Curva;Sim;1;0;1;0;0;0;1;1;-2920731013;-5117757864;SPRF-RS;DEL05-RS;UOP01-DEL05-RS
602099;21/05/2024;terça-feira;18:20:00;RS;470;212,9;BENTO GONCALVES;Acessar a via sem observar a presença dos outros veículos;Colisão transversal;Com Vítimas Feridas;Anoitecer;Crescente;Céu Claro;Simples;Interseção de Vias;Sim;3;0;2;1;0;0;3;2;-2914485916;-5153358757;SPRF-RS;DEL06-RS;UOP01-DEL06-RS
602391;23/05/2024;quinta-feira;10:50:00;RS;0;0;BENTO GONCALVES;Acessar a via sem observar a presença dos outros veículos;Colisão transversal;Com Vítimas Feridas;Pleno dia;Não Informado;Garoa/Chuvisco;Simples;"Interseção de Vias;Reta";Sim;3;0;1;0;2;0;1;2;-2916716125;-5150895953;SPRF-RS;DEL06-RS;UOP01-DEL06-RS
602673;24/05/2024;sexta-feira;17:00:00;RS;116;147,5;CAXIAS DO SUL;Reação tardia ou ineficiente do condutor;Colisão traseira;Sem Vítimas;Anoitecer;Crescente;Chuva;Múltipla;Reta;Sim;2;0;0;0;2;0;0;2;-2914908014;-511429969;SPRF-RS;DEL05-RS;UOP01-DEL05-RS
602819;25/05/2024;sábado;06:38:00;RS;470;216,9;BENTO GONCALVES;Entrada inopinada do pedestre;Atropelamento de Pedestre;Com Vítimas Feridas;Amanhecer;Crescente;Garoa/Chuvisco;Múltipla;Interseção de Vias;Sim;2;0;1;1;0;0;2;2;-2915887096;-5153142395;SPRF-RS;DEL06-RS;UOP01-DEL06-RS
603115;26/05/2024;domingo;04:10:00;RS;470;170;VILA FLORES;Ausência de reação do condutor;Saída de leito carroçável;Com Vítimas Feridas;Plena Noite;Crescente;Céu Claro;Simples;Reta;Sim;1;0;1;0;0;0;1;1;-2887852536;-5154854357;SPRF-RS;DEL06-RS;UOP02-DEL06-RS
603289;27/05/2024;segunda-feira;06:50:00;RS;470;210;BENTO GONCALVES;Reação tardia ou ineficiente do condutor;Colisão com objeto;Com Vítimas Feridas;Pleno dia;Crescente;Chuva;Simples;"Em Obras;Reta;Declive";Sim;1;0;1;0;0;0;1;1;-2911647449;-5154258383;SPRF-RS;DEL06-RS;UOP01-DEL06-RS
603398;27/05/2024;segunda-feira;10:15:00;RS;470;244;BARAO;Ausência de reação do condutor;Colisão com objeto;Com Vítimas Feridas;Pleno dia;Decrescente;Garoa/Chuvisco;Dupla;Curva;Sim;1;0;1;0;0;0;1;1;-2936247007;-5151749611;SPRF-RS;DEL06-RS;UOP01-DEL06-RS
603404;27/05/2024;segunda-feira;08:50:00;RS;470;244;BARAO;Acessar a via sem observar a presença dos outros veículos;Colisão transversal;Com Vítimas Feridas;Pleno dia;Crescente;Chuva;Simples;"Reta;Interseção de Vias";Sim;2;0;1;0;1;0;1;2;-2936247007;-5151749611;SPRF-RS;DEL06-RS;UOP01-DEL06-RS
603505;28/05/2024;terça-feira;06:48:00;RS;470;172;VERANOPOLIS;Reação tardia ou ineficiente do condutor;Colisão lateral mesmo sentido;Com Vítimas Feridas;Amanhecer;Decrescente;Nevoeiro/Neblina;Simples;"Curva;Aclive";Sim;4;0;1;0;3;0;1;2;-2889106431;-5154975736;SPRF-RS;DEL06-RS;UOP02-DEL06-RS
603811;29/05/2024;quarta-feira;17:40:00;RS;116;147;CAXIAS DO SUL;Pedestre cruzava a pista fora da faixa;Atropelamento de Pedestre;Com Vítimas Feridas;Anoitecer;Crescente;Céu Claro;Dupla;Reta;Sim;4;0;1;0;2;1;1;3;-2914908014;-511429969;SPRF-RS;DEL05-RS;UOP01-DEL05-RS
603868;24/05/2024;sexta-feira;18:50:00;RS;470;160;NOVA PRATA;Manobra de mudança de faixa;Colisão frontal;Com Vítimas Feridas;Plena Noite;Crescente;Garoa/Chuvisco;Simples;"Declive;Reta";Não;3;0;1;0;2;0;1;2;-2881066741;-5160061401;SPRF-RS;DEL06-RS;UOP02-DEL06-RS
604034;30/05/2024;quinta-feira;13:20:00;RS;116;200;PICADA CAFE;Velocidade Incompatível;Queda de ocupante de veículo;Com Vítimas Feridas;Pleno dia;Crescente;Céu Claro;Simples;Curva;Não;2;0;2;0;0;0;2;1;-2948890588;-5113828706;SPRF-RS;DEL05-RS;UOP02-DEL05-RS
604258;31/05/2024;sexta-feira;13:40:00;RS;116;146;CAXIAS DO SUL;Reação tardia ou ineficiente do condutor;Engavetamento;Sem Vítimas;Pleno dia;Crescente;Céu Claro;Dupla;Reta;Não;3;0;0;0;3;0;0;3;-2914228897;-5113622202;SPRF-RS;DEL05-RS;UOP01-DEL05-RS
604282;31/05/2024;sexta-feira;17:10:00;RS;116;153;CAXIAS DO SUL;Afundamento ou ondulação no pavimento;Colisão lateral mesmo sentido;Com Vítimas Feridas;Amanhecer;Crescente;Céu Claro;Dupla;Curva;Sim;2;0;1;0;1;0;1;2;-2918579758;-5117713005;SPRF-RS;DEL05-RS;UOP01-DEL05-RS
604388;31/05/2024;sexta-feira;14:50:00;RS;470;216;BENTO GONCALVES;Entrada inopinada do pedestre;Atropelamento de Pedestre;Com Vítimas Feridas;Pleno dia;Decrescente;Céu Claro;Simples;"Reta;Retorno Regulamentado";Sim;2;0;1;0;1;0;1;2;-2915887096;-5153142395;SPRF-RS;DEL06-RS;UOP01-DEL06-RS
604449;01/06/2024;sábado;09:10:00;RS;470;168;VERANOPOLIS;Pedestre cruzava a pista fora da faixa;Atropelamento de Pedestre;Com Vítimas Feridas;Pleno dia;Crescente;Céu Claro;Simples;Reta;Sim;3;0;0;1;2;0;1;2;-2885711814;-5155698016;SPRF-RS;DEL06-RS;UOP02-DEL06-RS
604478;01/06/2024;sábado;16:00:00;RS;470;245;BARAO;Acesso irregular;Colisão transversal;Com Vítimas Feridas;Pleno dia;Crescente;Céu Claro;Simples;"Curva;Interseção de Vias";Sim;3;0;2;0;1;0;2;2;-2936751735;-5151081606;SPRF-RS;DEL06-RS;UOP01-DEL06-RS
604487;01/06/2024;sábado;18:00:00;RS;116;151;CAXIAS DO SUL;Pedestre - Ingestão de álcool/ substâncias psicoativas;Atropelamento de Pedestre;Com Vítimas Feridas;Anoitecer;Crescente;Nublado;Dupla;"Reta;Declive";Sim;2;0;2;0;0;0;2;2;-2917694502;-5116173896;SPRF-RS;DEL05-RS;UOP01-DEL05-RS
604753;02/06/2024;domingo;18:00:00;RS;470;214,5;BENTO GONCALVES;Reação tardia ou ineficiente do condutor;Tombamento;Com Vítimas Feridas;Plena Noite;Decrescente;Céu Claro;Simples;Curva;Sim;2;0;1;0;1;0;1;2;-2915670554;-5153072834;SPRF-RS;DEL06-RS;UOP01-DEL06-RS
604911;03/06/2024;segunda-feira;08:55:00;RS;470;215;BENTO GONCALVES;Pista Escorregadia;Saída de leito carroçável;Sem Vítimas;Pleno dia;Decrescente;Garoa/Chuvisco;Simples;"Declive;Curva";Sim;1;0;0;0;1;0;0;1;-29150635;-51530241;SPRF-RS;DEL06-RS;UOP01-DEL06-RS
605231;04/06/2024;terça-feira;16:45:00;RS;470;225;GARIBALDI;Acessar a via sem observar a presença dos outros veículos;Colisão transversal;Com Vítimas Feridas;Anoitecer;Crescente;Céu Claro;Simples;Interseção de Vias;Sim;3;0;1;0;2;0;1;2;-2921454003;-5151762617;SPRF-RS;DEL06-RS;UOP01-DEL06-RS
605251;04/06/2024;terça-feira;20:55:00;RS;470;171,8;VERANOPOLIS;Acessar a via sem observar a presença dos outros veículos;Colisão transversal;Com Vítimas Feridas;Plena Noite;Decrescente;Ignorado;Simples;"Retorno Regulamentado;Reta";Não;3;0;3;0;0;0;3;2;-2888090703;-515484283;SPRF-RS;DEL06-RS;UOP02-DEL06-RS
605446;06/06/2024;quinta-feira;02:15:00;RS;116;150;CAXIAS DO SUL;Condutor desrespeitou a iluminação vermelha do semáforo;Colisão transversal;Com Vítimas Feridas;Plena Noite;Crescente;Céu Claro;Múltipla;"Interseção de Vias;Reta";Sim;2;0;2;0;0;0;2;2;-29168428;-51158337;SPRF-RS;DEL05-RS;UOP01-DEL05-RS
605612;06/06/2024;quinta-feira;20:15:00;RS;116;142;CAXIAS DO SUL;Acesso irregular;Colisão transversal;Sem Vítimas;Plena Noite;Decrescente;Céu Claro;Dupla;Interseção de Vias;Não;2;0;0;0;1;1;0;2;-2911727;-51115208;SPRF-RS;DEL05-RS;UOP01-DEL05-RS
605670;07/06/2024;sexta-feira;07:30:00;RS;116;142;CAXIAS DO SUL;Ausência de reação do condutor;Colisão transversal;Com Vítimas Feridas;Pleno dia;Decrescente;Céu Claro;Dupla;Interseção de Vias;Sim;2;0;0;1;1;0;1;2;-2911727;-51115208;SPRF-RS;DEL05-RS;UOP01-DEL05-RS
605764;07/06/2024;sexta-feira;15:22:00;RS;116;149,9;CAXIAS DO SUL;Reação tardia ou ineficiente do condutor;Colisão lateral mesmo sentido;Sem Vítimas;Pleno dia;Decrescente;Sol;Múltipla;"Reta;Aclive";Sim;2;0;0;0;2;0;0;2;-29168428;-51158337;SPRF-RS;DEL05-RS;UOP01-DEL05-RS
605907;08/06/2024;sábado;02:20:00;RS;470;172,7;VERANOPOLIS;Ingestão de álcool pelo condutor;Colisão frontal;Com Vítimas Feridas;Plena Noite;Decrescente;Céu Claro;Simples;Reta;Não;2;0;1;1;0;0;2;2;-2889106431;-5154975736;SPRF-RS;DEL06-RS;UOP02-DEL06-RS
606157;08/06/2024;sábado;23:00:00;RS;470;179,8;VERANOPOLIS;Ausência de reação do condutor;Colisão com objeto;Com Vítimas Feridas;Plena Noite;Crescente;Ignorado;Simples;"Em Obras;Reta;Desvio Temporário";Sim;5;0;4;1;0;0;5;1;-2895614928;-5156242466;SPRF-RS;DEL06-RS;UOP02-DEL06-RS
606465;10/06/2024;segunda-feira;06:50:00;RS;116;135,3;CAXIAS DO SUL;Reação tardia ou ineficiente do condutor;Saída de leito carroçável;Com Vítimas Feridas;Amanhecer;Decrescente;Nublado;Simples;Curva;Não;3;0;2;0;1;0;2;1;-290695461;-5109988566;SPRF-RS;DEL05-RS;UOP01-DEL05-RS
607176;02/06/2024;domingo;19:30:00;RS;116;152;CAXIAS DO SUL;Conversão proibida;Colisão transversal;Com Vítimas Feridas;Plena Noite;Crescente;Céu Claro;Dupla;Curva;Sim;3;0;2;0;1;0;2;2;-2918294585;-5116916656;SPRF-RS;DEL05-RS;UOP01-DEL05-RS
607329;14/06/2024;sexta-feira;04:20:00;RS;116;141,6;CAXIAS DO SUL;Transitar na contramão;Colisão frontal;Com Vítimas Feridas;Plena Noite;Crescente;Céu Claro;Simples;Curva;Sim;4;0;0;1;1;2;1;3;-2911385038;-5111547947;SPRF-RS;DEL05-RS;UOP01-DEL05-RS
607468;14/06/2024;sexta-feira;17:05:00;RS;116;148;CAXIAS DO SUL;Manobra de mudança de faixa;Colisão lateral mesmo sentido;Com Vítimas Feridas;Pleno dia;Decrescente;Céu Claro;Dupla;"Curva;Aclive";Sim;2;0;1;0;1;0;1;2;-2915444539;-5115101681;SPRF-RS;DEL05-RS;UOP01-DEL05-RS
607821;16/06/2024;domingo;04:00:00;RS;470;240;BARAO;Reação tardia ou ineficiente do condutor;Capotamento;Sem Vítimas;Plena Noite;Decrescente;Chuva;Simples;Reta;Não;1;0;0;0;0;1;0;1;-2933853872;-515054282;SPRF-RS;DEL06-RS;UOP01-DEL06-RS
607923;16/06/2024;domingo;15:55:00;RS;116;152;CAXIAS DO SUL;Acumulo de água sobre o pavimento;Saída de leito carroçável;Sem Vítimas;Pleno dia;Crescente;Chuva;Simples;"Declive;Curva";Sim;1;0;0;0;1;0;0;1;-291829343;-5116801501;SPRF-RS;DEL05-RS;UOP01-DEL05-RS
607959;16/06/2024;domingo;17:30:00;RS;470;209;BENTO GONCALVES;Ausência de reação do condutor;Colisão com objeto;Sem Vítimas;Anoitecer;Crescente;Chuva;Simples;"Em Obras;Curva;Declive";Sim;1;0;0;0;0;1;0;1;-2910894598;-5154542236;SPRF-RS;DEL06-RS;UOP01-DEL06-RS
607962;16/06/2024;domingo;18:15:00;RS;470;237;CARLOS BARBOSA;Ausência de reação do condutor;Saída de leito carroçável;Sem Vítimas;Plena Noite;Decrescente;Chuva;Simples;"Declive;Reta";Sim;1;0;0;0;1;0;0;1;-2933396152;-515006876;SPRF-RS;DEL06-RS;UOP01-DEL06-RS
608094;17/06/2024;segunda-feira;08:30:00;RS;470;210;BENTO GONCALVES;Pista Escorregadia;Colisão com objeto;Com Vítimas Feridas;Pleno dia;Crescente;Nublado;Simples;Curva;Não;1;0;1;0;0;0;1;1;-2911647449;-5154258383;SPRF-RS;DEL06-RS;UOP01-DEL06-RS
608290;18/06/2024;terça-feira;07:10:00;RS;116;150;CAXIAS DO SUL;Manobra de mudança de faixa;Colisão traseira;Com Vítimas Feridas;Pleno dia;Decrescente;Céu Claro;Múltipla;Reta;Não;2;0;1;0;1;0;1;2;-29168428;-51158337;SPRF-RS;DEL05-RS;UOP01-DEL05-RS
608469;18/06/2024;terça-feira;21:20:00;RS;116;154,4;CAXIAS DO SUL;Transitar na contramão;Colisão frontal;Com Vítimas Feridas;Plena Noite;Crescente;Nublado;Simples;Reta;Sim;2;0;0;1;1;0;1;2;-2919074818;-5118073734;SPRF-RS;DEL05-RS;UOP01-DEL05-RS
608794;20/06/2024;quinta-feira;16:30:00;RS;116;153;CAXIAS DO SUL;Condutor deixou de manter distância do veículo da frente;Colisão traseira;Com Vítimas Feridas;Pleno dia;Decrescente;Nublado;Dupla;Reta;Sim;2;0;1;0;1;0;1;2;-2918579758;-5117713005;SPRF-RS;DEL05-RS;UOP01-DEL05-RS
609030;21/06/2024;sexta-feira;17:40:00;RS;470;231;CARLOS BARBOSA;Ausência de reação do condutor;Colisão transversal;Com Vítimas Feridas;Anoitecer;Crescente;Nublado;Simples;Reta;Não;3;0;1;0;2;0;1;2;-2923579206;-5151193423;SPRF-RS;DEL06-RS;UOP01-DEL06-RS
609091;21/06/2024;sexta-feira;21:15:00;RS;470;219;BENTO GONCALVES;Ingestão de álcool pelo condutor;Capotamento;Com Vítimas Feridas;Plena Noite;Decrescente;Nublado;Simples;Curva;Não;1;0;1;0;0;0;1;1;-2917909489;-5151855675;SPRF-RS;DEL06-RS;UOP01-DEL06-RS
609276;22/06/2024;sábado;15:45:00;RS;116;145,9;CAXIAS DO SUL;Ingestão de álcool pelo condutor;Colisão traseira;Sem Vítimas;Pleno dia;Crescente;Céu Claro;Dupla;Reta;Sim;4;0;0;0;4;0;0;4;-291350217;-511302779;SPRF-RS;DEL05-RS;UOP01-DEL05-RS
609295;22/06/2024;sábado;15:00:00;RS;470;156;NOVA PRATA;Acesso irregular;Colisão transversal;Com Vítimas Feridas;Pleno dia;Crescente;Nublado;Simples;Reta;Sim;3;0;3;0;0;0;3;2;-2878874508;-5161532195;SPRF-RS;DEL06-RS;UOP02-DEL06-RS
609386;22/06/2024;sábado;21:45:00;RS;470;230,2;CARLOS BARBOSA;Ausência de reação do condutor;Colisão com objeto;Sem Vítimas;Plena Noite;Crescente;Céu Claro;Dupla;Reta;Sim;1;0;0;0;1;0;0;1;-2927800086;-5149294862;SPRF-RS;DEL06-RS;UOP01-DEL06-RS
609474;23/06/2024;domingo;10:20:00;RS;116;121;SAO MARCOS;Ingestão de álcool pelo condutor;Saída de leito carroçável;Sem Vítimas;Pleno dia;Crescente;Céu Claro;Simples;Reta;Não;1;0;0;0;1;0;0;1;-2900573128;-5106932906;SPRF-RS;DEL05-RS;UOP01-DEL05-RS
609605;23/06/2024;domingo;19:40:00;RS;470;175;VERANOPOLIS;Ingestão de álcool pelo condutor;Colisão lateral sentido oposto;Com Vítimas Feridas;Plena Noite;Decrescente;Céu Claro;Simples;Reta;Não;3;0;2;0;1;0;2;2;-2891926201;-5153914905;SPRF-RS;DEL06-RS;UOP02-DEL06-RS
609658;24/06/2024;segunda-feira;06:20:00;RS;470;207,7;BENTO GONCALVES;Entrada inopinada do pedestre;Atropelamento de Pedestre;Com Vítimas Fatais;Plena Noite;Crescente;Chuva;Simples;"Retorno Regulamentado;Reta";Sim;2;1;0;0;1;0;0;2;-2909809266;-5154387116;SPRF-RS;DEL06-RS;UOP01-DEL06-RS
610125;25/06/2024;terça-feira;20:20:00;RS;470;155;NOVA PRATA;Acessar a via sem observar a presença dos outros veículos;Colisão transversal;Com Vítimas Feridas;Plena Noite;Decrescente;Garoa/Chuvisco;Simples;Reta;Sim;2;0;1;0;1;0;1;2;-2878243906;-5161511825;SPRF-RS;DEL06-RS;UOP02-DEL06-RS
610140;04/06/2024;terça-feira;17:45:00;RS;470;223;GARIBALDI;Acessar a via sem observar a presença dos outros veículos;Colisão transversal;Com Vítimas Feridas;Anoitecer;Crescente;Céu Claro;Simples;"Retorno Regulamentado;Reta";Não;4;0;3;0;1;0;3;2;-2921249203;-5151794436;SPRF-RS;DEL06-RS;UOP01-DEL06-RS
610423;27/06/2024;quinta-feira;15:30:00;RS;470;155;NOVA PRATA;Desrespeitar a preferência no cruzamento;Colisão transversal;Com Vítimas Feridas;Pleno dia;Decrescente;Céu Claro;Simples;Reta;Sim;3;0;3;0;0;0;3;2;-2878243906;-5161511825;SPRF-RS;DEL06-RS;UOP02-DEL06-RS
610517;23/06/2024;domingo;22:00:00;RS;470;216;BENTO GONCALVES;Manobra de mudança de faixa;Colisão com objeto;Sem Vítimas;Anoitecer;Crescente;Chuva;Dupla;Reta;Sim;2;0;0;0;2;0;0;1;-2915887096;-5153142395;SPRF-RS;DEL06-RS;UOP01-DEL06-RS
610577;28/06/2024;sexta-feira;10:45:00;RS;470;232;CARLOS BARBOSA;Acessar a via sem observar a presença dos outros veículos;Colisão lateral mesmo sentido;Sem Vítimas;Pleno dia;Decrescente;Nublado;Simples;Curva;Não;3;0;0;0;3;0;0;2;-2923579206;-5151193423;SPRF-RS;DEL06-RS;UOP01-DEL06-RS
610595;28/06/2024;sexta-feira;10:20:00;RS;470;154;NOVA PRATA;Reação tardia ou ineficiente do condutor;Saída de leito carroçável;Com Vítimas Feridas;Pleno dia;Crescente;Chuva;Simples;"Reta;Declive";Não;1;0;1;0;0;0;1;1;-2877711311;-5161126545;SPRF-RS;DEL06-RS;UOP02-DEL06-RS
611015;30/06/2024;domingo;09:30:00;RS;116;206;PICADA CAFE;Velocidade Incompatível;Tombamento;Com Vítimas Feridas;Pleno dia;Crescente;Céu Claro;Simples;Curva;Não;1;0;0;1;0;0;1;1;-2949966726;-511306017;SPRF-RS;DEL05-RS;UOP02-DEL05-RS
611242;01/07/2024;segunda-feira;07:00:00;RS;116;141;CAXIAS DO SUL;Pista Escorregadia;Tombamento;Com Vítimas Feridas;Amanhecer;Decrescente;Garoa/Chuvisco;Simples;Curva;Sim;1;0;1;0;0;0;1;1;-2911161425;-5111040472;SPRF-RS;DEL05-RS;UOP01-DEL05-RS
611358;01/07/2024;segunda-feira;18:00:00;RS;116;144,7;CAXIAS DO SUL;Entrada inopinada do pedestre;Atropelamento de Pedestre;Com Vítimas Feridas;Plena Noite;Decrescente;Céu Claro;Dupla;Reta;Sim;2;0;1;0;1;0;1;2;-291313957;-5112856865;SPRF-RS;DEL05-RS;UOP01-DEL05-RS
611795;03/07/2024;quarta-feira;18:20:00;RS;116;115,8;SAO MARCOS;Ausência de reação do condutor;Atropelamento de Pedestre;Com Vítimas Feridas;Plena Noite;Crescente;Nevoeiro/Neblina;Dupla;Curva;Sim;3;0;0;1;2;0;1;2;-2897059251;-5107196331;SPRF-RS;DEL05-RS;UOP01-DEL05-RS
612272;05/07/2024;sexta-feira;14:53:00;RS;470;158;NOVA PRATA;Entrada inopinada do pedestre;Atropelamento de Pedestre;Com Vítimas Feridas;Pleno dia;Decrescente;Chuva;Simples;Reta;Sim;2;0;1;0;1;0;1;2;-2880000398;-5161054097;SPRF-RS;DEL06-RS;UOP02-DEL06-RS
612399;06/07/2024;sábado;05:50:00;RS;470;250,5;BARAO;Ausência de reação do condutor;Saída de leito carroçável;Sem Vítimas;Plena Noite;Crescente;Nevoeiro/Neblina;Simples;Reta;Não;2;0;0;0;2;0;0;1;-2940895951;-5151672721;SPRF-RS;DEL06-RS;UOP01-DEL06-RS
612665;07/07/2024;domingo;03:15:00;RS;116;146;CAXIAS DO SUL;Condutor desrespeitou a iluminação vermelha do semáforo;Colisão traseira;Com Vítimas Feridas;Plena Noite;Decrescente;Nevoeiro/Neblina;Dupla;Reta;Não;2;0;1;0;1;0;1;2;-2914228897;-5113622202;SPRF-RS;DEL05-RS;UOP01-DEL05-RS
612692;06/07/2024;sábado;19:05:00;RS;470;159;NOVA PRATA;Reação tardia ou ineficiente do condutor;Colisão lateral sentido oposto;Com Vítimas Feridas;Plena Noite;Decrescente;Nublado;Simples;Curva;Sim;2;0;1;0;1;0;1;2;-2880586721;-5160682934;SPRF-RS;DEL06-RS;UOP02-DEL06-RS
613111;08/07/2024;segunda-feira;19:00:00;RS;470;222,2;GARIBALDI;Ausência de reação do condutor;Colisão com objeto;Com Vítimas Feridas;Plena Noite;Decrescente;Garoa/Chuvisco;Dupla;Retorno Regulamentado;Sim;1;0;1;0;0;0;1;1;-2921633755;-5151737094;SPRF-RS;DEL06-RS;UOP01-DEL06-RS
613243;09/07/2024;terça-feira;13:30:00;RS;116;143;CAXIAS DO SUL;Frear bruscamente;Engavetamento;Com Vítimas Feridas;Pleno dia;Crescente;Nevoeiro/Neblina;Dupla;"Reta;Interseção de Vias";Sim;3;0;1;0;2;0;1;3;-291201739;-5112260651;SPRF-RS;DEL05-RS;UOP01-DEL05-RS
613403;07/07/2024;domingo;06:15:00;RS;116;204,5;PICADA CAFE;Demais Fenômenos da natureza;Saída de leito carroçável;Com Vítimas Feridas;Plena Noite;Crescente;Nevoeiro/Neblina;Simples;Curva;Não;1;0;1;0;0;0;1;1;-294949404;-5114114191;SPRF-RS;DEL05-RS;UOP02-DEL05-RS
613591;11/07/2024;quinta-feira;01:15:00;RS;470;231;CARLOS BARBOSA;Ingestão de álcool pelo condutor;Saída de leito carroçável;Com Vítimas Feridas;Plena Noite;Crescente;Nublado;Dupla;Curva;Sim;2;0;1;1;0;0;2;1;-2923579206;-5151193423;SPRF-RS;DEL06-RS;UOP01-DEL06-RS
614127;13/07/2024;sábado;10:32:00;RS;470;227,1;GARIBALDI;Ausência de reação do condutor;Colisão com objeto;Com Vítimas Feridas;Pleno dia;Crescente;Nevoeiro/Neblina;Simples;"Interseção de Vias;Curva";Sim;1;0;0;1;0;0;1;1;-2921657705;-5151722624;SPRF-RS;DEL06-RS;UOP01-DEL06-RS
614330;14/07/2024;domingo;07:21:00;RS;470;181,1;VERANOPOLIS;Ingestão de álcool pelo condutor;Saída de leito carroçável;Com Vítimas Feridas;Pleno dia;Crescente;Garoa/Chuvisco;Simples;Reta;Não;4;0;4;0;0;0;4;1;-2897313415;-5156365161;SPRF-RS;DEL06-RS;UOP02-DEL06-RS
614353;14/07/2024;domingo;00:30:00;RS;116;141;CAXIAS DO SUL;Acumulo de óleo sobre o pavimento;Saída de leito carroçável;Com Vítimas Feridas;Plena Noite;Decrescente;Chuva;Dupla;Curva;Não;1;0;1;0;0;0;1;1;-2911161425;-5111040472;SPRF-RS;DEL05-RS;UOP01-DEL05-RS
614573;13/07/2024;sábado;17:00:00;RS;116;106,3;SAO MARCOS;Transitar na contramão;Colisão lateral sentido oposto;Sem Vítimas;Pleno dia;Crescente;Chuva;Simples;"Declive;Curva";Não;5;0;0;0;5;0;0;2;-2891804795;-5110840291;SPRF-RS;DEL05-RS;UOP01-DEL05-RS
614657;15/07/2024;segunda-feira;16:00:00;RS;470;232;BENTO GONCALVES;Desrespeitar a preferência no cruzamento;Colisão transversal;Com Vítimas Feridas;Pleno dia;Crescente;Céu Claro;Múltipla;Reta;Não;4;0;1;0;3;0;1;2;-2923579206;-5151193423;SPRF-RS;DEL06-RS;UOP01-DEL06-RS
615165;18/07/2024;quinta-feira;07:10:00;RS;470;210,1;BENTO GONCALVES;Transitar na contramão;Colisão frontal;Com Vítimas Feridas;Amanhecer;Crescente;Céu Claro;Simples;"Declive;Desvio Temporário;Em Obras;Curva";Não;2;0;2;0;0;0;2;2;-291293339;-5154141426;SPRF-RS;DEL06-RS;UOP01-DEL06-RS
615585;19/07/2024;sexta-feira;19:30:00;RS;470;179;VERANOPOLIS;Acessar a via sem observar a presença dos outros veículos;Colisão lateral mesmo sentido;Com Vítimas Feridas;Plena Noite;Crescente;Céu Claro;Simples;"Declive;Curva";Sim;2;0;1;0;1;0;1;2;-2895614928;-5156242466;SPRF-RS;DEL06-RS;UOP02-DEL06-RS
615712;20/07/2024;sábado;14:05:00;RS;116;144,1;CAXIAS DO SUL;Transitar na contramão;Colisão frontal;Com Vítimas Feridas;Pleno dia;Decrescente;Céu Claro;Dupla;"Interseção de Vias;Curva";Sim;2;0;1;0;1;0;1;2;-291267449;-5112768983;SPRF-RS;DEL05-RS;UOP01-DEL05-RS
615924;21/07/2024;domingo;14:25:00;RS;116;200;PICADA CAFE;Ultrapassagem Indevida;Colisão lateral mesmo sentido;Sem Vítimas;Pleno dia;Crescente;Céu Claro;Simples;Curva;Não;2;0;0;0;2;0;0;2;-2948890588;-5113828706;SPRF-RS;DEL05-RS;UOP02-DEL05-RS
616007;21/07/2024;domingo;18:00:00;RS;470;184;VERANOPOLIS;Acessar a via sem observar a presença dos outros veículos;Colisão transversal;Com Vítimas Feridas;Anoitecer;Crescente;Céu Claro;Simples;"Aclive;Reta";Sim;2;0;1;0;1;0;1;2;-2899615608;-5155829913;SPRF-RS;DEL06-RS;UOP02-DEL06-RS
616069;21/07/2024;domingo;23:30:00;RS;470;219;BENTO GONCALVES;Ausência de reação do condutor;Colisão frontal;Sem Vítimas;Plena Noite;Crescente;Céu Claro;Dupla;Reta;Sim;3;0;0;0;3;0;0;2;-2917909489;-5151855675;SPRF-RS;DEL06-RS;UOP01-DEL06-RS
616164;22/07/2024;segunda-feira;09:45:00;RS;470;225;GARIBALDI;Acessar a via sem observar a presença dos outros veículos;Colisão transversal;Com Vítimas Feridas;Pleno dia;Crescente;Sol;Simples;"Reta;Retorno Regulamentado";Sim;5;0;1;0;4;0;1;2;-2921454003;-5151762617;SPRF-RS;DEL06-RS;UOP01-DEL06-RS
616547;24/07/2024;quarta-feira;10:30:00;RS;116;155;CAXIAS DO SUL;Manobra de mudança de faixa;Colisão lateral mesmo sentido;Com Vítimas Feridas;Pleno dia;Crescente;Céu Claro;Dupla;Curva;Não;2;0;1;0;1;0;1;2;-2919873129;-5117629631;SPRF-RS;DEL05-RS;UOP01-DEL05-RS
617010;23/07/2024;terça-feira;11:10:00;RS;470;227;GARIBALDI;Reação tardia ou ineficiente do condutor;Colisão transversal;Com Vítimas Feridas;Pleno dia;Decrescente;Céu Claro;Dupla;Reta;Não;2;0;1;0;1;0;1;2;-2921657705;-5151722624;SPRF-RS;DEL06-RS;UOP01-DEL06-RS
617302;27/07/2024;sábado;20:38:00;RS;470;221,8;GARIBALDI;Mal súbito do condutor;Saída de leito carroçável;Com Vítimas Fatais;Plena Noite;Decrescente;Céu Claro;Simples;Reta;Sim;1;1;0;0;0;0;0;1;-2921205;-51518001;SPRF-RS;DEL06-RS;UOP01-DEL06-RS
617733;29/07/2024;segunda-feira;17:55:00;RS;470;218,1;BENTO GONCALVES;Acessar a via sem observar a presença dos outros veículos;Colisão transversal;Com Vítimas Feridas;Plena Noite;Crescente;Garoa/Chuvisco;Simples;Interseção de Vias;Sim;3;0;1;0;2;0;1;2;-2917292214;-5152424936;SPRF-RS;DEL06-RS;UOP01-DEL06-RS
617766;29/07/2024;segunda-feira;19:00:00;RS;470;244;BARAO;Manobra de mudança de faixa;Colisão transversal;Com Vítimas Feridas;Plena Noite;Crescente;Chuva;Dupla;Reta;Sim;2;0;0;1;1;0;1;2;-2936247007;-5151749611;SPRF-RS;DEL06-RS;UOP01-DEL06-RS
617818;30/07/2024;terça-feira;06:45:00;RS;116;153,3;CAXIAS DO SUL;Acessar a via sem observar a presença dos outros veículos;Colisão traseira;Com Vítimas Feridas;Amanhecer;Decrescente;Nublado;Dupla;"Rotatória;Curva";Sim;2;0;1;0;1;0;1;2;-2918579758;-5117713005;SPRF-RS;DEL05-RS;UOP01-DEL05-RS
618242;01/08/2024;quinta-feira;11:40:00;RS;116;149,3;CAXIAS DO SUL;Trafegar com motocicleta (ou similar) entre as faixas;Colisão lateral mesmo sentido;Sem Vítimas;Pleno dia;Decrescente;Céu Claro;Dupla;Interseção de Vias;Sim;2;0;0;0;2;0;0;2;-2915996905;-5115645292;SPRF-RS;DEL05-RS;UOP01-DEL05-RS
618739;03/08/2024;sábado;10:55:00;RS;470;239;CARLOS BARBOSA;Conversão proibida;Colisão transversal;Com Vítimas Feridas;Pleno dia;Crescente;Céu Claro;Simples;Reta;Não;2;0;0;1;1;0;1;2;-2934775652;-5151056886;SPRF-RS;DEL06-RS;UOP01-DEL06-RS
619237;05/08/2024;segunda-feira;09:45:00;RS;470;155,5;NOVA PRATA;Acessar a via sem observar a presença dos outros veículos;Colisão transversal;Com Vítimas Feridas;Pleno dia;Decrescente;Céu Claro;Simples;"Interseção de Vias;Aclive;Reta";Não;2;0;2;0;0;0;2;2;-2878603;-5161418;SPRF-RS;DEL06-RS;UOP02-DEL06-RS
619469;06/08/2024;terça-feira;12:40:00;RS;116;183,7;NOVA PETROPOLIS;Acessar a via sem observar a presença dos outros veículos;Colisão transversal;Sem Vítimas;Pleno dia;Crescente;Nublado;Simples;Interseção de Vias;Sim;2;0;0;0;2;0;0;2;-2938479269;-5112127304;SPRF-RS;DEL05-RS;UOP02-DEL05-RS
619537;06/08/2024;terça-feira;20:10:00;RS;470;217;BENTO GONCALVES;Reação tardia ou ineficiente do condutor;Colisão traseira;Com Vítimas Feridas;Plena Noite;Crescente;Céu Claro;Simples;Reta;Não;3;0;1;0;2;0;1;2;-2916462512;-5152551964;SPRF-RS;DEL06-RS;UOP01-DEL06-RS
619633;07/08/2024;quarta-feira;10:50:00;RS;116;148,1;CAXIAS DO SUL;Transitar na contramão;Colisão frontal;Com Vítimas Feridas;Pleno dia;Crescente;Nublado;Dupla;Curva;Sim;2;0;0;1;1;0;1;2;-2915444539;-5115101681;SPRF-RS;DEL05-RS;UOP01-DEL05-RS
619862;08/08/2024;quinta-feira;13:50:00;RS;470;223,4;GARIBALDI;Acessar a via sem observar a presença dos outros veículos;Colisão transversal;Com Vítimas Feridas;Pleno dia;Decrescente;Garoa/Chuvisco;Simples;"Declive;Retorno Regulamentado;Reta";Sim;5;0;3;0;2;0;3;3;-2921249203;-5151794436;SPRF-RS;DEL06-RS;UOP01-DEL06-RS
620150;09/08/2024;sexta-feira;19:10:00;RS;116;151,3;CAXIAS DO SUL;Reação tardia ou ineficiente do condutor;Colisão traseira;Com Vítimas Feridas;Plena Noite;Crescente;Nublado;Dupla;Curva;Sim;2;0;1;0;1;0;1;2;-2918086635;-5116556168;SPRF-RS;DEL05-RS;UOP01-DEL05-RS
620265;10/08/2024;sábado;02:30:00;RS;470;228;GARIBALDI;Ausência de reação do condutor;Saída de leito carroçável;Sem Vítimas;Plena Noite;Crescente;Garoa/Chuvisco;Simples;Reta;Não;1;0;0;0;1;0;0;1;-2926748868;-5149975777;SPRF-RS;DEL06-RS;UOP01-DEL06-RS
620340;10/08/2024;sábado;13:40:00;RS;470;221;GARIBALDI;Acessar a via sem observar a presença dos outros veículos;Colisão traseira;Sem Vítimas;Pleno dia;Crescente;Nublado;Simples;"Interseção de Vias;Reta";Sim;2;0;0;0;2;0;0;2;-2919516365;-5151950463;SPRF-RS;DEL06-RS;UOP01-DEL06-RS
620496;11/08/2024;domingo;07:10:00;RS;116;193;PICADA CAFE;Acessar a via sem observar a presença dos outros veículos;Colisão traseira;Com Vítimas Feridas;Pleno dia;Crescente;Céu Claro;Simples;Reta;Não;4;0;1;0;3;0;1;2;-2944460951;-5113861322;SPRF-RS;DEL05-RS;UOP02-DEL05-RS
620555;11/08/2024;domingo;15:15:00;RS;116;138,9;CAXIAS DO SUL;Acesso irregular;Colisão traseira;Com Vítimas Feridas;Pleno dia;Decrescente;Céu Claro;Simples;Reta;Não;2;0;1;0;1;0;1;2;-2908970102;-5111289119;SPRF-RS;DEL05-RS;UOP01-DEL05-RS
620655;11/08/2024;domingo;18:55:00;RS;470;238;CARLOS BARBOSA;Reação tardia ou ineficiente do condutor;Saída de leito carroçável;Com Vítimas Feridas;Plena Noite;Decrescente;Céu Claro;Simples;Reta;Não;3;0;3;0;0;0;3;1;-2932448694;-5149862424;SPRF-RS;DEL06-RS;UOP01-DEL06-RS
620725;12/08/2024;segunda-feira;08:05:00;RS;470;216,8;BENTO GONCALVES;Acessar a via sem observar a presença dos outros veículos;Colisão transversal;Com Vítimas Feridas;Pleno dia;Decrescente;Nublado;Dupla;"Reta;Interseção de Vias";Sim;2;0;1;0;1;0;1;2;-2917181447;-515241462;SPRF-RS;DEL06-RS;UOP01-DEL06-RS
620799;12/08/2024;segunda-feira;13:20:00;RS;470;226;GARIBALDI;Acessar a via sem observar a presença dos outros veículos;Colisão transversal;Com Vítimas Feridas;Pleno dia;Crescente;Sol;Dupla;Reta;Não;4;0;3;0;1;0;3;2;-2921556004;-5151743821;SPRF-RS;DEL06-RS;UOP01-DEL06-RS
620836;12/08/2024;segunda-feira;18:00:00;RS;116;151;CAXIAS DO SUL;Reação tardia ou ineficiente do condutor;Atropelamento de Pedestre;Com Vítimas Feridas;Anoitecer;Decrescente;Céu Claro;Dupla;Reta;Sim;2;0;0;1;1;0;1;2;-2917694502;-5116173896;SPRF-RS;DEL05-RS;UOP01-DEL05-RS
621039;27/07/2024;sábado;08:40:00;RS;470;228;GARIBALDI;Condutor Dormindo;Colisão frontal;Com Vítimas Feridas;Pleno dia;Crescente;Céu Claro;Simples;Reta;Não;4;0;1;0;3;0;1;3;-2921657705;-5151722624;SPRF-RS;DEL06-RS;UOP01-DEL06-RS
621519;16/08/2024;sexta-feira;08:10:00;RS;470;218;BENTO GONCALVES;Acessar a via sem observar a presença dos outros veículos;Colisão transversal;Com Vítimas Feridas;Pleno dia;Crescente;Céu Claro;Simples;"Curva;Aclive";Não;2;0;1;0;1;0;1;2;-2917292214;-5152424936;SPRF-RS;DEL06-RS;UOP01-DEL06-RS
621593;16/08/2024;sexta-feira;17:40:00;RS;470;217;BENTO GONCALVES;Acessar a via sem observar a presença dos outros veículos;Colisão transversal;Com Vítimas Feridas;Pleno dia;Decrescente;Céu Claro;Simples;Reta;Sim;2;0;1;0;1;0;1;2;-2916462512;-5152551964;SPRF-RS;DEL06-RS;UOP01-DEL06-RS
621666;16/08/2024;sexta-feira;20:10:00;RS;116;148,3;CAXIAS DO SUL;Avarias e/ou desgaste excessivo no pneu;Colisão com objeto;Com Vítimas Feridas;Plena Noite;Decrescente;Céu Claro;Dupla;"Declive;Curva";Sim;1;0;1;0;0;0;1;1;-2915444539;-5115101681;SPRF-RS;DEL05-RS;UOP01-DEL05-RS
622098;18/08/2024;domingo;17:20:00;RS;0;0;CAXIAS DO SUL;Afundamento ou ondulação no pavimento;Colisão com objeto;Sem Vítimas;Pleno dia;Não Informado;Céu Claro;Simples;Interseção de Vias;Sim;3;0;0;0;2;1;0;2;-291704725;-5116131842;SPRF-RS;DEL05-RS;UOP01-DEL05-RS
622471;16/08/2024;sexta-feira;17:20:00;RS;470;223;GARIBALDI;Conversão proibida;Colisão transversal;Com Vítimas Feridas;Pleno dia;Crescente;Céu Claro;Simples;"Aclive;Reta";Sim;2;0;0;1;0;1;1;2;-2922340328;-5151618004;SPRF-RS;DEL06-RS;UOP01-DEL06-RS
622775;21/08/2024;quarta-feira;22:00:00;RS;116;150;CAXIAS DO SUL;Condutor desrespeitou a iluminação vermelha do semáforo;Colisão transversal;Sem Vítimas;Plena Noite;Crescente;Céu Claro;Dupla;Interseção de Vias;Sim;2;0;0;0;1;1;0;2;-29168428;-51158337;SPRF-RS;DEL05-RS;UOP01-DEL05-RS
622857;22/08/2024;quinta-feira;12:00:00;RS;470;177,2;VERANOPOLIS;Entrada inopinada do pedestre;Atropelamento de Pedestre;Com Vítimas Feridas;Pleno dia;Crescente;Céu Claro;Simples;Reta;Sim;2;0;0;1;1;0;1;2;-2893915139;-5154591976;SPRF-RS;DEL06-RS;UOP02-DEL06-RS
623060;23/08/2024;sexta-feira;11:30:00;RS;116;148,4;CAXIAS DO SUL;Reação tardia ou ineficiente do condutor;Engavetamento;Sem Vítimas;Pleno dia;Crescente;Chuva;Dupla;"Declive;Curva";Sim;3;0;0;0;3;0;0;3;-2915444539;-5115101681;SPRF-RS;DEL05-RS;UOP01-DEL05-RS
623101;23/08/2024;sexta-feira;14:45:00;RS;470;216;BENTO GONCALVES;Acessar a via sem observar a presença dos outros veículos;Colisão transversal;Com Vítimas Feridas;Pleno dia;Decrescente;Nevoeiro/Neblina;Simples;"Retorno Regulamentado;Reta";Sim;2;0;2;0;0;0;2;2;-2915887096;-5153142395;SPRF-RS;DEL06-RS;UOP01-DEL06-RS
623151;23/08/2024;sexta-feira;18:45:00;RS;470;223,8;GARIBALDI;Demais falhas mecânicas ou elétricas;Colisão traseira;Com Vítimas Feridas;Plena Noite;Crescente;Nevoeiro/Neblina;Simples;"Reta;Aclive";Não;5;0;1;0;4;0;1;3;-2921249203;-5151794436;SPRF-RS;DEL06-RS;UOP01-DEL06-RS
623386;24/08/2024;sábado;18:15:00;RS;470;158,5;NOVA PRATA;Acessar a via sem observar a presença dos outros veículos;Colisão transversal;Com Vítimas Feridas;Plena Noite;Decrescente;Nublado;Simples;Interseção de Vias;Sim;4;0;2;0;1;1;2;3;-2880000398;-5161054097;SPRF-RS;DEL06-RS;UOP02-DEL06-RS
623510;25/08/2024;domingo;07:50:00;RS;116;149,5;CAXIAS DO SUL;Ingestão de álcool pelo condutor;Colisão com objeto;Com Vítimas Feridas;Pleno dia;Crescente;Nublado;Dupla;Reta;Sim;1;0;1;0;0;0;1;1;-291653906;-5115873814;SPRF-RS;DEL05-RS;UOP01-DEL05-RS
623562;25/08/2024;domingo;14:15:00;RS;470;247,5;BARAO;Acessar a via sem observar a presença dos outros veículos;Colisão transversal;Com Vítimas Feridas;Pleno dia;Decrescente;Céu Claro;Simples;Interseção de Vias;Sim;3;0;1;1;1;0;2;2;-2939581223;-514944005;SPRF-RS;DEL06-RS;UOP01-DEL06-RS
623596;25/08/2024;domingo;17:50:00;RS;116;153,6;CAXIAS DO SUL;Reação tardia ou ineficiente do condutor;Colisão com objeto;Com Vítimas Feridas;Pleno dia;Crescente;Céu Claro;Simples;"Declive;Curva";Sim;2;0;1;0;0;1;1;2;-2918579758;-5117713005;SPRF-RS;DEL05-RS;UOP01-DEL05-RS
623624;25/08/2024;domingo;19:02:00;RS;116;218;MORRO REUTER;Transitar na contramão;Colisão lateral sentido oposto;Sem Vítimas;Plena Noite;Crescente;Céu Claro;Simples;Curva;Não;5;0;0;0;5;0;0;2;-29556364;-5109063899;SPRF-RS;DEL05-RS;UOP02-DEL05-RS
623697;26/08/2024;segunda-feira;07:05:00;RS;470;207;BENTO GONCALVES;Acessar a via sem observar a presença dos outros veículos;Colisão transversal;Com Vítimas Feridas;Amanhecer;Decrescente;Nevoeiro/Neblina;Simples;"Interseção de Vias;Reta;Aclive";Sim;2;0;1;0;1;0;1;2;-2910466136;-5154359758;SPRF-RS;DEL06-RS;UOP01-DEL06-RS
624172;28/08/2024;quarta-feira;16:30:00;RS;470;217;BENTO GONCALVES;Acessar a via sem observar a presença dos outros veículos;Colisão transversal;Com Vítimas Feridas;Pleno dia;Decrescente;Céu Claro;Simples;Rotatória;Não;2;0;1;0;1;0;1;2;-2916462512;-5152551964;SPRF-RS;DEL06-RS;UOP01-DEL06-RS
624189;28/08/2024;quarta-feira;18:30:00;RS;470;215,8;BENTO GONCALVES;Área urbana sem a presença de local apropriado para a travessia de pedestres;Atropelamento de Pedestre;Com Vítimas Feridas;Anoitecer;Decrescente;Céu Claro;Simples;Reta;Sim;2;0;1;0;1;0;1;2;-2916573723;-5152556777;SPRF-RS;DEL06-RS;UOP01-DEL06-RS
624273;29/08/2024;quinta-feira;06:40:00;RS;116;136,4;CAXIAS DO SUL;Acessar a via sem observar a presença dos outros veículos;Colisão frontal;Com Vítimas Feridas;Amanhecer;Decrescente;Nublado;Simples;Interseção de Vias;Sim;2;0;1;0;1;0;1;2;-29075135;-51106044;SPRF-RS;DEL05-RS;UOP01-DEL05-RS
624608;30/08/2024;sexta-feira;17:20:00;RS;116;108,9;SAO MARCOS;Transitar na contramão;Colisão frontal;Com Vítimas Feridas;Anoitecer;Decrescente;Céu Claro;Simples;Curva;Não;2;0;1;1;0;0;2;2;-2892514807;-5109447449;SPRF-RS;DEL05-RS;UOP01-DEL05-RS
624909;31/08/2024;sábado;19:30:00;RS;116;112,8;SAO MARCOS;Transitar na contramão;Colisão lateral sentido oposto;Com Vítimas Feridas;Plena Noite;Decrescente;Céu Claro;Simples;Curva;Sim;4;0;1;2;1;0;3;2;-2894827931;-5108170135;SPRF-RS;DEL05-RS;UOP01-DEL05-RS
625061;01/09/2024;domingo;13:00:00;RS;116;218;MORRO REUTER;Retorno proibido;Colisão transversal;Com Vítimas Feridas;Pleno dia;Crescente;Céu Claro;Simples;Curva;Não;4;0;3;0;1;0;3;2;-2955121993;-5108906202;SPRF-RS;DEL05-RS;UOP02-DEL05-RS
625068;01/09/2024;domingo;12:15:00;RS;116;185,2;NOVA PETROPOLIS;Velocidade Incompatível;Queda de ocupante de veículo;Com Vítimas Fatais;Pleno dia;Crescente;Céu Claro;Simples;"Curva;Aclive";Sim;2;1;0;0;1;0;0;2;-293886629;-5112565041;SPRF-RS;DEL05-RS;UOP02-DEL05-RS
625208;01/09/2024;domingo;23:39:00;RS;116;157,2;CAXIAS DO SUL;Reação tardia ou ineficiente do condutor;Saída de leito carroçável;Com Vítimas Feridas;Plena Noite;Crescente;Céu Claro;Simples;"Declive;Curva";Não;1;0;1;0;0;0;1;1;-2921503981;-5117675573;SPRF-RS;DEL05-RS;UOP01-DEL05-RS
625231;02/09/2024;segunda-feira;08:20:00;RS;470;217;BENTO GONCALVES;Acessar a via sem observar a presença dos outros veículos;Colisão transversal;Sem Vítimas;Pleno dia;Decrescente;Nublado;Simples;Rotatória;Sim;2;0;0;0;2;0;0;2;-2917619861;-5152127087;SPRF-RS;DEL06-RS;UOP01-DEL06-RS
625343;02/09/2024;segunda-feira;17:30:00;RS;470;224;GARIBALDI;Acessar a via sem observar a presença dos outros veículos;Colisão transversal;Com Vítimas Feridas;Pleno dia;Crescente;Céu Claro;Simples;"Interseção de Vias;Reta;Aclive";Sim;2;0;1;0;1;0;1;2;-2923280083;-5151606739;SPRF-RS;DEL06-RS;UOP01-DEL06-RS
625449;03/09/2024;terça-feira;07:05:00;RS;116;153,5;CAXIAS DO SUL;Manobra de mudança de faixa;Colisão lateral mesmo sentido;Com Vítimas Feridas;Pleno dia;Decrescente;Céu Claro;Simples;"Rotatória;Curva;Interseção de Vias";Sim;2;0;1;0;1;0;1;2;-2918579758;-5117713005;SPRF-RS;DEL05-RS;UOP01-DEL05-RS
625757;04/09/2024;quarta-feira;18:10:00;RS;470;218;BENTO GONCALVES;Acessar a via sem observar a presença dos outros veículos;Colisão transversal;Sem Vítimas;Anoitecer;Decrescente;Chuva;Dupla;"Retorno Regulamentado;Reta";Sim;2;0;0;0;2;0;0;2;-2917292214;-5152424936;SPRF-RS;DEL06-RS;UOP01-DEL06-RS
625830;05/09/2024;quinta-feira;06:25:00;RS;470;216;BENTO GONCALVES;Pedestre cruzava a pista fora da faixa;Atropelamento de Pedestre;Com Vítimas Feridas;Pleno dia;Crescente;Chuva;Dupla;Curva;Sim;4;0;1;0;3;0;1;2;-2915887096;-5153142395;SPRF-RS;DEL06-RS;UOP01-DEL06-RS
625883;05/09/2024;quinta-feira;10:10:00;RS;116;151,6;CAXIAS DO SUL;Curva acentuada;Colisão com objeto;Com Vítimas Feridas;Pleno dia;Decrescente;Garoa/Chuvisco;Dupla;"Curva;Aclive";Sim;2;0;1;0;1;0;1;2;-2918101623;-5116581917;SPRF-RS;DEL05-RS;UOP01-DEL05-RS
626314;07/09/2024;sábado;03:30:00;RS;116;110;SAO MARCOS;Reação tardia ou ineficiente do condutor;Colisão com objeto;Sem Vítimas;Plena Noite;Decrescente;Céu Claro;Simples;"Reta;Declive";Não;2;0;0;0;2;0;0;1;-2893751206;-5109448306;SPRF-RS;DEL05-RS;UOP01-DEL05-RS
626355;07/09/2024;sábado;08:45:00;RS;470;219;BENTO GONCALVES;Chuva;Saída de leito carroçável;Com Vítimas Feridas;Pleno dia;Decrescente;Chuva;Dupla;"Curva;Aclive";Sim;2;0;1;0;1;0;1;1;-2917909489;-5151855675;SPRF-RS;DEL06-RS;UOP01-DEL06-RS
626469;07/09/2024;sábado;18:50:00;RS;116;115,9;SAO MARCOS;Reação tardia ou ineficiente do condutor;Atropelamento de Pedestre;Com Vítimas Feridas;Plena Noite;Crescente;Céu Claro;Dupla;Reta;Sim;2;0;1;0;1;0;1;2;-289712;-51072197;SPRF-RS;DEL05-RS;UOP01-DEL05-RS
626567;08/09/2024;domingo;02:00:00;RS;470;230;GARIBALDI;Ausência de reação do condutor;Saída de leito carroçável;Com Vítimas Feridas;Plena Noite;Decrescente;Céu Claro;Simples;Reta;Sim;1;0;1;0;0;0;1;1;-2928070935;-514914608;SPRF-RS;DEL06-RS;UOP01-DEL06-RS
626605;08/09/2024;domingo;06:15:00;RS;470;156;NOVA PRATA;Ausência de reação do condutor;Saída de leito carroçável;Com Vítimas Feridas;Amanhecer;Decrescente;Céu Claro;Simples;Reta;Não;2;0;0;1;0;1;1;2;-2878874508;-5161532195;SPRF-RS;DEL06-RS;UOP02-DEL06-RS
626966;09/09/2024;segunda-feira;15:50:00;RS;116;160;CAXIAS DO SUL;Reação tardia ou ineficiente do condutor;Colisão traseira;Sem Vítimas;Pleno dia;Decrescente;Céu Claro;Simples;Reta;Sim;2;0;0;0;2;0;0;2;-2923348323;-511574333;SPRF-RS;DEL05-RS;UOP01-DEL05-RS
626987;09/09/2024;segunda-feira;17:20:00;RS;470;175;VERANOPOLIS;Acessar a via sem observar a presença dos outros veículos;Colisão transversal;Com Vítimas Feridas;Pleno dia;Crescente;Céu Claro;Simples;"Reta;Retorno Regulamentado";Sim;2;0;1;0;1;0;1;2;-2891926201;-5153914905;SPRF-RS;DEL06-RS;UOP02-DEL06-RS
627379;11/09/2024;quarta-feira;18:25:00;RS;116;153;CAXIAS DO SUL;Ausência de reação do condutor;Tombamento;Com Vítimas Feridas;Anoitecer;Decrescente;Céu Claro;Simples;Curva;Sim;1;0;1;0;0;0;1;1;-2918579758;-5117713005;SPRF-RS;DEL05-RS;UOP01-DEL05-RS
627388;11/09/2024;quarta-feira;17:40:00;RS;116;145,9;CAXIAS DO SUL;Trafegar com motocicleta (ou similar) entre as faixas;Atropelamento de Pedestre;Com Vítimas Fatais;Pleno dia;Crescente;Céu Claro;Dupla;"Reta;Interseção de Vias";Sim;6;1;2;0;3;0;2;5;-2914205736;-5113607347;SPRF-RS;DEL05-RS;UOP01-DEL05-RS
627669;13/09/2024;sexta-feira;05:30:00;RS;116;130,5;CAXIAS DO SUL;Reação tardia ou ineficiente do condutor;Saída de leito carroçável;Com Vítimas Feridas;Plena Noite;Decrescente;Chuva;Simples;"Declive;Curva";Não;1;0;1;0;0;0;1;1;-2903573345;-5109397238;SPRF-RS;DEL05-RS;UOP01-DEL05-RS
627924;14/09/2024;sábado;06:30:00;RS;116;144;CAXIAS DO SUL;Velocidade Incompatível;Colisão com objeto;Sem Vítimas;Amanhecer;Decrescente;Garoa/Chuvisco;Dupla;"Curva;Aclive";Sim;1;0;0;0;0;1;0;1;-291267449;-5112768983;SPRF-RS;DEL05-RS;UOP01-DEL05-RS
628250;15/09/2024;domingo;09:40:00;RS;116;207,9;PICADA CAFE;Velocidade Incompatível;Saída de leito carroçável;Com Vítimas Feridas;Pleno dia;Decrescente;Sol;Simples;Curva;Não;2;0;2;0;0;0;2;1;-2949944247;-5112184894;SPRF-RS;DEL05-RS;UOP02-DEL05-RS
628291;15/09/2024;domingo;16:10:00;RS;116;143,1;CAXIAS DO SUL;Ingestão de álcool pelo condutor;Colisão transversal;Sem Vítimas;Pleno dia;Crescente;Nublado;Dupla;Reta;Não;2;0;0;0;2;0;0;2;-291201739;-5112260651;SPRF-RS;DEL05-RS;UOP01-DEL05-RS
628314;15/09/2024;domingo;17:00:00;RS;470;201;BENTO GONCALVES;Transitar na contramão;Tombamento;Com Vítimas Feridas;Pleno dia;Crescente;Nublado;Simples;"Curva;Aclive";Não;7;0;0;2;4;1;2;3;-2907550645;-5158787012;SPRF-RS;DEL06-RS;UOP02-DEL06-RS
628329;15/09/2024;domingo;19:05:00;RS;116;153,7;CAXIAS DO SUL;Desrespeitar a preferência no cruzamento;Colisão lateral mesmo sentido;Com Vítimas Feridas;Anoitecer;Crescente;Céu Claro;Dupla;Interseção de Vias;Sim;2;0;1;0;1;0;1;2;-291878353;-5118281364;SPRF-RS;DEL05-RS;UOP01-DEL05-RS
628658;17/09/2024;terça-feira;07:25:00;RS;116;147,4;CAXIAS DO SUL;Reação tardia ou ineficiente do condutor;Colisão traseira;Com Vítimas Feridas;Pleno dia;Crescente;Céu Claro;Dupla;Reta;Sim;2;0;1;0;1;0;1;2;-2914908014;-511429969;SPRF-RS;DEL05-RS;UOP01-DEL05-RS
629123;19/09/2024;quinta-feira;11:00:00;RS;116;153,7;CAXIAS DO SUL;Reação tardia ou ineficiente do condutor;Colisão traseira;Com Vítimas Feridas;Pleno dia;Crescente;Céu Claro;Múltipla;Interseção de Vias;Sim;2;0;1;0;1;0;1;2;-2918802263;-5118292093;SPRF-RS;DEL05-RS;UOP01-DEL05-RS
629603;21/09/2024;sábado;16:00:00;RS;470;217;BENTO GONCALVES;Ausência de reação do condutor;Colisão com objeto;Com Vítimas Feridas;Pleno dia;Decrescente;Céu Claro;Dupla;Reta;Sim;2;0;2;0;0;0;2;1;-2916462512;-5152551964;SPRF-RS;DEL06-RS;UOP01-DEL06-RS
629730;21/09/2024;sábado;23:30:00;RS;116;143,8;CAXIAS DO SUL;Reação tardia ou ineficiente do condutor;Saída de leito carroçável;Sem Vítimas;Plena Noite;Crescente;Céu Claro;Dupla;"Reta;Declive";Sim;1;0;0;0;0;1;0;1;-291201739;-5112260651;SPRF-RS;DEL05-RS;UOP01-DEL05-RS
630024;23/09/2024;segunda-feira;07:40:00;RS;116;148;CAXIAS DO SUL;Ausência de reação do condutor;Colisão lateral mesmo sentido;Com Vítimas Feridas;Amanhecer;Crescente;Céu Claro;Dupla;"Declive;Curva";Sim;2;0;1;0;0;1;1;2;-2915444539;-5115101681;SPRF-RS;DEL05-RS;UOP01-DEL05-RS
630322;24/09/2024;terça-feira;10:50:00;RS;116;148,3;CAXIAS DO SUL;Avarias e/ou desgaste excessivo no pneu;Tombamento;Com Vítimas Feridas;Pleno dia;Crescente;Céu Claro;Dupla;Curva;Sim;1;0;1;0;0;0;1;1;-2915769869;-5115160346;SPRF-RS;DEL05-RS;UOP01-DEL05-RS
630442;25/09/2024;quarta-feira;10:40:00;RS;116;149,1;CAXIAS DO SUL;Reação tardia ou ineficiente do condutor;Saída de leito carroçável;Com Vítimas Feridas;Pleno dia;Decrescente;Nublado;Múltipla;Reta;Não;3;0;1;1;0;1;2;2;-2915996905;-5115645292;SPRF-RS;DEL05-RS;UOP01-DEL05-RS
630536;25/09/2024;quarta-feira;17:50:00;RS;116;142,4;CAXIAS DO SUL;Condutor deixou de manter distância do veículo da frente;Engavetamento;Sem Vítimas;Anoitecer;Crescente;Chuva;Dupla;Reta;Sim;3;0;0;0;3;0;0;3;-2911727;-51115208;SPRF-RS;DEL05-RS;UOP01-DEL05-RS
630664;26/09/2024;quinta-feira;15:50:00;RS;116;143,2;CAXIAS DO SUL;Frear bruscamente;Engavetamento;Com Vítimas Feridas;Pleno dia;Decrescente;Garoa/Chuvisco;Dupla;Reta;Sim;5;0;1;0;4;0;1;3;-2912288584;-5112300038;SPRF-RS;DEL05-RS;UOP01-DEL05-RS
630682;26/09/2024;quinta-feira;17:32:00;RS;116;151;CAXIAS DO SUL;Área urbana sem a presença de local apropriado para a travessia de pedestres;Atropelamento de Pedestre;Com Vítimas Feridas;Anoitecer;Decrescente;Garoa/Chuvisco;Dupla;"Declive;Curva";Sim;3;0;0;1;1;1;1;2;-2917694502;-5116173896;SPRF-RS;DEL05-RS;UOP01-DEL05-RS
630934;27/09/2024;sexta-feira;18:15:00;RS;470;159,5;NOVA PRATA;Acessar a via sem observar a presença dos outros veículos;Colisão transversal;Com Vítimas Feridas;Anoitecer;Crescente;Céu Claro;Simples;"Rotatória;Reta";Sim;3;0;2;0;1;0;2;2;-2880586721;-5160682934;SPRF-RS;DEL06-RS;UOP02-DEL06-RS
631068;28/09/2024;sábado;07:50:00;RS;116;146;CAXIAS DO SUL;Reação tardia ou ineficiente do condutor;Colisão transversal;Sem Vítimas;Pleno dia;Crescente;Céu Claro;Dupla;"Reta;Interseção de Vias";Não;2;0;0;0;2;0;0;2;-2914228897;-5113622202;SPRF-RS;DEL05-RS;UOP01-DEL05-RS
631164;28/09/2024;sábado;13:15:00;RS;116;194,1;PICADA CAFE;Acessar a via sem observar a presença dos outros veículos;Colisão transversal;Com Vítimas Feridas;Pleno dia;Decrescente;Céu Claro;Simples;"Reta;Declive";Não;2;0;1;0;1;0;1;2;-2945252442;-5113569545;SPRF-RS;DEL05-RS;UOP02-DEL05-RS
631532;30/09/2024;segunda-feira;07:20:00;RS;116;142,5;CAXIAS DO SUL;Trafegar com motocicleta (ou similar) entre as faixas;Atropelamento de Pedestre;Com Vítimas Feridas;Pleno dia;Crescente;Céu Claro;Dupla;"Reta;Declive";Não;3;0;1;0;2;0;1;3;-2911727;-51115208;SPRF-RS;DEL05-RS;UOP01-DEL05-RS
631623;30/09/2024;segunda-feira;13:30:00;RS;116;150;CAXIAS DO SUL;Pedestre cruzava a pista fora da faixa;Atropelamento de Pedestre;Com Vítimas Feridas;Pleno dia;Decrescente;Céu Claro;Múltipla;Reta;Sim;3;0;2;0;1;0;2;3;-29168428;-51158337;SPRF-RS;DEL05-RS;UOP01-DEL05-RS
631923;31/08/2024;sábado;16:35:00;RS;116;156,9;CAXIAS DO SUL;Acessar a via sem observar a presença dos outros veículos;Colisão traseira;Com Vítimas Feridas;Pleno dia;Decrescente;Nublado;Simples;Interseção de Vias;Sim;2;0;1;0;1;0;1;2;-2920731013;-5117757864;SPRF-RS;DEL05-RS;UOP01-DEL05-RS
631930;01/10/2024;terça-feira;18:10:00;RS;116;120;SAO MARCOS;Pista Escorregadia;Saída de leito carroçável;Com Vítimas Feridas;Anoitecer;Decrescente;Chuva;Simples;Curva;Não;1;0;0;1;0;0;1;1;-2900257991;-5107844385;SPRF-RS;DEL05-RS;UOP01-DEL05-RS
632198;03/10/2024;quinta-feira;06:40:00;RS;116;154,1;CAXIAS DO SUL;Reação tardia ou ineficiente do condutor;Colisão transversal;Com Vítimas Feridas;Pleno dia;Crescente;Sol;Simples;"Reta;Retorno Regulamentado";Sim;2;0;0;1;1;0;1;2;-2919074818;-5118073734;SPRF-RS;DEL05-RS;UOP01-DEL05-RS
632314;03/10/2024;quinta-feira;17:45:00;RS;470;228;GARIBALDI;Conversão proibida;Colisão transversal;Com Vítimas Feridas;Pleno dia;Decrescente;Céu Claro;Dupla;Reta;Sim;3;0;1;0;2;0;1;2;-2921759706;-5151703722;SPRF-RS;DEL06-RS;UOP01-DEL06-RS
632335;03/10/2024;quinta-feira;17:00:00;RS;470;225;GARIBALDI;Acessar a via sem observar a presença dos outros veículos;Colisão transversal;Com Vítimas Feridas;Pleno dia;Crescente;Céu Claro;Simples;"Reta;Interseção de Vias";Sim;3;0;1;0;2;0;1;2;-2921454003;-5151762617;SPRF-RS;DEL06-RS;UOP01-DEL06-RS
632531;04/10/2024;sexta-feira;17:30:00;RS;470;224,9;GARIBALDI;Transitar no Acostamento;Tombamento;Com Vítimas Feridas;Pleno dia;Decrescente;Céu Claro;Simples;"Reta;Interseção de Vias";Não;2;0;1;0;1;0;1;2;-2923976746;-5151814699;SPRF-RS;DEL06-RS;UOP01-DEL06-RS
632557;04/10/2024;sexta-feira;18:50:00;RS;116;149,8;CAXIAS DO SUL;Condutor deixou de manter distância do veículo da frente;Colisão traseira;Com Vítimas Feridas;Plena Noite;Crescente;Céu Claro;Dupla;Reta;Sim;2;0;1;0;1;0;1;2;-2915996905;-5115645292;SPRF-RS;DEL05-RS;UOP01-DEL05-RS
632560;06/09/2024;sexta-feira;23:00:00;RS;116;154;CAXIAS DO SUL;Ausência de reação do condutor;Colisão transversal;Com Vítimas Feridas;Plena Noite;Crescente;Céu Claro;Simples;"Interseção de Vias;Reta";Não;1;0;1;0;0;0;1;1;-2919074818;-5118073734;SPRF-RS;DEL05-RS;UOP01-DEL05-RS
632563;04/10/2024;sexta-feira;19:30:00;RS;116;148,1;CAXIAS DO SUL;Entrada inopinada do pedestre;Atropelamento de Pedestre;Com Vítimas Feridas;Plena Noite;Decrescente;Céu Claro;Dupla;Curva;Sim;3;0;0;1;1;1;1;2;-2915443812;-5115099192;SPRF-RS;DEL05-RS;UOP01-DEL05-RS
632760;05/10/2024;sábado;14:45:00;RS;470;248;BARAO;Reação tardia ou ineficiente do condutor;Colisão com objeto;Com Vítimas Feridas;Pleno dia;Decrescente;Sol;Simples;Curva;Não;1;0;0;1;0;0;1;1;-2939256;-5149298;SPRF-RS;DEL06-RS;UOP01-DEL06-RS
632769;05/10/2024;sábado;16:25:00;RS;116;215;MORRO REUTER;Ausência de reação do condutor;Tombamento;Com Vítimas Feridas;Anoitecer;Crescente;Céu Claro;Simples;Curva;Sim;1;0;1;0;0;0;1;1;-2953533417;-5108499002;SPRF-RS;DEL05-RS;UOP02-DEL05-RS
632806;05/10/2024;sábado;18:45:00;RS;116;148;CAXIAS DO SUL;Ausência de reação do condutor;Colisão traseira;Sem Vítimas;Anoitecer;Decrescente;Céu Claro;Dupla;"Reta;Interseção de Vias";Sim;3;0;0;0;3;0;0;2;-2915444539;-5115101681;SPRF-RS;DEL05-RS;UOP01-DEL05-RS
632828;05/10/2024;sábado;20:00:00;RS;470;216;BENTO GONCALVES;Ingestão de álcool pelo condutor;Saída de leito carroçável;Com Vítimas Feridas;Plena Noite;Crescente;Céu Claro;Dupla;Reta;Não;1;0;1;0;0;0;1;1;-2915887096;-5153142395;SPRF-RS;DEL06-RS;UOP01-DEL06-RS
632833;05/10/2024;sábado;19:30:00;RS;116;144;CAXIAS DO SUL;Ausência de reação do condutor;Colisão traseira;Com Vítimas Feridas;Plena Noite;Crescente;Céu Claro;Múltipla;Reta;Sim;2;0;1;0;1;0;1;2;-291267449;-5112768983;SPRF-RS;DEL05-RS;UOP01-DEL05-RS
632957;06/10/2024;domingo;09:30:00;RS;470;216;BENTO GONCALVES;Reação tardia ou ineficiente do condutor;Colisão lateral mesmo sentido;Com Vítimas Feridas;Pleno dia;Decrescente;Céu Claro;Dupla;Curva;Sim;2;0;1;0;1;0;1;2;-2915887096;-5153142395;SPRF-RS;DEL06-RS;UOP01-DEL06-RS
632984;06/10/2024;domingo;13:00:00;RS;116;150,1;CAXIAS DO SUL;Ausência de reação do condutor;Colisão traseira;Com Vítimas Feridas;Pleno dia;Crescente;Sol;Dupla;Reta;Sim;4;0;3;0;1;0;3;2;-2917127391;-511600256;SPRF-RS;DEL05-RS;UOP01-DEL05-RS
632992;06/10/2024;domingo;11:20:00;RS;116;203;PICADA CAFE;Pista Escorregadia;Tombamento;Com Vítimas Feridas;Pleno dia;Crescente;Sol;Simples;Curva;Não;1;0;1;0;0;0;1;1;-2949113279;-5114998489;SPRF-RS;DEL05-RS;UOP02-DEL05-RS
633160;07/10/2024;segunda-feira;02:45:00;RS;116;148,3;CAXIAS DO SUL;Ingestão de álcool pelo condutor;Colisão com objeto;Sem Vítimas;Plena Noite;Decrescente;Céu Claro;Dupla;"Curva;Aclive";Sim;1;0;0;0;1;0;0;1;-2915778301;-5115157127;SPRF-RS;DEL05-RS;UOP01-DEL05-RS
633354;07/10/2024;segunda-feira;20:50:00;RS;470;219;BENTO GONCALVES;Chuva;Saída de leito carroçável;Sem Vítimas;Plena Noite;Decrescente;Chuva;Simples;Curva;Não;1;0;0;0;0;1;0;1;-2917909489;-5151855675;SPRF-RS;DEL06-RS;UOP01-DEL06-RS
633474;08/10/2024;terça-feira;13:50:00;RS;116;153;CAXIAS DO SUL;Ausência de reação do condutor;Colisão traseira;Com Vítimas Feridas;Pleno dia;Crescente;Garoa/Chuvisco;Dupla;"Rotatória;Declive;Curva;Interseção de Vias";Sim;2;0;1;0;1;0;1;2;-2918823631;-5118232012;SPRF-RS;DEL05-RS;UOP01-DEL05-RS
633708;09/10/2024;quarta-feira;07:30:00;RS;470;243;BARAO;Velocidade Incompatível;Saída de leito carroçável;Com Vítimas Feridas;Pleno dia;Decrescente;Nublado;Simples;Reta;Não;1;0;1;0;0;0;1;1;-2935691458;-5152003329;SPRF-RS;DEL06-RS;UOP01-DEL06-RS
634041;11/10/2024;sexta-feira;04:30:00;RS;116;148,4;CAXIAS DO SUL;Ausência de reação do condutor;Tombamento;Com Vítimas Feridas;Plena Noite;Crescente;Garoa/Chuvisco;Dupla;"Declive;Curva";Não;1;0;1;0;0;0;1;1;-2915444539;-5115101681;SPRF-RS;DEL05-RS;UOP01-DEL05-RS
634156;11/10/2024;sexta-feira;13:00:00;RS;470;152;NOVA PRATA;Ausência de reação do condutor;Engavetamento;Com Vítimas Feridas;Pleno dia;Decrescente;Chuva;Simples;"Reta;Aclive";Sim;4;0;1;0;3;0;1;4;-287636048;-516252026;SPRF-RS;DEL06-RS;UOP02-DEL06-RS
634415;12/10/2024;sábado;11:50:00;RS;116;149,3;CAXIAS DO SUL;Manobra de mudança de faixa;Colisão lateral mesmo sentido;Com Vítimas Feridas;Pleno dia;Decrescente;Céu Claro;Dupla;Curva;Não;3;0;1;0;2;0;1;2;-2915996905;-5115645292;SPRF-RS;DEL05-RS;UOP01-DEL05-RS
634420;12/10/2024;sábado;13:50:00;RS;116;153,7;CAXIAS DO SUL;Reação tardia ou ineficiente do condutor;Colisão traseira;Com Vítimas Feridas;Pleno dia;Crescente;Céu Claro;Dupla;"Reta;Rotatória";Sim;3;0;1;0;2;0;1;2;-2918789801;-511820358;SPRF-RS;DEL05-RS;UOP01-DEL05-RS
634599;13/10/2024;domingo;11:40:00;RS;470;158,1;NOVA PRATA;Ultrapassagem Indevida;Colisão traseira;Sem Vítimas;Pleno dia;Decrescente;Sol;Simples;"Reta;Declive";Não;4;0;0;0;4;0;0;2;-2880000398;-5161054097;SPRF-RS;DEL06-RS;UOP02-DEL06-RS
634648;13/10/2024;domingo;14:50:00;RS;116;208;PICADA CAFE;Mal súbito do condutor;Saída de leito carroçável;Com Vítimas Feridas;Pleno dia;Crescente;Céu Claro;Simples;Reta;Não;4;0;2;1;0;1;3;2;-2950493622;-511171341;SPRF-RS;DEL05-RS;UOP02-DEL05-RS
634669;13/10/2024;domingo;18:10:00;RS;116;151;CAXIAS DO SUL;Ingestão de álcool pelo condutor;Colisão transversal;Sem Vítimas;Amanhecer;Crescente;Céu Claro;Dupla;"Reta;Interseção de Vias";Sim;2;0;0;0;2;0;0;2;-2917690396;-5116198897;SPRF-RS;DEL05-RS;UOP01-DEL05-RS
634750;13/10/2024;domingo;20:40:00;RS;470;154,5;NOVA PRATA;Reação tardia ou ineficiente do condutor;Saída de leito carroçável;Com Vítimas Feridas;Plena Noite;Decrescente;Céu Claro;Simples;"Reta;Em Obras";Sim;1;0;1;0;0;0;1;1;-2877711311;-5161126545;SPRF-RS;DEL06-RS;UOP02-DEL06-RS
635419;17/10/2024;quinta-feira;07:15:00;RS;116;154,2;CAXIAS DO SUL;Acessar a via sem observar a presença dos outros veículos;Colisão transversal;Com Vítimas Feridas;Pleno dia;Decrescente;Nublado;Simples;"Interseção de Vias;Retorno Regulamentado";Sim;2;0;1;1;0;0;2;2;-2919074818;-5118073734;SPRF-RS;DEL05-RS;UOP01-DEL05-RS
635544;17/10/2024;quinta-feira;17:20:00;RS;116;147,6;CAXIAS DO SUL;Ausência de reação do condutor;Colisão traseira;Com Vítimas Feridas;Pleno dia;Crescente;Céu Claro;Dupla;"Curva;Interseção de Vias";Sim;2;0;1;0;1;0;1;2;-2914908014;-511429969;SPRF-RS;DEL05-RS;UOP01-DEL05-RS
635852;18/10/2024;sexta-feira;18:25:00;RS;116;114,9;SAO MARCOS;Reação tardia ou ineficiente do condutor;Atropelamento de Pedestre;Com Vítimas Feridas;Anoitecer;Decrescente;Nublado;Dupla;"Rotatória;Interseção de Vias;Reta";Sim;2;0;1;0;1;0;1;2;-2896982283;-5107122302;SPRF-RS;DEL05-RS;UOP01-DEL05-RS
635959;19/10/2024;sábado;15:30:00;RS;116;113;SAO MARCOS;Acessar a via sem observar a presença dos outros veículos;Colisão transversal;Sem Vítimas;Pleno dia;Crescente;Céu Claro;Simples;Reta;Sim;2;0;0;0;2;0;0;2;-2895667906;-5108016019;SPRF-RS;DEL05-RS;UOP01-DEL05-RS
636272;20/10/2024;domingo;15:00:00;RS;116;214;MORRO REUTER;Velocidade Incompatível;Saída de leito carroçável;Com Vítimas Feridas;Pleno dia;Decrescente;Céu Claro;Simples;Curva;Não;3;0;2;0;0;1;2;2;-2952850501;-5108238075;SPRF-RS;DEL05-RS;UOP02-DEL05-RS
636276;20/10/2024;domingo;14:30:00;RS;116;206;PICADA CAFE;Velocidade Incompatível;Saída de leito carroçável;Com Vítimas Feridas;Pleno dia;Decrescente;Céu Claro;Dupla;Curva;Não;2;0;1;0;1;0;1;1;-2949966726;-511306017;SPRF-RS;DEL05-RS;UOP02-DEL05-RS
636278;20/10/2024;domingo;17:20:00;RS;116;217;MORRO REUTER;Velocidade Incompatível;Colisão com objeto;Com Vítimas Feridas;Pleno dia;Decrescente;Céu Claro;Simples;Curva;Não;1;0;0;1;0;0;1;1;-2954396389;-5108555876;SPRF-RS;DEL05-RS;UOP02-DEL05-RS
636299;20/10/2024;domingo;19:00:00;RS;470;178;VERANOPOLIS;Condutor desrespeitou a iluminação vermelha do semáforo;Colisão lateral sentido oposto;Com Vítimas Feridas;Plena Noite;Crescente;Céu Claro;Simples;Interseção de Vias;Sim;3;0;2;0;1;0;2;3;-2894753484;-5155413312;SPRF-RS;DEL06-RS;UOP02-DEL06-RS
636300;20/10/2024;domingo;20:40:00;RS;116;147,4;CAXIAS DO SUL;Condutor desrespeitou a iluminação vermelha do semáforo;Colisão transversal;Sem Vítimas;Plena Noite;Decrescente;Céu Claro;Dupla;Interseção de Vias;Sim;2;0;0;0;2;0;0;2;-2914908014;-511429969;SPRF-RS;DEL05-RS;UOP01-DEL05-RS
636488;21/10/2024;segunda-feira;11:55:00;RS;470;178;VERANOPOLIS;Pedestre cruzava a pista fora da faixa;Atropelamento de Pedestre;Com Vítimas Feridas;Pleno dia;Decrescente;Céu Claro;Simples;Reta;Sim;2;0;1;0;1;0;1;2;-2894753484;-5155413312;SPRF-RS;DEL06-RS;UOP02-DEL06-RS
636489;21/10/2024;segunda-feira;11:45:00;RS;470;175;VERANOPOLIS;Acessar a via sem observar a presença dos outros veículos;Colisão transversal;Com Vítimas Feridas;Pleno dia;Crescente;Céu Claro;Simples;Reta;Sim;2;0;1;0;1;0;1;2;-2891926201;-5153914905;SPRF-RS;DEL06-RS;UOP02-DEL06-RS
636618;22/10/2024;terça-feira;08:40:00;RS;116;216;MORRO REUTER;Ultrapassagem Indevida;Colisão lateral mesmo sentido;Com Vítimas Feridas;Pleno dia;Crescente;Céu Claro;Simples;Reta;Não;2;0;1;0;1;0;1;2;-29548103;-51085848;SPRF-RS;DEL05-RS;UOP02-DEL05-RS
636639;22/10/2024;terça-feira;01:00:00;RS;116;181,2;NOVA PETROPOLIS;Reação tardia ou ineficiente do condutor;Colisão com objeto;Com Vítimas Feridas;Plena Noite;Decrescente;Ignorado;Simples;Reta;Não;1;0;1;0;0;0;1;1;-2937096794;-5113393866;SPRF-RS;DEL05-RS;UOP02-DEL05-RS
636712;22/10/2024;terça-feira;16:30:00;RS;470;197;BENTO GONCALVES;Manobra de mudança de faixa;Colisão lateral mesmo sentido;Sem Vítimas;Pleno dia;Decrescente;Sol;Simples;Reta;Não;11;0;0;0;11;0;0;2;-2905764849;-5158750672;SPRF-RS;DEL06-RS;UOP02-DEL06-RS
637112;24/10/2024;quinta-feira;16:15:00;RS;470;210;BENTO GONCALVES;Reação tardia ou ineficiente do condutor;Saída de leito carroçável;Com Vítimas Feridas;Pleno dia;Decrescente;Garoa/Chuvisco;Simples;"Curva;Aclive";Não;1;0;1;0;0;0;1;1;-2911647449;-5154258383;SPRF-RS;DEL06-RS;UOP01-DEL06-RS
637117;24/10/2024;quinta-feira;14:15:00;RS;470;252,4;SAO PEDRO DA SERRA;Ausência de reação do condutor;Saída de leito carroçável;Com Vítimas Feridas;Pleno dia;Crescente;Chuva;Simples;Curva;Não;1;0;1;0;0;0;1;1;-2942063513;-5152017653;SPRF-RS;DEL06-RS;UOP01-DEL06-RS
637195;25/10/2024;sexta-feira;00:00:00;RS;470;214,6;BENTO GONCALVES;Reação tardia ou ineficiente do condutor;Saída de leito carroçável;Com Vítimas Feridas;Plena Noite;Crescente;Garoa/Chuvisco;Simples;Curva;Sim;1;0;1;0;0;0;1;1;-2915704284;-5153108239;SPRF-RS;DEL06-RS;UOP01-DEL06-RS
637258;25/10/2024;sexta-feira;10:00:00;RS;116;119,5;SAO MARCOS;Condutor Dormindo;Saída de leito carroçável;Com Vítimas Feridas;Pleno dia;Crescente;Céu Claro;Simples;Curva;Não;2;0;2;0;0;0;2;1;-2901872689;-5107577621;SPRF-RS;DEL05-RS;UOP01-DEL05-RS
637352;25/10/2024;sexta-feira;17:15:00;RS;116;153,5;CAXIAS DO SUL;Desrespeitar a preferência no cruzamento;Colisão transversal;Com Vítimas Feridas;Pleno dia;Crescente;Céu Claro;Dupla;Rotatória;Sim;2;0;1;0;1;0;1;2;-2918579758;-5117713005;SPRF-RS;DEL05-RS;UOP01-DEL05-RS
637374;25/10/2024;sexta-feira;19:10:00;RS;116;116;SAO MARCOS;Acessar a via sem observar a presença dos outros veículos;Colisão transversal;Com Vítimas Feridas;Plena Noite;Decrescente;Céu Claro;Simples;Interseção de Vias;Sim;3;0;1;1;1;0;2;2;-2897609141;-5106640231;SPRF-RS;DEL05-RS;UOP01-DEL05-RS
637436;26/10/2024;sábado;00:02:00;RS;470;218,3;BENTO GONCALVES;Acessar a via sem observar a presença dos outros veículos;Colisão lateral mesmo sentido;Com Vítimas Feridas;Plena Noite;Crescente;Céu Claro;Simples;"Reta;Declive";Não;3;0;2;0;1;0;2;2;-2917292214;-5152424936;SPRF-RS;DEL06-RS;UOP01-DEL06-RS
637585;26/10/2024;sábado;17:30:00;RS;470;232,6;CARLOS BARBOSA;Acessar a via sem observar a presença dos outros veículos;Colisão transversal;Com Vítimas Feridas;Pleno dia;Decrescente;Céu Claro;Simples;Interseção de Vias;Não;9;0;3;1;5;0;4;2;-2929848655;-5148103595;SPRF-RS;DEL06-RS;UOP01-DEL06-RS
637874;27/10/2024;domingo;17:30:00;RS;470;232;CARLOS BARBOSA;Demais falhas mecânicas ou elétricas;Incêndio;Sem Vítimas;Pleno dia;Decrescente;Céu Claro;Simples;"Rotatória;Interseção de Vias";Não;2;0;0;0;2;0;0;1;-2923579206;-5151193423;SPRF-RS;DEL06-RS;UOP01-DEL06-RS
637876;27/10/2024;domingo;18:35:00;RS;470;176;VERANOPOLIS;Acessar a via sem observar a presença dos outros veículos;Colisão transversal;Com Vítimas Feridas;Anoitecer;Decrescente;Céu Claro;Simples;Reta;Sim;2;0;1;0;1;0;1;2;-2893654273;-5154317379;SPRF-RS;DEL06-RS;UOP02-DEL06-RS
638038;28/10/2024;segunda-feira;17:30:00;RS;470;216,4;BENTO GONCALVES;Reação tardia ou ineficiente do condutor;Atropelamento de Pedestre;Com Vítimas Feridas;Pleno dia;Decrescente;Céu Claro;Dupla;Reta;Sim;2;0;1;0;1;0;1;2;-29170427;-515249;SPRF-RS;DEL06-RS;UOP01-DEL06-RS
638220;29/10/2024;terça-feira;14:00:00;RS;470;245,6;BARAO;Reação tardia ou ineficiente do condutor;Colisão lateral mesmo sentido;Com Vítimas Feridas;Pleno dia;Decrescente;Céu Claro;Simples;"Reta;Aclive";Não;2;0;1;0;1;0;1;2;-293742;-5150585;SPRF-RS;DEL06-RS;UOP01-DEL06-RS
638283;29/10/2024;terça-feira;21:14:00;RS;116;151,6;CAXIAS DO SUL;Velocidade Incompatível;Tombamento;Com Vítimas Fatais;Plena Noite;Decrescente;Céu Claro;Dupla;"Curva;Aclive";Sim;9;2;0;2;4;1;2;3;-2918095347;-5116545868;SPRF-RS;DEL05-RS;UOP01-DEL05-RS
638456;30/10/2024;quarta-feira;19:00:00;RS;116;150,4;CAXIAS DO SUL;Manobra de mudança de faixa;Colisão lateral mesmo sentido;Com Vítimas Feridas;Plena Noite;Crescente;Céu Claro;Dupla;Reta;Sim;3;0;1;0;2;0;1;2;-29168428;-51158337;SPRF-RS;DEL05-RS;UOP01-DEL05-RS
638509;30/10/2024;quarta-feira;22:10:00;RS;470;221;GARIBALDI;Reação tardia ou ineficiente do condutor;Tombamento;Com Vítimas Feridas;Plena Noite;Crescente;Céu Claro;Simples;Reta;Sim;1;0;1;0;0;0;1;1;-2919516365;-5151950463;SPRF-RS;DEL06-RS;UOP01-DEL06-RS
638613;31/10/2024;quinta-feira;11:00:00;RS;470;172;VERANOPOLIS;Ausência de reação do condutor;Colisão traseira;Com Vítimas Feridas;Pleno dia;Crescente;Céu Claro;Simples;Reta;Não;2;0;2;0;0;0;2;2;-2889106431;-5154975736;SPRF-RS;DEL06-RS;UOP02-DEL06-RS
638623;31/10/2024;quinta-feira;13:10:00;RS;470;177;VERANOPOLIS;Condutor desrespeitou a iluminação vermelha do semáforo;Colisão transversal;Com Vítimas Feridas;Pleno dia;Crescente;Céu Claro;Simples;Reta;Não;3;0;1;0;2;0;1;2;-28942702;-5155068398;SPRF-RS;DEL06-RS;UOP02-DEL06-RS
638659;31/10/2024;quinta-feira;18:40:00;RS;116;154,6;CAXIAS DO SUL;Acesso irregular;Colisão transversal;Com Vítimas Feridas;Anoitecer;Decrescente;Céu Claro;Simples;"Reta;Interseção de Vias";Sim;6;0;4;0;2;0;4;2;-2919074818;-5118073734;SPRF-RS;DEL05-RS;UOP01-DEL05-RS
638926;02/11/2024;sábado;00:45:00;RS;470;219,6;BENTO GONCALVES;Velocidade Incompatível;Colisão frontal;Com Vítimas Feridas;Plena Noite;Crescente;Céu Claro;Simples;"Em Obras;Curva;Aclive";Sim;3;0;2;1;0;0;3;2;-2918977138;-515218395;SPRF-RS;DEL06-RS;UOP01-DEL06-RS
639144;02/11/2024;sábado;18:30:00;RS;470;153;NOVA PRATA;Reação tardia ou ineficiente do condutor;Colisão traseira;Com Vítimas Feridas;Anoitecer;Crescente;Nublado;Simples;Reta;Não;4;0;1;0;3;0;1;2;-2877133;-5161788;SPRF-RS;DEL06-RS;UOP02-DEL06-RS
639175;02/11/2024;sábado;23:30:00;RS;470;219,3;BENTO GONCALVES;Ingestão de álcool pelo condutor;Capotamento;Sem Vítimas;Plena Noite;Decrescente;Garoa/Chuvisco;Simples;"Curva;Aclive";Não;2;0;0;0;2;0;0;1;-29191091;-51522263;SPRF-RS;DEL06-RS;UOP01-DEL06-RS
639277;03/11/2024;domingo;15:10:00;RS;116;156,2;CAXIAS DO SUL;Reação tardia ou ineficiente do condutor;Colisão transversal;Sem Vítimas;Pleno dia;Crescente;Céu Claro;Simples;"Declive;Curva";Não;3;0;0;0;3;0;0;2;-2920731013;-5117757864;SPRF-RS;DEL05-RS;UOP01-DEL05-RS
639342;03/11/2024;domingo;17:25:00;RS;470;228,1;GARIBALDI;Ingestão de álcool pelo condutor;Saída de leito carroçável;Sem Vítimas;Pleno dia;Decrescente;Céu Claro;Simples;"Curva;Aclive;Interseção de Vias";Sim;1;0;0;0;1;0;0;1;-2926396364;-5150190532;SPRF-RS;DEL06-RS;UOP01-DEL06-RS
639403;03/11/2024;domingo;20:00:00;RS;470;175,6;VERANOPOLIS;Acessar a via sem observar a presença dos outros veículos;Colisão transversal;Com Vítimas Feridas;Plena Noite;Decrescente;Céu Claro;Simples;"Retorno Regulamentado;Reta";Sim;2;0;0;1;1;0;1;2;-2892486447;-5153927279;SPRF-RS;DEL06-RS;UOP02-DEL06-RS
639682;05/11/2024;terça-feira;07:50:00;RS;116;150,5;CAXIAS DO SUL;Manobra de mudança de faixa;Colisão lateral mesmo sentido;Com Vítimas Feridas;Pleno dia;Decrescente;Céu Claro;Dupla;Reta;Sim;2;0;1;0;1;0;1;2;-29168428;-51158337;SPRF-RS;DEL05-RS;UOP01-DEL05-RS
639706;05/11/2024;terça-feira;09:40:00;RS;116;142,9;CAXIAS DO SUL;Manobra de mudança de faixa;Colisão lateral mesmo sentido;Com Vítimas Feridas;Pleno dia;Crescente;Céu Claro;Dupla;"Reta;Interseção de Vias";Não;2;0;1;0;1;0;1;2;-2911727;-51115208;SPRF-RS;DEL05-RS;UOP01-DEL05-RS
639776;05/11/2024;terça-feira;17:20:00;RS;116;146,8;CAXIAS DO SUL;Trafegar com motocicleta (ou similar) entre as faixas;Atropelamento de Pedestre;Com Vítimas Feridas;Anoitecer;Crescente;Chuva;Dupla;Reta;Não;2;0;1;0;1;0;1;2;-2914228897;-5113622202;SPRF-RS;DEL05-RS;UOP01-DEL05-RS
640027;06/11/2024;quarta-feira;21:20:00;RS;470;217;BENTO GONCALVES;Ausência de reação do condutor;Colisão traseira;Com Vítimas Feridas;Plena Noite;Decrescente;Céu Claro;Dupla;Curva;Sim;2;0;1;0;1;0;1;2;-2916462512;-5152551964;SPRF-RS;DEL06-RS;UOP01-DEL06-RS
640277;08/11/2024;sexta-feira;02:00:00;RS;470;227,3;GARIBALDI;Manobra de mudança de faixa;Colisão frontal;Com Vítimas Fatais;Plena Noite;Crescente;Chuva;Simples;Reta;Sim;5;1;2;2;0;0;4;2;-2921657705;-5151722624;SPRF-RS;DEL06-RS;UOP01-DEL06-RS
640283;07/11/2024;quinta-feira;21:49:00;RS;470;161;NOVA PRATA;Pedestre andava na pista;Atropelamento de Pedestre;Com Vítimas Fatais;Plena Noite;Decrescente;Chuva;Simples;Reta;Não;3;1;0;0;1;1;0;2;-2881912476;-5159143746;SPRF-RS;DEL06-RS;UOP02-DEL06-RS
640314;08/11/2024;sexta-feira;08:10:00;RS;470;218,5;BENTO GONCALVES;Velocidade Incompatível;Colisão frontal;Sem Vítimas;Pleno dia;Decrescente;Garoa/Chuvisco;Simples;"Curva;Aclive";Não;2;0;0;0;2;0;0;2;-2918738;-51520645;SPRF-RS;DEL06-RS;UOP01-DEL06-RS
640344;08/11/2024;sexta-feira;06:13:00;RS;470;225,8;GARIBALDI;Acessar a via sem observar a presença dos outros veículos;Colisão transversal;Com Vítimas Feridas;Amanhecer;Crescente;Garoa/Chuvisco;Simples;Interseção de Vias;Não;2;0;1;0;1;0;1;2;-2924601974;-5151617467;SPRF-RS;DEL06-RS;UOP01-DEL06-RS
640436;08/11/2024;sexta-feira;14:30:00;RS;470;240;BARAO;Velocidade Incompatível;Colisão lateral sentido oposto;Com Vítimas Feridas;Pleno dia;Decrescente;Céu Claro;Simples;Curva;Sim;6;0;2;1;3;0;3;4;-2933853872;-515054282;SPRF-RS;DEL06-RS;UOP01-DEL06-RS
640887;10/11/2024;domingo;14:25:00;RS;470;232;CARLOS BARBOSA;Acessar a via sem observar a presença dos outros veículos;Colisão transversal;Com Vítimas Feridas;Pleno dia;Decrescente;Céu Claro;Dupla;Reta;Não;3;0;2;0;1;0;2;2;-2923579206;-5151193423;SPRF-RS;DEL06-RS;UOP01-DEL06-RS
640931;22/10/2024;terça-feira;18:10:00;RS;470;217;BENTO GONCALVES;Acessar a via sem observar a presença dos outros veículos;Colisão transversal;Sem Vítimas;Anoitecer;Decrescente;Céu Claro;Dupla;Rotatória;Sim;2;0;0;0;2;0;0;2;-2916462512;-5152551964;SPRF-RS;DEL06-RS;UOP01-DEL06-RS
640967;10/11/2024;domingo;20:30:00;RS;116;186,4;NOVA PETROPOLIS;Acessar a via sem observar a presença dos outros veículos;Colisão transversal;Com Vítimas Feridas;Plena Noite;Decrescente;Céu Claro;Simples;Reta;Sim;4;0;0;2;1;1;2;3;-2938638307;-5112346595;SPRF-RS;DEL05-RS;UOP02-DEL05-RS
641220;11/11/2024;segunda-feira;23:55:00;RS;116;149;CAXIAS DO SUL;Conversão proibida;Colisão transversal;Com Vítimas Feridas;Plena Noite;Decrescente;Garoa/Chuvisco;Dupla;Interseção de Vias;Sim;2;0;1;0;1;0;1;2;-2915996905;-5115645292;SPRF-RS;DEL05-RS;UOP01-DEL05-RS
641454;13/11/2024;quarta-feira;05:40:00;RS;116;143;CAXIAS DO SUL;Condutor desrespeitou a iluminação vermelha do semáforo;Colisão transversal;Com Vítimas Feridas;Amanhecer;Decrescente;Céu Claro;Dupla;"Interseção de Vias;Reta";Sim;2;0;1;0;1;0;1;2;-291201739;-5112260651;SPRF-RS;DEL05-RS;UOP01-DEL05-RS
641631;13/11/2024;quarta-feira;21:55:00;RS;116;151,9;CAXIAS DO SUL;Condutor deixou de manter distância do veículo da frente;Colisão traseira;Com Vítimas Feridas;Plena Noite;Decrescente;Céu Claro;Dupla;Curva;Sim;3;0;1;0;2;0;1;2;-2917694502;-5116173896;SPRF-RS;DEL05-RS;UOP01-DEL05-RS
641665;14/11/2024;quinta-feira;07:25:00;RS;116;146,3;CAXIAS DO SUL;Manobra de mudança de faixa;Colisão lateral mesmo sentido;Com Vítimas Feridas;Pleno dia;Decrescente;Sol;Dupla;Reta;Sim;2;0;0;1;1;0;1;2;-2914228897;-5113622202;SPRF-RS;DEL05-RS;UOP01-DEL05-RS
641681;14/11/2024;quinta-feira;07:20:00;RS;116;147,2;CAXIAS DO SUL;Condutor deixou de manter distância do veículo da frente;Colisão traseira;Com Vítimas Feridas;Pleno dia;Crescente;Céu Claro;Dupla;Reta;Sim;3;0;1;0;2;0;1;3;-2914908014;-511429969;SPRF-RS;DEL05-RS;UOP01-DEL05-RS
641686;14/11/2024;quinta-feira;07:20:00;RS;116;146,1;CAXIAS DO SUL;Reação tardia ou ineficiente do condutor;Colisão com objeto;Com Vítimas Feridas;Pleno dia;Crescente;Céu Claro;Dupla;Reta;Sim;2;0;0;1;1;0;1;2;-2914228897;-5113622202;SPRF-RS;DEL05-RS;UOP01-DEL05-RS
641696;14/11/2024;quinta-feira;07:40:00;RS;116;145,7;CAXIAS DO SUL;Entrada inopinada do pedestre;Atropelamento de Pedestre;Com Vítimas Feridas;Pleno dia;Crescente;Céu Claro;Dupla;"Interseção de Vias;Reta";Sim;2;0;1;1;0;0;2;2;-2914082319;-5113482356;SPRF-RS;DEL05-RS;UOP01-DEL05-RS
641702;14/11/2024;quinta-feira;08:10:00;RS;116;144,6;CAXIAS DO SUL;Reação tardia ou ineficiente do condutor;Colisão lateral mesmo sentido;Com Vítimas Feridas;Pleno dia;Crescente;Céu Claro;Dupla;"Interseção de Vias;Reta";Não;2;0;1;0;1;0;1;2;-291267449;-5112768983;SPRF-RS;DEL05-RS;UOP01-DEL05-RS
641881;14/11/2024;quinta-feira;19:55:00;RS;470;218;BENTO GONCALVES;Acessar a via sem observar a presença dos outros veículos;Colisão transversal;Com Vítimas Feridas;Plena Noite;Decrescente;Céu Claro;Dupla;"Reta;Interseção de Vias";Sim;2;0;1;1;0;0;2;2;-2917292214;-5152424936;SPRF-RS;DEL06-RS;UOP01-DEL06-RS
641945;15/11/2024;sexta-feira;06:50:00;RS;116;96,6;SAO MARCOS;Ausência de reação do condutor;Colisão traseira;Com Vítimas Feridas;Pleno dia;Decrescente;Céu Claro;Simples;"Declive;Reta";Não;3;0;2;0;1;0;2;2;-28881926;-51148136;SPRF-RS;DEL05-RS;UOP01-DEL05-RS
642087;15/11/2024;sexta-feira;18:40:00;RS;470;183;VERANOPOLIS;Reação tardia ou ineficiente do condutor;Colisão traseira;Com Vítimas Feridas;Anoitecer;Decrescente;Céu Claro;Simples;Reta;Não;2;0;0;1;1;0;1;2;-2898851586;-5156251651;SPRF-RS;DEL06-RS;UOP02-DEL06-RS
642127;15/11/2024;sexta-feira;20:15:00;RS;116;144,9;CAXIAS DO SUL;Reação tardia ou ineficiente do condutor;Atropelamento de Pedestre;Com Vítimas Fatais;Plena Noite;Decrescente;Céu Claro;Dupla;Reta;Sim;3;1;0;0;1;1;0;2;-291267449;-5112768983;SPRF-RS;DEL05-RS;UOP01-DEL05-RS
642660;18/11/2024;segunda-feira;07:50:00;RS;470;218;BENTO GONCALVES;Reação tardia ou ineficiente do condutor;Queda de ocupante de veículo;Com Vítimas Feridas;Pleno dia;Crescente;Céu Claro;Simples;"Declive;Reta";Sim;1;0;0;1;0;0;1;1;-2917292214;-5152424936;SPRF-RS;DEL06-RS;UOP01-DEL06-RS
642758;18/11/2024;segunda-feira;17:20:00;RS;470;195;BENTO GONCALVES;Reação tardia ou ineficiente do condutor;Colisão traseira;Com Vítimas Feridas;Pleno dia;Crescente;Céu Claro;Simples;"Aclive;Reta";Não;3;0;1;0;2;0;1;2;-2905097073;-5158205288;SPRF-RS;DEL06-RS;UOP02-DEL06-RS
642917;19/11/2024;terça-feira;15:00:00;RS;470;218;BENTO GONCALVES;Ausência de reação do condutor;Colisão transversal;Com Vítimas Feridas;Pleno dia;Crescente;Chuva;Simples;Curva;Sim;4;0;3;0;1;0;3;2;-2917292214;-5152424936;SPRF-RS;DEL06-RS;UOP01-DEL06-RS
642997;19/11/2024;terça-feira;21:18:00;RS;116;145,3;CAXIAS DO SUL;Transitar na contramão;Colisão frontal;Com Vítimas Feridas;Plena Noite;Decrescente;Garoa/Chuvisco;Dupla;Reta;Sim;2;0;2;0;0;0;2;2;-291350217;-511302779;SPRF-RS;DEL05-RS;UOP01-DEL05-RS
643015;19/11/2024;terça-feira;19:05:00;RS;116;154,2;CAXIAS DO SUL;Acessar a via sem observar a presença dos outros veículos;Colisão transversal;Com Vítimas Feridas;Anoitecer;Decrescente;Chuva;Simples;"Reta;Interseção de Vias";Sim;2;0;1;0;1;0;1;2;-291926215;-5118001342;SPRF-RS;DEL05-RS;UOP01-DEL05-RS
643280;21/11/2024;quinta-feira;14:40:00;RS;116;148;CAXIAS DO SUL;Manobra de mudança de faixa;Colisão lateral mesmo sentido;Com Vítimas Feridas;Pleno dia;Crescente;Nublado;Dupla;Reta;Sim;2;0;1;0;1;0;1;2;-2915444539;-5115101681;SPRF-RS;DEL05-RS;UOP01-DEL05-RS
643316;21/11/2024;quinta-feira;18:10:00;RS;116;151,9;CAXIAS DO SUL;Acessar a via sem observar a presença dos outros veículos;Colisão lateral mesmo sentido;Com Vítimas Feridas;Anoitecer;Crescente;Céu Claro;Dupla;Interseção de Vias;Sim;3;0;2;0;1;0;2;2;-2917694502;-5116173896;SPRF-RS;DEL05-RS;UOP01-DEL05-RS
643385;22/11/2024;sexta-feira;05:30:00;RS;470;218;BENTO GONCALVES;Velocidade Incompatível;Saída de leito carroçável;Com Vítimas Feridas;Amanhecer;Decrescente;Nublado;Dupla;Curva;Não;1;0;1;0;0;0;1;1;-2917292214;-5152424936;SPRF-RS;DEL06-RS;UOP01-DEL06-RS
643432;22/11/2024;sexta-feira;08:10:00;RS;470;215;BENTO GONCALVES;Reação tardia ou ineficiente do condutor;Colisão frontal;Com Vítimas Feridas;Pleno dia;Crescente;Céu Claro;Simples;Reta;Sim;4;0;1;0;3;0;1;3;-29150635;-51530241;SPRF-RS;DEL06-RS;UOP01-DEL06-RS
643606;22/11/2024;sexta-feira;22:25:00;RS;116;150;CAXIAS DO SUL;Acesso irregular;Colisão lateral mesmo sentido;Sem Vítimas;Plena Noite;Crescente;Céu Claro;Dupla;"Interseção de Vias;Reta";Sim;2;0;0;0;2;0;0;2;-29168428;-51158337;SPRF-RS;DEL05-RS;UOP01-DEL05-RS
643746;23/11/2024;sábado;15:55:00;RS;470;218,2;BENTO GONCALVES;Acessar a via sem observar a presença dos outros veículos;Colisão transversal;Sem Vítimas;Pleno dia;Decrescente;Céu Claro;Simples;Interseção de Vias;Não;4;0;0;0;4;0;0;2;-2918236231;-5152020872;SPRF-RS;DEL06-RS;UOP01-DEL06-RS
643933;24/11/2024;domingo;10:00:00;RS;116;197;PICADA CAFE;Acessar a via sem observar a presença dos outros veículos;Colisão transversal;Com Vítimas Feridas;Pleno dia;Decrescente;Sol;Simples;"Interseção de Vias;Rotatória";Sim;4;0;1;1;2;0;2;2;-2947130146;-5115002466;SPRF-RS;DEL05-RS;UOP02-DEL05-RS
644210;25/11/2024;segunda-feira;16:44:00;RS;470;218,2;BENTO GONCALVES;Acessar a via sem observar a presença dos outros veículos;Colisão transversal;Com Vítimas Feridas;Pleno dia;Decrescente;Céu Claro;Simples;"Aclive;Interseção de Vias;Reta";Sim;2;0;2;0;0;0;2;2;-2918241573;-5152024627;SPRF-RS;DEL06-RS;UOP01-DEL06-RS
644328;26/11/2024;terça-feira;07:30:00;RS;470;176;VERANOPOLIS;Acessar a via sem observar a presença dos outros veículos;Colisão transversal;Com Vítimas Feridas;Pleno dia;Decrescente;Céu Claro;Simples;Reta;Sim;2;0;0;1;1;0;1;2;-289307653;-5154213846;SPRF-RS;DEL06-RS;UOP02-DEL06-RS
644467;29/09/2024;domingo;18:23:00;RS;470;228;GARIBALDI;Reação tardia ou ineficiente do condutor;Colisão lateral mesmo sentido;Com Vítimas Feridas;Anoitecer;Crescente;Céu Claro;Dupla;Curva;Não;3;0;0;1;2;0;1;2;-2921759706;-5151703722;SPRF-RS;DEL06-RS;UOP01-DEL06-RS
644602;27/11/2024;quarta-feira;13:08:00;RS;470;219;BENTO GONCALVES;Acumulo de óleo sobre o pavimento;Tombamento;Com Vítimas Feridas;Pleno dia;Decrescente;Céu Claro;Simples;Curva;Não;2;0;2;0;0;0;2;2;-2917909489;-5151855675;SPRF-RS;DEL06-RS;UOP01-DEL06-RS
644613;27/11/2024;quarta-feira;13:09:00;RS;470;219;BENTO GONCALVES;Acumulo de óleo sobre o pavimento;Tombamento;Com Vítimas Feridas;Pleno dia;Decrescente;Céu Claro;Simples;Curva;Não;1;0;1;0;0;0;1;1;-2917909489;-5151855675;SPRF-RS;DEL06-RS;UOP01-DEL06-RS
644858;28/11/2024;quinta-feira;20:00:00;RS;470;221;BENTO GONCALVES;Reação tardia ou ineficiente do condutor;Tombamento;Com Vítimas Feridas;Plena Noite;Crescente;Nublado;Simples;Reta;Não;1;0;1;0;0;0;1;1;-2919516365;-5151950463;SPRF-RS;DEL06-RS;UOP01-DEL06-RS
644899;28/11/2024;quinta-feira;23:20:00;RS;470;221;GARIBALDI;Retorno proibido;Colisão transversal;Com Vítimas Feridas;Plena Noite;Crescente;Céu Claro;Simples;Reta;Sim;2;0;2;0;0;0;2;2;-2919516365;-5151950463;SPRF-RS;DEL06-RS;UOP01-DEL06-RS
644989;29/11/2024;sexta-feira;13:00:00;RS;116;153,1;CAXIAS DO SUL;Condutor desrespeitou a iluminação vermelha do semáforo;Colisão transversal;Com Vítimas Feridas;Pleno dia;Crescente;Nublado;Dupla;Interseção de Vias;Sim;2;0;1;0;1;0;1;2;-2918579758;-5117713005;SPRF-RS;DEL05-RS;UOP01-DEL05-RS
645228;30/11/2024;sábado;14:55:00;RS;116;151,6;CAXIAS DO SUL;Ausência de reação do condutor;Colisão traseira;Com Vítimas Feridas;Pleno dia;Crescente;Céu Claro;Dupla;Reta;Sim;3;0;0;1;2;0;1;2;-2917694502;-5116173896;SPRF-RS;DEL05-RS;UOP01-DEL05-RS
645469;01/12/2024;domingo;06:15:00;RS;470;153,3;NOVA PRATA;Reação tardia ou ineficiente do condutor;Colisão com objeto;Com Vítimas Feridas;Pleno dia;Crescente;Céu Claro;Simples;"Declive;Curva";Não;5;0;0;1;4;0;1;1;-287583613;-5162791383;SPRF-RS;DEL06-RS;UOP02-DEL06-RS
645740;13/10/2024;domingo;18:35:00;RS;470;170;VERANOPOLIS;Acessar a via sem observar a presença dos outros veículos;Colisão transversal;Com Vítimas Feridas;Plena Noite;Decrescente;Céu Claro;Simples;Reta;Sim;3;0;3;0;0;0;3;2;-2887243764;-5155049156;SPRF-RS;DEL06-RS;UOP02-DEL06-RS
645901;03/12/2024;terça-feira;14:00:00;RS;116;145,8;CAXIAS DO SUL;Reação tardia ou ineficiente do condutor;Colisão traseira;Com Vítimas Feridas;Pleno dia;Crescente;Céu Claro;Dupla;Reta;Sim;2;0;1;0;1;0;1;2;-291350217;-511302779;SPRF-RS;DEL05-RS;UOP01-DEL05-RS
646102;04/12/2024;quarta-feira;14:20:00;RS;470;217;BENTO GONCALVES;Acessar a via sem observar a presença dos outros veículos;Colisão transversal;Com Vítimas Feridas;Pleno dia;Decrescente;Céu Claro;Dupla;"Declive;Retorno Regulamentado;Curva;Interseção de Vias";Sim;3;0;1;0;2;0;1;2;-2916462512;-5152551964;SPRF-RS;DEL06-RS;UOP01-DEL06-RS
646140;04/12/2024;quarta-feira;17:45:00;RS;116;145;CAXIAS DO SUL;Ausência de reação do condutor;Colisão traseira;Com Vítimas Feridas;Anoitecer;Decrescente;Céu Claro;Dupla;Reta;Não;2;0;1;0;1;0;1;2;-291350217;-511302779;SPRF-RS;DEL05-RS;UOP01-DEL05-RS
646161;04/12/2024;quarta-feira;19:15:00;RS;470;228;GARIBALDI;Acessar a via sem observar a presença dos outros veículos;Colisão transversal;Com Vítimas Feridas;Plena Noite;Crescente;Céu Claro;Simples;"Aclive;Interseção de Vias;Reta";Não;4;0;3;0;1;0;3;2;-2921759706;-5151703722;SPRF-RS;DEL06-RS;UOP01-DEL06-RS
646562;06/12/2024;sexta-feira;17:15:00;RS;116;148,2;CAXIAS DO SUL;Velocidade Incompatível;Saída de leito carroçável;Com Vítimas Feridas;Pleno dia;Decrescente;Chuva;Dupla;Curva;Sim;1;0;1;0;0;0;1;1;-2915746167;-5115128696;SPRF-RS;DEL05-RS;UOP01-DEL05-RS
646780;07/12/2024;sábado;11:18:00;RS;470;152,9;NOVA PRATA;Condutor deixou de manter distância do veículo da frente;Colisão traseira;Com Vítimas Feridas;Pleno dia;Decrescente;Chuva;Simples;Reta;Sim;4;0;1;0;3;0;1;3;-287636048;-516252026;SPRF-RS;DEL06-RS;UOP02-DEL06-RS
646803;07/12/2024;sábado;14:45:00;RS;470;210;BENTO GONCALVES;Reação tardia ou ineficiente do condutor;Saída de leito carroçável;Sem Vítimas;Pleno dia;Crescente;Garoa/Chuvisco;Simples;Curva;Sim;1;0;0;0;0;1;0;1;-29125137;-51543255;SPRF-RS;DEL06-RS;UOP01-DEL06-RS
646848;07/12/2024;sábado;18:30:00;RS;116;150,1;CAXIAS DO SUL;Condutor deixou de manter distância do veículo da frente;Colisão lateral mesmo sentido;Sem Vítimas;Anoitecer;Crescente;Garoa/Chuvisco;Múltipla;Reta;Sim;4;0;0;0;4;0;0;2;-29170131;-5115925312;SPRF-RS;DEL05-RS;UOP01-DEL05-RS
646883;07/12/2024;sábado;20:30:00;RS;470;155;NOVA PRATA;Ingestão de álcool pelo condutor;Colisão traseira;Sem Vítimas;Plena Noite;Decrescente;Nublado;Simples;Reta;Sim;3;0;0;0;3;0;0;2;-2878243906;-5161511825;SPRF-RS;DEL06-RS;UOP02-DEL06-RS
646936;08/12/2024;domingo;00:50:00;RS;116;146;CAXIAS DO SUL;Condutor desrespeitou a iluminação vermelha do semáforo;Colisão transversal;Com Vítimas Feridas;Plena Noite;Crescente;Garoa/Chuvisco;Dupla;Interseção de Vias;Sim;2;0;1;0;1;0;1;2;-2914287539;-511371839;SPRF-RS;DEL05-RS;UOP01-DEL05-RS
646941;08/12/2024;domingo;02:00:00;RS;116;147,4;CAXIAS DO SUL;Reação tardia ou ineficiente do condutor;Colisão com objeto;Sem Vítimas;Plena Noite;Crescente;Chuva;Dupla;Reta;Sim;5;0;0;0;5;0;0;2;-2915075302;-5114600837;SPRF-RS;DEL05-RS;UOP01-DEL05-RS
646973;08/12/2024;domingo;06:55:00;RS;470;219;BENTO GONCALVES;Ingestão de álcool pelo condutor;Colisão com objeto;Sem Vítimas;Pleno dia;Crescente;Garoa/Chuvisco;Simples;"Curva;Aclive";Não;2;0;0;0;2;0;0;1;-2917909489;-5151855675;SPRF-RS;DEL06-RS;UOP01-DEL06-RS
646998;08/12/2024;domingo;08:50:00;RS;470;227;GARIBALDI;Reação tardia ou ineficiente do condutor;Colisão com objeto;Sem Vítimas;Pleno dia;Crescente;Nublado;Simples;Reta;Não;2;0;0;0;2;0;0;1;-2921657705;-5151722624;SPRF-RS;DEL06-RS;UOP01-DEL06-RS
647114;08/12/2024;domingo;20:00:00;RS;470;158,2;NOVA PRATA;Ausência de reação do condutor;Saída de leito carroçável;Com Vítimas Feridas;Plena Noite;Decrescente;Céu Claro;Simples;"Interseção de Vias;Rotatória";Não;1;0;1;0;0;0;1;1;-2878243906;-5161511825;SPRF-RS;DEL06-RS;UOP02-DEL06-RS
647433;10/12/2024;terça-feira;05:55:00;RS;116;162,8;CAXIAS DO SUL;Transitar na contramão;Colisão lateral sentido oposto;Sem Vítimas;Pleno dia;Crescente;Céu Claro;Simples;"Declive;Curva";Não;2;0;0;0;2;0;0;2;-2924754637;-5115737756;SPRF-RS;DEL05-RS;UOP02-DEL05-RS
647462;25/11/2024;segunda-feira;06:45:00;RS;470;216;BENTO GONCALVES;Acessar a via sem observar a presença dos outros veículos;Colisão transversal;Com Vítimas Feridas;Pleno dia;Decrescente;Céu Claro;Dupla;"Reta;Retorno Regulamentado";Sim;4;0;3;0;1;0;3;2;-2915887096;-5153142395;SPRF-RS;DEL06-RS;UOP01-DEL06-RS
647560;10/12/2024;terça-feira;17:50:00;RS;116;145;CAXIAS DO SUL;Manobra de mudança de faixa;Colisão lateral mesmo sentido;Com Vítimas Feridas;Pleno dia;Decrescente;Céu Claro;Dupla;Reta;Sim;2;0;1;0;1;0;1;2;-291350217;-511302779;SPRF-RS;DEL05-RS;UOP01-DEL05-RS
647655;11/12/2024;quarta-feira;08:10:00;RS;470;156,2;NOVA PRATA;Conversão proibida;Colisão transversal;Com Vítimas Feridas;Pleno dia;Decrescente;Sol;Simples;Reta;Não;2;0;0;1;1;0;1;2;-2878874508;-5161532195;SPRF-RS;DEL06-RS;UOP02-DEL06-RS
647684;11/12/2024;quarta-feira;11:59:00;RS;470;175;VERANOPOLIS;Acessar a via sem observar a presença dos outros veículos;Colisão transversal;Com Vítimas Feridas;Pleno dia;Decrescente;Céu Claro;Simples;Reta;Sim;2;0;0;1;1;0;1;2;-2891926201;-5153914905;SPRF-RS;DEL06-RS;UOP02-DEL06-RS
647819;11/12/2024;quarta-feira;22:40:00;RS;470;217;BENTO GONCALVES;Acessar a via sem observar a presença dos outros veículos;Colisão transversal;Com Vítimas Feridas;Plena Noite;Decrescente;Céu Claro;Simples;"Reta;Interseção de Vias";Sim;2;0;1;0;1;0;1;2;-2916462512;-5152551964;SPRF-RS;DEL06-RS;UOP01-DEL06-RS
648211;13/12/2024;sexta-feira;17:30:00;RS;470;243,4;BARAO;Falta de acostamento;Colisão traseira;Com Vítimas Feridas;Pleno dia;Decrescente;Chuva;Simples;Reta;Não;2;0;2;0;0;0;2;2;-2935691458;-5152003329;SPRF-RS;DEL06-RS;UOP01-DEL06-RS
648658;15/12/2024;domingo;04:45:00;RS;470;207;BENTO GONCALVES;Acostamento em desnível;Colisão com objeto;Sem Vítimas;Plena Noite;Decrescente;Céu Claro;Simples;"Declive;Curva";Não;1;0;0;0;0;1;0;1;-2910069724;-5154406786;SPRF-RS;DEL06-RS;UOP01-DEL06-RS
648764;15/12/2024;domingo;17:50:00;RS;470;218,6;BENTO GONCALVES;Velocidade Incompatível;Colisão frontal;Com Vítimas Feridas;Pleno dia;Crescente;Céu Claro;Simples;Curva;Não;4;0;1;0;3;0;1;3;-2917292214;-5152424936;SPRF-RS;DEL06-RS;UOP01-DEL06-RS
648888;16/12/2024;segunda-feira;07:00:00;RS;470;217;BENTO GONCALVES;Ausência de reação do condutor;Colisão traseira;Sem Vítimas;Pleno dia;Decrescente;Chuva;Dupla;"Declive;Rotatória";Sim;3;0;0;0;2;1;0;3;-2916462512;-5152551964;SPRF-RS;DEL06-RS;UOP01-DEL06-RS
648898;07/12/2024;sábado;12:00:00;RS;470;169,2;VILA FLORES;Acessar a via sem observar a presença dos outros veículos;Colisão transversal;Com Vítimas Feridas;Pleno dia;Decrescente;Chuva;Simples;Reta;Sim;2;0;1;0;1;0;1;2;-2886963102;-5155139208;SPRF-RS;DEL06-RS;UOP02-DEL06-RS
648969;16/12/2024;segunda-feira;14:55:00;RS;470;219;BENTO GONCALVES;Frear bruscamente;Colisão frontal;Com Vítimas Feridas;Pleno dia;Crescente;Chuva;Múltipla;"Curva;Aclive";Não;4;0;1;0;3;0;1;2;-2917909489;-5151855675;SPRF-RS;DEL06-RS;UOP01-DEL06-RS
649008;16/12/2024;segunda-feira;17:50:00;RS;470;216;BENTO GONCALVES;Acessar a via sem observar a presença dos outros veículos;Colisão transversal;Com Vítimas Fatais;Pleno dia;Crescente;Nublado;Dupla;Reta;Não;4;1;0;0;1;2;0;3;-2917122429;-515245611;SPRF-RS;DEL06-RS;UOP01-DEL06-RS
649042;16/12/2024;segunda-feira;21:50:00;RS;470;216;BENTO GONCALVES;Acessar a via sem observar a presença dos outros veículos;Colisão transversal;Sem Vítimas;Plena Noite;Crescente;Chuva;Dupla;"Retorno Regulamentado;Reta";Sim;3;0;0;0;3;0;0;2;-2915887096;-5153142395;SPRF-RS;DEL06-RS;UOP01-DEL06-RS
649635;19/12/2024;quinta-feira;17:30:00;RS;470;222,3;GARIBALDI;Manobra de mudança de faixa;Colisão lateral mesmo sentido;Com Vítimas Feridas;Pleno dia;Decrescente;Chuva;Dupla;"Reta;Interseção de Vias";Sim;2;0;1;0;1;0;1;2;-2921787323;-5151696324;SPRF-RS;DEL06-RS;UOP01-DEL06-RS
649766;20/12/2024;sexta-feira;06:50:00;RS;470;162;NOVA PRATA;Acessar a via sem observar a presença dos outros veículos;Colisão transversal;Com Vítimas Feridas;Pleno dia;Decrescente;Garoa/Chuvisco;Simples;Reta;Não;2;0;1;0;1;0;1;2;-2882359907;-5158590138;SPRF-RS;DEL06-RS;UOP02-DEL06-RS
649902;20/12/2024;sexta-feira;16:30:00;RS;470;177;VERANOPOLIS;Acessar a via sem observar a presença dos outros veículos;Colisão transversal;Com Vítimas Feridas;Pleno dia;Decrescente;Céu Claro;Simples;Reta;Não;3;0;3;0;0;0;3;3;-2893915139;-5154591976;SPRF-RS;DEL06-RS;UOP02-DEL06-RS
650160;21/12/2024;sábado;11:15:00;RS;116;144,2;CAXIAS DO SUL;Manobra de mudança de faixa;Colisão lateral mesmo sentido;Com Vítimas Feridas;Pleno dia;Crescente;Céu Claro;Dupla;"Aclive;Reta";Sim;3;0;1;0;2;0;1;2;-291267449;-5112768983;SPRF-RS;DEL05-RS;UOP01-DEL05-RS
650269;21/12/2024;sábado;11:20:00;RS;470;176;VERANOPOLIS;Acessar a via sem observar a presença dos outros veículos;Colisão transversal;Com Vítimas Feridas;Pleno dia;Crescente;Céu Claro;Simples;Reta;Sim;2;0;1;0;1;0;1;2;-28929109;-5154315;SPRF-RS;DEL06-RS;UOP02-DEL06-RS
650476;22/12/2024;domingo;11:00:00;RS;470;217;BENTO GONCALVES;Acessar a via sem observar a presença dos outros veículos;Colisão transversal;Com Vítimas Feridas;Pleno dia;Decrescente;Nublado;Dupla;Rotatória;Sim;4;0;2;0;2;0;2;2;-2916462512;-5152551964;SPRF-RS;DEL06-RS;UOP01-DEL06-RS
651100;24/12/2024;terça-feira;20:55:00;RS;470;247;BARAO;Reação tardia ou ineficiente do condutor;Saída de leito carroçável;Com Vítimas Feridas;Plena Noite;Crescente;Chuva;Simples;"Declive;Curva";Não;2;0;1;0;1;0;1;1;-2937593098;-5149908082;SPRF-RS;DEL06-RS;UOP01-DEL06-RS
651436;26/12/2024;quinta-feira;07:30:00;RS;470;156,2;NOVA PRATA;Acessar a via sem observar a presença dos outros veículos;Colisão transversal;Com Vítimas Feridas;Pleno dia;Crescente;Céu Claro;Simples;Reta;Sim;4;0;1;0;3;0;1;2;-2878874508;-5161532195;SPRF-RS;DEL06-RS;UOP02-DEL06-RS
651477;26/12/2024;quinta-feira;16:50:00;RS;116;143;CAXIAS DO SUL;Reação tardia ou ineficiente do condutor;Colisão com objeto;Com Vítimas Feridas;Pleno dia;Crescente;Céu Claro;Dupla;Curva;Sim;1;0;1;0;0;0;1;1;-291201739;-5112260651;SPRF-RS;DEL05-RS;UOP01-DEL05-RS
651525;26/12/2024;quinta-feira;21:05:00;RS;116;153,3;CAXIAS DO SUL;Acumulo de óleo sobre o pavimento;Tombamento;Com Vítimas Feridas;Plena Noite;Decrescente;Céu Claro;Dupla;"Declive;Curva";Sim;2;0;2;0;0;0;2;1;-2918740444;-5117953062;SPRF-RS;DEL05-RS;UOP01-DEL05-RS
651566;27/12/2024;sexta-feira;07:00:00;RS;116;152,9;CAXIAS DO SUL;Reação tardia ou ineficiente do condutor;Colisão lateral mesmo sentido;Com Vítimas Feridas;Pleno dia;Decrescente;Céu Claro;Dupla;"Curva;Aclive;Interseção de Vias";Sim;2;0;1;0;1;0;1;2;-2918588704;-5117745996;SPRF-RS;DEL05-RS;UOP01-DEL05-RS
651706;27/12/2024;sexta-feira;16:30:00;RS;116;149,8;CAXIAS DO SUL;Reação tardia ou ineficiente do condutor;Colisão traseira;Com Vítimas Feridas;Pleno dia;Decrescente;Céu Claro;Dupla;"Reta;Aclive";Sim;3;0;1;0;2;0;1;2;-2915996905;-5115645292;SPRF-RS;DEL05-RS;UOP01-DEL05-RS
651763;27/12/2024;sexta-feira;19:10:00;RS;116;206,8;PICADA CAFE;Reação tardia ou ineficiente do condutor;Saída de leito carroçável;Com Vítimas Feridas;Anoitecer;Decrescente;Céu Claro;Simples;"Declive;Curva";Não;2;0;1;1;0;0;2;1;-2949966726;-511306017;SPRF-RS;DEL05-RS;UOP02-DEL05-RS
651884;08/12/2024;domingo;16:25:00;RS;470;218;BENTO GONCALVES;Acessar a via sem observar a presença dos outros veículos;Colisão transversal;Com Vítimas Feridas;Pleno dia;Decrescente;Nublado;Simples;"Aclive;Interseção de Vias;Reta;Retorno Regulamentado";Sim;5;0;3;1;1;0;4;2;-2917292214;-5152424936;SPRF-RS;DEL06-RS;UOP01-DEL06-RS
651901;28/12/2024;sábado;15:22:00;RS;116;210,2;MORRO REUTER;Curva acentuada;Saída de leito carroçável;Com Vítimas Feridas;Pleno dia;Decrescente;Céu Claro;Simples;Curva;Não;1;0;1;0;0;0;1;1;-2950599374;-510997709;SPRF-RS;DEL05-RS;UOP02-DEL05-RS
652389;31/12/2024;terça-feira;15:00:00;RS;470;226,5;GARIBALDI;Reação tardia ou ineficiente do condutor;Saída de leito carroçável;Com Vítimas Feridas;Pleno dia;Crescente;Chuva;Simples;Curva;Sim;1;0;1;0;0;0;1;1;-29252582;-515129;SPRF-RS;DEL06-RS;UOP01-DEL06-RS
652447;31/12/2024;terça-feira;21:30:00;RS;470;218,5;BENTO GONCALVES;Ausência de reação do condutor;Saída de leito carroçável;Sem Vítimas;Plena Noite;Decrescente;Nublado;Simples;Curva;Sim;1;0;0;0;1;0;0;1;-2918591895;-5152084708;SPRF-RS;DEL06-RS;UOP01-DEL06-RS
653317;29/12/2024;domingo;07:20:00;RS;0;0;CAXIAS DO SUL;Reação tardia ou ineficiente do condutor;Colisão com objeto;Sem Vítimas;Pleno dia;Não Informado;Céu Claro;Simples;Reta;Não;4;0;0;0;4;0;0;1;-2919918693;-5126146674;SPRF-RS;DEL05-RS;N/A
653709;07/01/2025;terça-feira;14:30:00;RS;116;116,4;SAO MARCOS;Acessar a via sem observar a presença dos outros veículos;Colisão transversal;Com Vítimas Feridas;Pleno dia;Decrescente;Céu Claro;Simples;"Curva;Aclive";Sim;2;0;1;0;0;1;1;2;-28,97609141;-51,06640231;SPRF-RS;DEL05-RS;UOP01-DEL05-RS
655073;11/01/2025;sábado;16:33:00;RS;470;157;NOVA PRATA;Ingestão de álcool pelo condutor;Colisão frontal;Com Vítimas Feridas;Pleno dia;Decrescente;Céu Claro;Dupla;"Declive;Curva";Não;5;0;2;0;3;0;2;2;-28,79507068;-51,61584453;SPRF-RS;DEL06-RS;UOP02-DEL06-RS
655465;16/01/2025;quinta-feira;15:00:00;RS;470;225,8;GARIBALDI;Desrespeitar a preferência no cruzamento;Colisão transversal;Com Vítimas Feridas;Pleno dia;Decrescente;Céu Claro;Simples;"Curva;Retorno Regulamentado";Sim;3;0;1;1;1;0;2;2;-29,24670969;-51,51589036;SPRF-RS;DEL06-RS;UOP01-DEL06-RS
657779;27/01/2025;segunda-feira;19:30:00;RS;470;221;GARIBALDI;Reação tardia ou ineficiente do condutor;Saída de leito carroçável;Com Vítimas Feridas;Amanhecer;Crescente;Chuva;Simples;Rotatória;Não;1;0;1;0;0;0;1;1;-29,20881423;-51,51823997;SPRF-RS;DEL06-RS;UOP01-DEL06-RS
657806;27/01/2025;segunda-feira;19:30:00;RS;470;169,9;VILA FLORES;Frear bruscamente;Colisão transversal;Sem Vítimas;Anoitecer;Crescente;Chuva;Simples;"Declive;Reta";Não;3;0;0;0;3;0;0;2;-28,87532452;-51,5493536;SPRF-RS;DEL06-RS;UOP02-DEL06-RS
659257;04/02/2025;terça-feira;15:30:00;RS;470;162;NOVA PRATA;Ingestão de álcool pelo condutor;Colisão traseira;Sem Vítimas;Pleno dia;Decrescente;Sol;Simples;Reta;Sim;6;0;0;0;3;3;0;5;-28,82367706;-51,5857029;SPRF-RS;DEL06-RS;UOP02-DEL06-RS
661806;16/02/2025;domingo;19:15:00;RS;470;216;BENTO GONCALVES;Ingestão de álcool pelo condutor;Colisão lateral mesmo sentido;Sem Vítimas;Pleno dia;Decrescente;Céu Claro;Dupla;"Interseção de Vias;Reta";Sim;2;0;0;0;2;0;0;2;-29,15887096;-51,53142395;SPRF-RS;DEL06-RS;UOP01-DEL06-RS
663476;24/02/2025;segunda-feira;17:30:00;RS;470;184;VERANOPOLIS;Ingestão de álcool pelo condutor;Saída de leito carroçável;Com Vítimas Feridas;Anoitecer;Crescente;Céu Claro;Simples;Reta;Sim;1;0;1;0;0;0;1;1;-28,9963455;-51,5585519;SPRF-RS;DEL06-RS;UOP02-DEL06-RS
663527;24/02/2025;segunda-feira;13:15:00;RS;116;104,9;SAO MARCOS;Reação tardia ou ineficiente do condutor;Tombamento;Com Vítimas Feridas;Pleno dia;Crescente;Céu Claro;Simples;Curva;Não;2;0;1;0;0;1;1;2;-28,91050519;-51,11027835;SPRF-RS;DEL05-RS;UOP01-DEL05-RS
663961;27/02/2025;quinta-feira;07:45:00;RS;116;145;CAXIAS DO SUL;Ausência de reação do condutor;Colisão traseira;Com Vítimas Feridas;Pleno dia;Crescente;Céu Claro;Dupla;Reta;Não;2;0;0;1;0;1;1;2;-29,13430938;-51,12999558;SPRF-RS;DEL05-RS;UOP01-DEL05-RS
664164;28/02/2025;sexta-feira;07:20:00;RS;470;217;BENTO GONCALVES;Manobra de mudança de faixa;Colisão lateral mesmo sentido;Sem Vítimas;Pleno dia;Crescente;Céu Claro;Dupla;"Reta;Rotatória";Sim;4;0;0;0;3;1;0;3;-29,17485903;-51,52388871;SPRF-RS;DEL06-RS;UOP01-DEL06-RS
664169;28/02/2025;sexta-feira;04:20:00;RS;116;95,5;SAO MARCOS;Reação tardia ou ineficiente do condutor;Colisão com objeto;Sem Vítimas;Amanhecer;Decrescente;Ignorado;Simples;Reta;Não;1;0;0;0;1;0;0;1;-28,882461;-51,148005;SPRF-RS;DEL05-RS;UOP03-DEL05-RS
664194;28/02/2025;sexta-feira;10:50:00;RS;470;231,5;CARLOS BARBOSA;Demais falhas mecânicas ou elétricas;Incêndio;Sem Vítimas;Pleno dia;Decrescente;Céu Claro;Simples;"Aclive;Reta";Não;2;0;0;0;2;0;0;1;-29,28776932;-51,48893064;SPRF-RS;DEL06-RS;UOP01-DEL06-RS
664221;20/02/2025;quinta-feira;07:40:00;RS;116;153,8;CAXIAS DO SUL;Manobra de mudança de faixa;Tombamento;Com Vítimas Feridas;Pleno dia;Decrescente;Céu Claro;Dupla;Reta;Sim;2;0;1;0;1;0;1;2;-29,18877854;-51,18237913;SPRF-RS;DEL05-RS;UOP01-DEL05-RS
664453;01/03/2025;sábado;08:40:00;RS;116;147,8;CAXIAS DO SUL;Ausência de reação do condutor;Colisão traseira;Com Vítimas Feridas;Pleno dia;Decrescente;Céu Claro;Dupla;Reta;Não;3;0;1;0;2;0;1;3;-29,15439786;-51,15066469;SPRF-RS;DEL05-RS;UOP01-DEL05-RS
664739;02/03/2025;domingo;13:15:00;RS;470;225;GARIBALDI;Acessar a via sem observar a presença dos outros veículos;Colisão transversal;Com Vítimas Feridas;Pleno dia;Crescente;Céu Claro;Simples;"Retorno Regulamentado;Reta";Sim;3;0;2;0;1;0;2;2;-29,2466446;-51,51592791;SPRF-RS;DEL06-RS;UOP01-DEL06-RS
665568;06/03/2025;quinta-feira;17:50:00;RS;470;217;BENTO GONCALVES;Manobra de mudança de faixa;Colisão lateral mesmo sentido;Sem Vítimas;Pleno dia;Decrescente;Céu Claro;Simples;Curva;Sim;2;0;0;0;2;0;0;2;-29,17641684;-51,52113676;SPRF-RS;DEL06-RS;UOP01-DEL06-RS
665589;06/03/2025;quinta-feira;19:30:00;RS;116;144,7;CAXIAS DO SUL;Manobra de mudança de faixa;Colisão lateral mesmo sentido;Sem Vítimas;Plena Noite;Decrescente;Céu Claro;Dupla;Viaduto;Sim;2;0;0;0;2;0;0;2;-29,13256627;-51,12915874;SPRF-RS;DEL05-RS;UOP01-DEL05-RS
666819;12/03/2025;quarta-feira;18:00:00;RS;116;143;CAXIAS DO SUL;Condutor desrespeitou a iluminação vermelha do semáforo;Colisão transversal;Com Vítimas Feridas;Anoitecer;Crescente;Céu Claro;Dupla;"Reta;Interseção de Vias";Sim;2;0;1;0;1;0;1;2;-29,1214186;-51,1226123;SPRF-RS;DEL05-RS;UOP01-DEL05-RS
667776;17/03/2025;segunda-feira;06:50:00;RS;470;220;BENTO GONCALVES;Acessar a via sem observar a presença dos outros veículos;Colisão transversal;Com Vítimas Feridas;Pleno dia;Crescente;Céu Claro;Dupla;Reta;Não;3;0;0;1;2;0;1;2;-29,19810053;-51,51839018;SPRF-RS;DEL06-RS;UOP01-DEL06-RS
669855;27/03/2025;quinta-feira;12:30:00;RS;116;147,3;CAXIAS DO SUL;Reação tardia ou ineficiente do condutor;Colisão lateral mesmo sentido;Com Vítimas Feridas;Pleno dia;Crescente;Céu Claro;Dupla;Reta;Sim;4;0;0;1;3;0;1;4;-29,1625425;-51,15740776;SPRF-RS;DEL05-RS;UOP01-DEL05-RS
669862;27/03/2025;quinta-feira;12:30:00;RS;470;215;BENTO GONCALVES;Ausência de reação do condutor;Colisão lateral sentido oposto;Com Vítimas Feridas;Pleno dia;Decrescente;Céu Claro;Simples;Curva;Sim;3;0;1;0;1;1;1;3;-29,164759;-51,5294747;SPRF-RS;DEL06-RS;UOP01-DEL06-RS
672270;07/04/2025;segunda-feira;22:10:00;RS;470;217;BENTO GONCALVES;Acessar a via sem observar a presença dos outros veículos;Colisão transversal;Com Vítimas Feridas;Anoitecer;Crescente;Garoa/Chuvisco;Simples;Reta;Sim;3;0;1;0;2;0;1;2;-29,17516033;-51,52352571;SPRF-RS;DEL06-RS;UOP01-DEL06-RS
672387;08/04/2025;terça-feira;15:08:00;RS;470;228;GARIBALDI;Retorno proibido;Colisão transversal;Com Vítimas Feridas;Pleno dia;Decrescente;Nublado;Simples;Reta;Não;2;0;1;0;1;0;1;2;-29,26381136;-51,50292277;SPRF-RS;DEL06-RS;UOP01-DEL06-RS
672731;10/04/2025;quinta-feira;12:00:00;RS;470;225;GARIBALDI;Acessar a via sem observar a presença dos outros veículos;Colisão transversal;Com Vítimas Feridas;Pleno dia;Crescente;Céu Claro;Simples;Rotatória;Sim;3;0;2;0;1;0;2;2;-29,2466446;-51,51595289;SPRF-RS;DEL06-RS;UOP01-DEL06-RS
673130;12/04/2025;sábado;07:50:00;RS;116;174,9;NOVA PETROPOLIS;Desvio temporário;Colisão lateral sentido oposto;Com Vítimas Feridas;Pleno dia;Crescente;Céu Claro;Simples;Curva;Não;3;0;2;0;1;0;2;2;-29,33533176;-51,15907204;SPRF-RS;DEL05-RS;UOP02-DEL05-RS
685485;16/04/2025;quarta-feira;18:30:00;RS;116;154,1;CAXIAS DO SUL;Demais falhas mecânicas ou elétricas;Colisão com objeto;Com Vítimas Feridas;Anoitecer;Crescente;Nublado;Simples;Interseção de Vias;Sim;4;0;0;2;1;1;2;4;-29,19256966;-51,18005341;SPRF-RS;DEL05-RS;UOP01-DEL05-RS
686400;21/04/2025;segunda-feira;08:00:00;RS;470;230,8;CARLOS BARBOSA;Conversão proibida;Colisão traseira;Com Vítimas Feridas;Pleno dia;Crescente;Céu Claro;Simples;"Reta;Declive";Não;2;0;1;0;1;0;1;2;-29,27952745;-51,49229581;SPRF-RS;DEL06-RS;UOP01-DEL06-RS
687145;24/04/2025;quinta-feira;21:02:00;RS;470;160;NOVA PRATA;Acessar a via sem observar a presença dos outros veículos;Tombamento;Com Vítimas Feridas;Plena Noite;Crescente;Céu Claro;Simples;"Reta;Interseção de Vias";Sim;2;0;1;0;1;0;1;2;-28,80793416;-51,60343146;SPRF-RS;DEL06-RS;UOP02-DEL06-RS
688290;30/04/2025;quarta-feira;16:30:00;RS;470;230;CARLOS BARBOSA;Ausência de reação do condutor;Colisão lateral mesmo sentido;Com Vítimas Feridas;Pleno dia;Decrescente;Céu Claro;Dupla;Reta;Sim;3;0;1;0;1;1;1;3;-29,27865904;-51,49250921;SPRF-RS;DEL06-RS;UOP01-DEL06-RS
688558;01/05/2025;quinta-feira;18:40:00;RS;116;112,1;SAO MARCOS;Ausência de reação do condutor;Tombamento;Com Vítimas Feridas;Plena Noite;Decrescente;Céu Claro;Simples;Curva;Sim;3;0;1;1;0;1;2;2;-28,9490271;-51,08108131;SPRF-RS;DEL05-RS;UOP01-DEL05-RS
688629;02/05/2025;sexta-feira;08:35:00;RS;470;179;VERANOPOLIS;Acessar a via sem observar a presença dos outros veículos;Colisão transversal;Com Vítimas Feridas;Pleno dia;Crescente;Céu Claro;Simples;Reta;Sim;2;0;1;0;1;0;1;2;-28,95137693;-51,5578723;SPRF-RS;DEL06-RS;UOP02-DEL06-RS
688850;03/05/2025;sábado;07:54:00;RS;470;215;BENTO GONCALVES;Reação tardia ou ineficiente do condutor;Colisão frontal;Com Vítimas Fatais;Pleno dia;Decrescente;Céu Claro;Simples;Declive;Sim;3;1;0;0;1;1;0;3;-29,160718;-51,5253932;SPRF-RS;DEL06-RS;UOP01-DEL06-RS
689201;05/05/2025;segunda-feira;08:30:00;RS;470;220;BENTO GONCALVES;Reação tardia ou ineficiente do condutor;Colisão lateral mesmo sentido;Com Vítimas Feridas;Pleno dia;Crescente;Céu Claro;Simples;"Retorno Regulamentado;Interseção de Vias;Aclive;Reta;Rotatória";Não;2;0;1;0;1;0;1;2;-29,19816096;-51,5185496;SPRF-RS;DEL06-RS;UOP01-DEL06-RS
689548;06/05/2025;terça-feira;14:45:00;RS;116;130;SAO MARCOS;Demais falhas mecânicas ou elétricas;Tombamento;Com Vítimas Feridas;Pleno dia;Decrescente;Céu Claro;Simples;"Interseção de Vias;Curva";Não;1;0;1;0;0;0;1;1;-29,03682654;-51,09094111;SPRF-RS;DEL05-RS;UOP01-DEL05-RS
690633;11/05/2025;domingo;18:20:00;RS;470;224;BENTO GONCALVES;Acessar a via sem observar a presença dos outros veículos;Colisão traseira;Sem Vítimas;Anoitecer;Crescente;Céu Claro;Simples;"Reta;Interseção de Vias";Não;4;0;0;0;4;0;0;3;-29,1768471;-51,5209654;SPRF-RS;DEL06-RS;UOP01-DEL06-RS
690811;12/05/2025;segunda-feira;11:55:00;RS;470;205;BENTO GONCALVES;Ausência de reação do condutor;Colisão frontal;Com Vítimas Feridas;Pleno dia;Decrescente;Céu Claro;Simples;Reta;Não;2;0;2;0;0;0;2;2;-29,08785238;-51,55797883;SPRF-RS;DEL06-RS;UOP01-DEL06-RS
691252;14/05/2025;quarta-feira;15:30:00;RS;470;247,8;BARAO;Acessar a via sem observar a presença dos outros veículos;Colisão transversal;Com Vítimas Feridas;Pleno dia;Crescente;Céu Claro;Simples;Reta;Não;2;0;1;0;1;0;1;2;-29,39579953;-51,49451349;SPRF-RS;DEL06-RS;UOP01-DEL06-RS
691489;15/05/2025;quinta-feira;19:35:00;RS;470;160;NOVA PRATA;Acessar a via sem observar a presença dos outros veículos;Colisão transversal;Com Vítimas Feridas;Plena Noite;Crescente;Céu Claro;Simples;"Interseção de Vias;Curva";Não;2;0;1;0;1;0;1;2;-28,80994244;-51,60100657;SPRF-RS;DEL06-RS;UOP02-DEL06-RS
692405;19/05/2025;segunda-feira;18:30:00;RS;470;224;GARIBALDI;Ausência de reação do condutor;Colisão traseira;Com Vítimas Feridas;Plena Noite;Decrescente;Nublado;Simples;Reta;Não;4;0;1;0;3;0;1;3;-29,23809749;-51,51774494;SPRF-RS;DEL06-RS;UOP01-DEL06-RS
692571;20/05/2025;terça-feira;16:30:00;RS;470;219;BENTO GONCALVES;Velocidade Incompatível;Colisão frontal;Com Vítimas Feridas;Pleno dia;Crescente;Chuva;Simples;Curva;Não;2;0;0;1;1;0;1;2;-29,19078484;-51,52207788;SPRF-RS;DEL06-RS;UOP01-DEL06-RS
693089;23/05/2025;sexta-feira;06:20:00;RS;470;185;VERANOPOLIS;Condutor deixou de manter distância do veículo da frente;Colisão traseira;Sem Vítimas;Amanhecer;Decrescente;Nevoeiro/Neblina;Simples;"Curva;Aclive";Não;2;0;0;0;2;0;0;2;-29,00710824;-51,54776573;SPRF-RS;DEL06-RS;UOP02-DEL06-RS
694464;29/05/2025;quinta-feira;14:50:00;RS;470;226;GARIBALDI;Ultrapassagem Indevida;Colisão lateral mesmo sentido;Com Vítimas Feridas;Pleno dia;Crescente;Nublado;Simples;"Reta;Declive";Não;3;0;1;0;1;1;1;3;-29,253057;-51,512363;SPRF-RS;DEL06-RS;UOP01-DEL06-RS
694713;30/05/2025;sexta-feira;17:50:00;RS;470;153,2;NOVA PRATA;Conversão proibida;Colisão traseira;Com Vítimas Feridas;Anoitecer;Crescente;Céu Claro;Simples;Reta;Não;7;0;1;0;6;0;1;2;-28,76215635;-51,6256829;SPRF-RS;DEL06-RS;UOP02-DEL06-RS
695355;02/06/2025;segunda-feira;09:25:00;RS;470;154;NOVA PRATA;Entrada inopinada do pedestre;Atropelamento de Pedestre;Com Vítimas Fatais;Pleno dia;Crescente;Céu Claro;Simples;Reta;Não;4;1;0;0;1;2;0;3;-28,768881;-51,621142;SPRF-RS;DEL06-RS;UOP02-DEL06-RS
695445;02/06/2025;segunda-feira;20:45:00;RS;470;225;GARIBALDI;Acessar a via sem observar a presença dos outros veículos;Colisão transversal;Com Vítimas Feridas;Plena Noite;Crescente;Céu Claro;Simples;"Reta;Retorno Regulamentado";Sim;4;0;2;0;1;1;2;3;-29,24656952;-51,51594257;SPRF-RS;DEL06-RS;UOP01-DEL06-RS
697941;13/06/2025;sexta-feira;18:30:00;RS;116;151,2;CAXIAS DO SUL;Reação tardia ou ineficiente do condutor;Engavetamento;Sem Vítimas;Anoitecer;Crescente;Céu Claro;Dupla;Reta;Não;3;0;0;0;3;0;0;3;-29,17860884;-51,16283655;SPRF-RS;DEL05-RS;UOP01-DEL05-RS
698808;17/06/2025;terça-feira;18:15:00;RS;470;211;BENTO GONCALVES;Acumulo de água sobre o pavimento;Saída de leito carroçável;Com Vítimas Feridas;Plena Noite;Crescente;Chuva;Simples;Reta;Não;2;0;2;0;0;0;2;1;-29,14058804;-51,54171165;SPRF-RS;DEL06-RS;UOP01-DEL06-RS
700579;26/06/2025;quinta-feira;08:18:00;RS;470;217;BENTO GONCALVES;Reação tardia ou ineficiente do condutor;Colisão traseira;Com Vítimas Feridas;Pleno dia;Crescente;Chuva;Dupla;Reta;Sim;2;0;1;0;1;0;1;2;-29,17619202;-51,52176976;SPRF-RS;DEL06-RS;UOP01-DEL06-RS
700628;18/06/2025;quarta-feira;14:15:00;RS;470;221;BENTO GONCALVES;Problema com o freio;Colisão transversal;Com Vítimas Feridas;Pleno dia;Crescente;Chuva;Dupla;"Interseção de Vias;Reta";Sim;2;0;1;0;1;0;1;2;-29,19492623;-51,52080286;SPRF-RS;DEL06-RS;UOP01-DEL06-RS
700642;26/06/2025;quinta-feira;11:40:00;RS;116;121,7;SAO MARCOS;Reação tardia ou ineficiente do condutor;Colisão frontal;Com Vítimas Feridas;Pleno dia;Decrescente;Chuva;Simples;Curva;Não;4;0;1;1;2;0;2;3;-29,01027006;-51,07006263;SPRF-RS;DEL05-RS;UOP01-DEL05-RS
701824;01/07/2025;terça-feira;16:30:00;RS;470;160;NOVA PRATA;Acessar a via sem observar a presença dos outros veículos;Colisão transversal;Com Vítimas Feridas;Pleno dia;Crescente;Céu Claro;Simples;Reta;Sim;3;0;1;0;2;0;1;2;-28,80818534;-51,60327673;SPRF-RS;DEL06-RS;UOP02-DEL06-RS
703415;08/07/2025;terça-feira;15:55:00;RS;470;206;BENTO GONCALVES;Ausência de reação do condutor;Colisão frontal;Com Vítimas Feridas;Anoitecer;Decrescente;Céu Claro;Simples;"Curva;Aclive";Não;5;0;3;0;1;1;3;4;-29,09747799;-51,54398775;SPRF-RS;DEL06-RS;UOP01-DEL06-RS
706135;20/07/2025;domingo;22:00:00;RS;470;195;BENTO GONCALVES;Velocidade Incompatível;Engavetamento;Sem Vítimas;Plena Noite;Decrescente;Céu Claro;Simples;"Reta;Declive;Em Obras";Não;9;0;0;0;8;1;0;3;-29,05079053;-51,58324448;SPRF-RS;DEL06-RS;UOP02-DEL06-RS
706547;22/07/2025;terça-feira;16:05:00;RS;470;211;BENTO GONCALVES;Ingestão de álcool pelo condutor;Colisão frontal;Com Vítimas Feridas;Pleno dia;Crescente;Nublado;Dupla;Curva;Não;2;0;0;1;1;0;1;2;-29,1768429;-51,5209678;SPRF-RS;DEL06-RS;UOP01-DEL06-RS
706611;22/07/2025;terça-feira;19:50:00;RS;116;134;CAXIAS DO SUL;Reação tardia ou ineficiente do condutor;Tombamento;Com Vítimas Feridas;Plena Noite;Decrescente;Céu Claro;Simples;Curva;Não;1;0;1;0;0;0;1;1;-29,064054;-51,097457;SPRF-RS;DEL05-RS;UOP01-DEL05-RS
707102;25/07/2025;sexta-feira;13:15:00;RS;470;231,1;CARLOS BARBOSA;Acessar a via sem observar a presença dos outros veículos;Colisão transversal;Com Vítimas Feridas;Pleno dia;Decrescente;Sol;Simples;Declive;Não;3;0;2;0;1;0;2;2;-29,28770382;-51,48917405;SPRF-RS;DEL06-RS;UOP01-DEL06-RS
707449;26/07/2025;sábado;20:00:00;RS;470;225;GARIBALDI;Ingestão de álcool pelo condutor;Colisão lateral sentido oposto;Com Vítimas Feridas;Plena Noite;Crescente;Garoa/Chuvisco;Simples;"Declive;Curva";Não;2;0;0;1;1;0;1;2;-29,24728115;-51,51555626;SPRF-RS;DEL06-RS;UOP01-DEL06-RS
708753;01/08/2025;sexta-feira;21:38:00;RS;116;139;CAXIAS DO SUL;Carga excessiva e/ou mal acondicionada;Tombamento;Com Vítimas Feridas;Plena Noite;Decrescente;Céu Claro;Simples;Curva;Não;2;0;1;0;1;0;1;1;-29,10027695;-51,10736847;SPRF-RS;DEL05-RS;UOP01-DEL05-RS
709502;05/08/2025;terça-feira;06:00:00;RS;470;224;GARIBALDI;Reação tardia ou ineficiente do condutor;Colisão lateral mesmo sentido;Com Vítimas Feridas;Amanhecer;Crescente;Nublado;Simples;Reta;Sim;15;0;11;1;2;1;12;4;-29,23254146;-51,51600838;SPRF-RS;DEL06-RS;UOP01-DEL06-RS
709727;06/08/2025;quarta-feira;08:30:00;RS;116;121,6;SAO MARCOS;Reação tardia ou ineficiente do condutor;Tombamento;Com Vítimas Feridas;Pleno dia;Decrescente;Sol;Simples;Curva;Não;2;0;1;0;0;2;1;3;-29,009949;-51,069758;SPRF-RS;DEL05-RS;UOP01-DEL05-RS
711101;11/08/2025;segunda-feira;19:10:00;RS;470;175,3;VERANOPOLIS;Acessar a via sem observar a presença dos outros veículos;Colisão traseira;Com Vítimas Feridas;Plena Noite;Decrescente;Céu Claro;Simples;"Declive;Curva";Sim;4;0;2;0;1;1;2;4;-28,923585;-51,538233;SPRF-RS;DEL06-RS;UOP02-DEL06-RS
712667;19/08/2025;terça-feira;11:35:00;RS;470;214;BENTO GONCALVES;Condutor usando celular;Colisão frontal;Com Vítimas Fatais;Pleno dia;Decrescente;Céu Claro;Simples;"Declive;Curva";Não;2;1;0;0;1;0;0;2;-29,15689951;-51,53085558;SPRF-RS;DEL06-RS;UOP01-DEL06-RS
713075;21/08/2025;quinta-feira;14:50:00;RS;470;174;VERANOPOLIS;Acessar a via sem observar a presença dos outros veículos;Colisão transversal;Com Vítimas Feridas;Pleno dia;Decrescente;Céu Claro;Simples;Reta;Sim;2;0;0;1;1;0;1;2;-28,91801985;-51,53905785;SPRF-RS;DEL06-RS;UOP02-DEL06-RS
713247;22/08/2025;sexta-feira;09:38:00;RS;470;241;CARLOS BARBOSA;Conversão proibida;Colisão lateral sentido oposto;Com Vítimas Feridas;Pleno dia;Crescente;Nevoeiro/Neblina;Simples;"Reta;Declive";Não;3;0;1;0;2;0;1;3;-29,33326215;-51,5003167;SPRF-RS;DEL06-RS;UOP01-DEL06-RS
713989;25/08/2025;segunda-feira;16:40:00;RS;116;219;MORRO REUTER;Acessar a via sem observar a presença dos outros veículos;Colisão lateral sentido oposto;Com Vítimas Feridas;Pleno dia;Decrescente;Nublado;Simples;"Aclive;Reta";Sim;2;0;0;1;1;0;1;2;-29,553565;-51,092937;SPRF-RS;DEL05-RS;UOP02-DEL05-RS
713995;25/08/2025;segunda-feira;16:10:00;RS;470;249;BARAO;Velocidade Incompatível;Saída de leito carroçável;Com Vítimas Feridas;Pleno dia;Decrescente;Nublado;Simples;"Declive;Curva";Não;2;0;0;1;1;0;1;2;-29,40179109;-51,50935499;SPRF-RS;DEL06-RS;UOP01-DEL06-RS
714949;30/08/2025;sábado;05:33:00;RS;470;211;BENTO GONCALVES;Ingestão de álcool pelo condutor;Colisão frontal;Com Vítimas Feridas;Plena Noite;Crescente;Céu Claro;Múltipla;Curva;Não;5;0;2;2;1;0;4;3;-29,13772015;-51,5431602;SPRF-RS;DEL06-RS;UOP01-DEL06-RS
720865;25/09/2025;quinta-feira;18:50:00;RS;470;158,6;NOVA PRATA;Desrespeitar a preferência no cruzamento;Colisão transversal;Com Vítimas Feridas;Plena Noite;Decrescente;Céu Claro;Simples;"Interseção de Vias;Retorno Regulamentado";Sim;2;0;0;1;1;0;1;2;-28,80163263;-51,60978913;SPRF-RS;DEL06-RS;UOP02-DEL06-RS
721609;29/09/2025;segunda-feira;06:45:00;RS;470;228,7;GARIBALDI;Condutor deixou de manter distância do veículo da frente;Colisão traseira;Com Vítimas Feridas;Pleno dia;Crescente;Céu Claro;Simples;Reta;Sim;5;0;1;0;3;1;1;3;-29,267455;-51,499693;SPRF-RS;DEL06-RS;UOP01-DEL06-RS
722258;02/10/2025;quinta-feira;13:10:00;RS;470;165;VILA FLORES;Reação tardia ou ineficiente do condutor;Tombamento;Com Vítimas Feridas;Pleno dia;Decrescente;Céu Claro;Simples;Curva;Não;1;0;1;0;0;0;1;1;-28,84557586;-51,57488823;SPRF-RS;DEL06-RS;UOP02-DEL06-RS
723332;07/10/2025;terça-feira;07:31:00;RS;470;215,3;BENTO GONCALVES;Transitar na contramão;Colisão frontal;Com Vítimas Feridas;Pleno dia;Decrescente;Garoa/Chuvisco;Simples;"Retorno Regulamentado;Curva";Sim;3;0;0;1;1;1;1;3;-29,16122148;-51,52645826;SPRF-RS;DEL06-RS;UOP01-DEL06-RS
723342;07/10/2025;terça-feira;07:50:00;RS;470;218,9;BENTO GONCALVES;Ausência de reação do condutor;Colisão lateral mesmo sentido;Com Vítimas Feridas;Pleno dia;Decrescente;Garoa/Chuvisco;Simples;Curva;Não;6;0;2;0;3;1;2;5;-29,18793746;-51,52169164;SPRF-RS;DEL06-RS;UOP01-DEL06-RS
723765;09/10/2025;quinta-feira;08:03:00;RS;470;222;GARIBALDI;Reação tardia ou ineficiente do condutor;Colisão frontal;Com Vítimas Fatais;Pleno dia;Decrescente;Céu Claro;Simples;Reta;Sim;4;1;0;0;2;1;0;4;-29,22347643;-51,51613109;SPRF-RS;DEL06-RS;UOP01-DEL06-RS
728110;28/10/2025;terça-feira;14:00:00;RS;470;241;BARAO;Conversão proibida;Colisão transversal;Com Vítimas Feridas;Pleno dia;Crescente;Garoa/Chuvisco;Simples;"Curva;Aclive;Interseção de Vias";Não;3;0;2;0;1;0;2;2;-29,36113666;-51,51981962;SPRF-RS;DEL06-RS;UOP01-DEL06-RS
728258;01/10/2025;quarta-feira;19:18:00;RS;470;194;BENTO GONCALVES;Reação tardia ou ineficiente do condutor;Tombamento;Com Vítimas Feridas;Plena Noite;Crescente;Nublado;Simples;"Curva;Aclive;Em Obras";Não;2;0;1;0;0;1;1;2;-29,05062983;-51,584488;SPRF-RS;DEL06-RS;UOP02-DEL06-RS
728471;30/10/2025;quinta-feira;09:25:00;RS;470;225;GARIBALDI;Acessar a via sem observar a presença dos outros veículos;Colisão transversal;Com Vítimas Feridas;Pleno dia;Crescente;Nublado;Simples;Reta;Não;3;0;1;0;2;0;1;2;-29,24614816;-51,51634097;SPRF-RS;DEL06-RS;UOP01-DEL06-RS
729334;18/10/2025;sábado;12:30:00;RS;470;227;GARIBALDI;Ausência de reação do condutor;Colisão com objeto;Sem Vítimas;Pleno dia;Decrescente;Garoa/Chuvisco;Dupla;Curva;Sim;1;0;0;0;1;0;0;1;-29,25710124;-51,51033533;SPRF-RS;DEL06-RS;UOP01-DEL06-RS
729766;05/11/2025;quarta-feira;13:45:00;RS;470;222;GARIBALDI;Ingestão de álcool pelo condutor;Colisão transversal;Sem Vítimas;Pleno dia;Decrescente;Céu Claro;Simples;"Reta;Rotatória";Não;3;0;0;0;2;1;0;3;-29,22190939;-51,51625363;SPRF-RS;DEL06-RS;UOP01-DEL06-RS
730962;10/11/2025;segunda-feira;15:30:00;RS;470;222;GARIBALDI;Condutor deixou de manter distância do veículo da frente;Colisão traseira;Com Vítimas Feridas;Pleno dia;Crescente;Céu Claro;Múltipla;"Reta;Rotatória";Sim;2;0;0;1;1;0;1;2;-29,21730247;-51,51744453;SPRF-RS;DEL06-RS;UOP01-DEL06-RS
730992;10/11/2025;segunda-feira;17:40:00;RS;470;220,8;GARIBALDI;Acessar a via sem observar a presença dos outros veículos;Colisão transversal;Com Vítimas Feridas;Pleno dia;Crescente;Céu Claro;Simples;"Reta;Aclive";Não;3;0;0;1;2;0;1;2;-29,20321246;-51,51817954;SPRF-RS;DEL06-RS;UOP01-DEL06-RS
732338;16/11/2025;domingo;19:00:00;RS;116;128,6;SAO MARCOS;Ingestão de álcool pelo condutor;Colisão frontal;Com Vítimas Feridas;Plena Noite;Crescente;Chuva;Simples;Reta;Não;4;0;1;0;3;0;1;2;-29,03490356;-51,09424559;SPRF-RS;DEL05-RS;UOP01-DEL05-RS
735366;30/11/2025;domingo;04:00:00;RS;470;186;VERANOPOLIS;Ausência de reação do condutor;Colisão traseira;Com Vítimas Fatais;Plena Noite;Crescente;Céu Claro;Simples;"Em Obras;Reta";Não;3;1;0;0;1;1;0;3;-29,00667333;-51,548075;SPRF-RS;DEL06-RS;UOP02-DEL06-RS
736770;06/12/2025;sábado;06:50:00;RS;470;155;NOVA PRATA;Acessar a via sem observar a presença dos outros veículos;Colisão transversal;Com Vítimas Feridas;Pleno dia;Decrescente;Sol;Simples;"Reta;Rotatória";Sim;2;0;1;0;1;0;1;2;-28,77415015;-51,61391642;SPRF-RS;DEL06-RS;UOP02-DEL06-RS
737654;09/12/2025;terça-feira;17:45:00;RS;470;210;BENTO GONCALVES;Ausência de reação do condutor;Colisão lateral mesmo sentido;Sem Vítimas;Pleno dia;Decrescente;Nublado;Simples;Reta;Não;2;0;0;0;2;0;0;2;-29,12682221;-51,54184341;SPRF-RS;DEL06-RS;UOP01-DEL06-RS
737729;10/12/2025;quarta-feira;07:45:00;RS;470;217,7;BENTO GONCALVES;Área urbana sem a presença de local apropriado para a travessia de pedestres;Atropelamento de Pedestre;Com Vítimas Feridas;Pleno dia;Crescente;Chuva;Simples;"Curva;Retorno Regulamentado";Sim;3;0;1;0;1;1;1;3;-29,17865036;-51,51839411;SPRF-RS;DEL06-RS;UOP01-DEL06-RS
739717;18/12/2025;quinta-feira;10:50:00;RS;470;226,2;GARIBALDI;Desrespeitar a preferência no cruzamento;Colisão transversal;Com Vítimas Feridas;Pleno dia;Decrescente;Céu Claro;Simples;"Reta;Aclive;Interseção de Vias";Não;4;0;1;1;1;1;2;3;-29,2510817;-51,51374308;SPRF-RS;DEL06-RS;UOP01-DEL06-RS
740747;21/12/2025;domingo;20:50:00;RS;116;107,8;SAO MARCOS;Reação tardia ou ineficiente do condutor;Colisão lateral sentido oposto;Sem Vítimas;Plena Noite;Decrescente;Chuva;Simples;Reta;Não;3;0;0;0;1;2;0;3;-28,92421752;-51,09560665;SPRF-RS;DEL05-RS;UOP01-DEL05-RS
741120;23/12/2025;terça-feira;15:06:00;RS;470;219;BENTO GONCALVES;Velocidade Incompatível;Colisão frontal;Com Vítimas Feridas;Pleno dia;Crescente;Chuva;Simples;"Declive;Curva";Não;4;0;1;2;1;0;3;2;-29,19045278;-51,52202575;SPRF-RS;DEL06-RS;UOP01-DEL06-RS
691209;14/05/2025;quarta-feira;12:58:00;RS;470;224;GARIBALDI;Acessar a via sem observar a presença dos outros veículos;Colisão transversal;Com Vítimas Feridas;Pleno dia;Crescente;Céu Claro;Simples;"Retorno Regulamentado;Reta";Não;3;0;1;0;1;1;1;3;-29,24302176;-51,51721923;SPRF-RS;DEL06-RS;UOP01-DEL06-RS
718115;13/09/2025;sábado;12:35:00;RS;116;174,5;NOVA PETROPOLIS;Reação tardia ou ineficiente do condutor;Engavetamento;Com Vítimas Feridas;Pleno dia;Crescente;Céu Claro;Simples;"Reta;Ponte";Não;6;0;1;0;4;1;1;5;-29,333378;-51,162925;SPRF-RS;DEL05-RS;UOP02-DEL05-RS
751972;26/12/2025;sexta-feira;12:10:00;RS;470;217;BENTO GONCALVES;Desrespeitar a preferência no cruzamento;Colisão lateral mesmo sentido;Com Vítimas Feridas;Pleno dia;Crescente;Céu Claro;Simples;Rotatória;Sim;4;0;1;0;2;1;1;3;-29,17511898;-51,52338831;SPRF-RS;DEL06-RS;UOP01-DEL06-RS
652685;02/01/2025;quinta-feira;05:15:00;RS;470;217;BENTO GONCALVES;Reação tardia ou ineficiente do condutor;Colisão com objeto;Com Vítimas Feridas;Pleno dia;Decrescente;Nublado;Dupla;"Aclive;Curva;Interseção de Vias;Rotatória";Sim;2;0;1;0;1;0;1;1;-29,16462512;-51,52551964;SPRF-RS;DEL06-RS;UOP01-DEL06-RS
652800;02/01/2025;quinta-feira;17:00:00;RS;116;153,7;CAXIAS DO SUL;Condutor usando celular;Colisão com objeto;Com Vítimas Feridas;Pleno dia;Decrescente;Céu Claro;Dupla;Rotatória;Não;1;0;1;0;0;0;1;1;-29,18873449;-51,18118286;SPRF-RS;DEL05-RS;UOP01-DEL05-RS
652827;02/01/2025;quinta-feira;20:07:00;RS;116;149,1;CAXIAS DO SUL;Reação tardia ou ineficiente do condutor;Colisão traseira;Com Vítimas Feridas;Plena Noite;Crescente;Céu Claro;Múltipla;Interseção de Vias;Sim;4;0;2;0;1;1;2;3;-29,15996905;-51,15645292;SPRF-RS;DEL05-RS;UOP01-DEL05-RS
652847;02/01/2025;quinta-feira;17:30:00;RS;470;228;GARIBALDI;Acessar a via sem observar a presença dos outros veículos;Colisão transversal;Com Vítimas Feridas;Anoitecer;Crescente;Céu Claro;Simples;"Reta;Retorno Regulamentado";Não;4;0;2;0;2;0;2;2;-29,21759706;-51,51703722;SPRF-RS;DEL06-RS;UOP01-DEL06-RS
653256;05/01/2025;domingo;00:40:00;RS;470;222,9;GARIBALDI;Reação tardia ou ineficiente do condutor;Saída de leito carroçável;Com Vítimas Feridas;Plena Noite;Crescente;Céu Claro;Simples;Reta;Sim;3;0;1;1;1;0;2;2;-29,223383;-51,516108;SPRF-RS;DEL06-RS;UOP01-DEL06-RS
653869;08/01/2025;quarta-feira;16:35:00;RS;116;144,3;CAXIAS DO SUL;Reação tardia ou ineficiente do condutor;Colisão traseira;Com Vítimas Feridas;Pleno dia;Decrescente;Sol;Dupla;Reta;Sim;2;0;1;0;1;0;1;2;-29,1267449;-51,12768983;SPRF-RS;DEL05-RS;UOP01-DEL05-RS
654062;09/01/2025;quinta-feira;17:05:00;RS;470;176;VERANOPOLIS;Área urbana sem a presença de local apropriado para a travessia de pedestres;Atropelamento de Pedestre;Com Vítimas Feridas;Pleno dia;Decrescente;Céu Claro;Simples;Curva;Não;3;0;1;0;2;0;1;2;-28,929109;-51,54315;SPRF-RS;DEL06-RS;UOP02-DEL06-RS
654196;10/01/2025;sexta-feira;09:30:00;RS;470;153;NOVA PRATA;Acumulo de areia ou detritos sobre o pavimento;Tombamento;Com Vítimas Feridas;Pleno dia;Crescente;Céu Claro;Simples;Rotatória;Sim;1;0;1;0;0;0;1;1;-28,77133;-51,61788;SPRF-RS;DEL06-RS;UOP02-DEL06-RS
654286;10/01/2025;sexta-feira;18:30:00;RS;470;168;VILA FLORES;Ausência de reação do condutor;Saída de leito carroçável;Com Vítimas Feridas;Pleno dia;Crescente;Céu Claro;Múltipla;Reta;Sim;3;0;3;0;0;0;3;1;-28,85711814;-51,55698016;SPRF-RS;DEL06-RS;UOP02-DEL06-RS
654486;11/01/2025;sábado;18:10:00;RS;116;145,9;CAXIAS DO SUL;Ausência de reação do condutor;Colisão traseira;Com Vítimas Feridas;Pleno dia;Crescente;Chuva;Dupla;Curva;Sim;2;0;1;0;1;0;1;2;-29,1350217;-51,1302779;SPRF-RS;DEL05-RS;UOP01-DEL05-RS
654795;13/01/2025;segunda-feira;07:50:00;RS;116;150;CAXIAS DO SUL;Ausência de reação do condutor;Colisão lateral mesmo sentido;Com Vítimas Feridas;Pleno dia;Decrescente;Céu Claro;Dupla;"Declive;Reta";Sim;2;0;1;0;1;0;1;2;-29,168428;-51,158337;SPRF-RS;DEL05-RS;UOP01-DEL05-RS
655559;17/01/2025;sexta-feira;07:00:00;RS;470;215;BENTO GONCALVES;Acesso irregular;Colisão traseira;Com Vítimas Feridas;Pleno dia;Crescente;Céu Claro;Simples;"Reta;Retorno Regulamentado";Sim;3;0;1;0;1;1;1;3;-29,150635;-51,530241;SPRF-RS;DEL06-RS;UOP01-DEL06-RS
655596;17/01/2025;sexta-feira;11:00:00;RS;470;188;VERANOPOLIS;Ausência de reação do condutor;Colisão traseira;Com Vítimas Feridas;Pleno dia;Crescente;Céu Claro;Simples;Curva;Não;6;0;1;0;5;0;1;4;-29,0090907;-51,56456778;SPRF-RS;DEL06-RS;UOP02-DEL06-RS
655615;15/01/2025;quarta-feira;02:30:00;RS;116;152;CAXIAS DO SUL;Animais na Pista;Atropelamento de Animal;Com Vítimas Feridas;Plena Noite;Crescente;Céu Claro;Simples;Curva;Sim;1;0;0;1;0;0;1;1;-29,1829343;-51,16801501;SPRF-RS;DEL05-RS;UOP01-DEL05-RS
655695;17/01/2025;sexta-feira;17:45:00;RS;470;183;VERANOPOLIS;Transitar na contramão;Colisão frontal;Com Vítimas Fatais;Pleno dia;Decrescente;Céu Claro;Simples;Reta;Não;3;1;2;0;0;0;2;2;-28,99615608;-51,55829913;SPRF-RS;DEL06-RS;UOP02-DEL06-RS
655795;18/01/2025;sábado;07:55:00;RS;470;209;BENTO GONCALVES;Acessar a via sem observar a presença dos outros veículos;Colisão transversal;Com Vítimas Feridas;Pleno dia;Decrescente;Céu Claro;Simples;Curva;Sim;2;0;1;0;1;0;1;2;-29,10894598;-51,54542236;SPRF-RS;DEL06-RS;UOP01-DEL06-RS
655883;18/01/2025;sábado;17:06:00;RS;116;122;SAO MARCOS;Restrição de visibilidade em curvas horizontais;Colisão transversal;Com Vítimas Feridas;Pleno dia;Decrescente;Céu Claro;Simples;Curva;Não;3;0;3;0;0;0;3;2;-29,01040633;-51,07327877;SPRF-RS;DEL05-RS;UOP01-DEL05-RS
655952;19/01/2025;domingo;00:40:00;RS;116;152;CAXIAS DO SUL;Reação tardia ou ineficiente do condutor;Saída de leito carroçável;Com Vítimas Feridas;Plena Noite;Decrescente;Céu Claro;Simples;Curva;Sim;1;0;0;1;0;0;1;1;-29,1829343;-51,16801501;SPRF-RS;DEL05-RS;UOP01-DEL05-RS
656030;19/01/2025;domingo;12:20:00;RS;116;216,9;MORRO REUTER;Ausência de reação do condutor;Colisão lateral mesmo sentido;Com Vítimas Feridas;Pleno dia;Decrescente;Sol;Simples;Rotatória;Não;2;0;1;0;1;0;1;2;-29,54001608;-51,07711676;SPRF-RS;DEL05-RS;UOP02-DEL05-RS
656102;19/01/2025;domingo;17:45:00;RS;470;160;NOVA PRATA;Ausência de reação do condutor;Colisão lateral mesmo sentido;Sem Vítimas;Pleno dia;Crescente;Céu Claro;Simples;"Retorno Regulamentado;Reta";Não;5;0;0;0;5;0;0;2;-28,81066741;-51,60061401;SPRF-RS;DEL06-RS;UOP02-DEL06-RS
656131;19/01/2025;domingo;20:45:00;RS;470;220;BENTO GONCALVES;Acessar a via sem observar a presença dos outros veículos;Colisão transversal;Com Vítimas Feridas;Plena Noite;Crescente;Nublado;Dupla;Reta;Sim;6;0;4;0;2;0;4;2;-29,18739172;-51,52056521;SPRF-RS;DEL06-RS;UOP01-DEL06-RS
656195;20/01/2025;segunda-feira;07:30:00;RS;116;113;SAO MARCOS;Conversão proibida;Colisão traseira;Com Vítimas Feridas;Pleno dia;Decrescente;Nublado;Simples;Reta;Não;2;0;1;0;1;0;1;2;-28,95667906;-51,08016019;SPRF-RS;DEL05-RS;UOP01-DEL05-RS
656547;21/01/2025;terça-feira;19:45:00;RS;116;151,6;CAXIAS DO SUL;Ausência de reação do condutor;Saída de leito carroçável;Com Vítimas Feridas;Plena Noite;Crescente;Céu Claro;Dupla;Curva;Sim;2;0;0;2;0;0;2;1;-29,17694502;-51,16173896;SPRF-RS;DEL05-RS;UOP01-DEL05-RS
656816;23/01/2025;quinta-feira;10:15:00;RS;470;176,4;VERANOPOLIS;Acessar a via sem observar a presença dos outros veículos;Colisão transversal;Com Vítimas Feridas;Pleno dia;Decrescente;Sol;Simples;Reta;Sim;2;0;1;0;1;0;1;2;-28,93155684;-51,54161811;SPRF-RS;DEL06-RS;UOP02-DEL06-RS
657171;25/01/2025;sábado;06:40:00;RS;470;218;BENTO GONCALVES;Reação tardia ou ineficiente do condutor;Saída de leito carroçável;Com Vítimas Feridas;Amanhecer;Crescente;Garoa/Chuvisco;Simples;Curva;Não;4;0;0;1;3;0;1;4;-29,18583845;-51,5209651;SPRF-RS;DEL06-RS;UOP01-DEL06-RS
657245;25/01/2025;sábado;01:45:00;RS;470;211,9;BENTO GONCALVES;Ausência de reação do condutor;Saída de leito carroçável;Sem Vítimas;Plena Noite;Decrescente;Nublado;Simples;Curva;Não;1;0;0;0;0;1;0;1;-29,13901256;-51,54265881;SPRF-RS;DEL06-RS;UOP01-DEL06-RS
658375;31/01/2025;sexta-feira;09:30:00;RS;116;142;CAXIAS DO SUL;Acessar a via sem observar a presença dos outros veículos;Colisão lateral mesmo sentido;Sem Vítimas;Pleno dia;Decrescente;Sol;Dupla;Interseção de Vias;Sim;2;0;0;0;2;0;0;2;-29,11880874;-51,11702442;SPRF-RS;DEL05-RS;UOP01-DEL05-RS
658694;01/02/2025;sábado;20:30:00;RS;116;151,9;CAXIAS DO SUL;Reação tardia ou ineficiente do condutor;Saída de leito carroçável;Com Vítimas Feridas;Plena Noite;Crescente;Céu Claro;Dupla;Reta;Sim;4;0;3;0;1;0;3;1;-29,17694502;-51,16173896;SPRF-RS;DEL05-RS;UOP01-DEL05-RS
659128;03/02/2025;segunda-feira;19:00:00;RS;116;108;SAO MARCOS;Acessar a via sem observar a presença dos outros veículos;Colisão transversal;Com Vítimas Feridas;Anoitecer;Decrescente;Céu Claro;Simples;Curva;Não;3;0;1;1;1;0;2;2;-28,92514807;-51,09447449;SPRF-RS;DEL05-RS;UOP01-DEL05-RS
659172;04/02/2025;terça-feira;07:40:00;RS;116;149,4;CAXIAS DO SUL;Pedestre cruzava a pista fora da faixa;Atropelamento de Pedestre;Com Vítimas Feridas;Pleno dia;Crescente;Céu Claro;Dupla;Curva;Sim;2;0;2;0;0;0;2;2;-29,15996905;-51,15645292;SPRF-RS;DEL05-RS;UOP01-DEL05-RS
659351;05/02/2025;quarta-feira;07:20:00;RS;116;141,6;CAXIAS DO SUL;Conversão proibida;Colisão transversal;Com Vítimas Feridas;Pleno dia;Crescente;Céu Claro;Múltipla;Reta;Sim;2;0;0;1;1;0;1;2;-29,11161425;-51,11040472;SPRF-RS;DEL05-RS;UOP01-DEL05-RS
659643;06/02/2025;quinta-feira;16:45:00;RS;470;216;BENTO GONCALVES;Ingestão de álcool pelo condutor;Colisão transversal;Com Vítimas Feridas;Pleno dia;Decrescente;Céu Claro;Múltipla;"Reta;Declive;Retorno Regulamentado";Sim;2;0;1;0;1;0;1;2;-29,15887096;-51,53142395;SPRF-RS;DEL06-RS;UOP01-DEL06-RS
659867;07/02/2025;sexta-feira;17:40:00;RS;470;175;VERANOPOLIS;Acessar a via sem observar a presença dos outros veículos;Colisão transversal;Com Vítimas Feridas;Pleno dia;Crescente;Céu Claro;Simples;"Em Obras;Reta";Sim;5;0;1;0;4;0;1;2;-28,91926201;-51,53914905;SPRF-RS;DEL06-RS;UOP02-DEL06-RS
660330;09/02/2025;domingo;18:00:00;RS;470;239,3;CARLOS BARBOSA;Acessar a via sem observar a presença dos outros veículos;Colisão transversal;Com Vítimas Feridas;Anoitecer;Crescente;Céu Claro;Simples;Curva;Sim;2;0;0;1;1;0;1;2;-29,345757;-51,508812;SPRF-RS;DEL06-RS;UOP01-DEL06-RS
660334;09/02/2025;domingo;18:00:00;RS;116;149,7;CAXIAS DO SUL;Manobra de mudança de faixa;Colisão lateral mesmo sentido;Sem Vítimas;Anoitecer;Crescente;Céu Claro;Dupla;Reta;Não;3;0;0;0;3;0;0;2;-29,15996905;-51,15645292;SPRF-RS;DEL05-RS;UOP01-DEL05-RS
660605;10/02/2025;segunda-feira;19:00:00;RS;116;153,5;CAXIAS DO SUL;Manobra de mudança de faixa;Colisão lateral mesmo sentido;Com Vítimas Feridas;Plena Noite;Decrescente;Céu Claro;Dupla;Rotatória;Sim;2;0;1;0;1;0;1;2;-29,1879196;-51,18230939;SPRF-RS;DEL05-RS;UOP01-DEL05-RS
660918;12/02/2025;quarta-feira;12:45:00;RS;470;176,4;VERANOPOLIS;Desvio temporário;Colisão lateral sentido oposto;Com Vítimas Feridas;Pleno dia;Decrescente;Nublado;Simples;"Desvio Temporário;Em Obras;Reta";Sim;2;0;1;0;1;0;1;2;-28,930741;-51,542109;SPRF-RS;DEL06-RS;UOP02-DEL06-RS
661363;14/02/2025;sexta-feira;17:10:00;RS;116;146;CAXIAS DO SUL;Condutor desrespeitou a iluminação vermelha do semáforo;Colisão transversal;Sem Vítimas;Pleno dia;Crescente;Céu Claro;Dupla;"Reta;Interseção de Vias";Sim;2;0;0;0;2;0;0;2;-29,14228897;-51,13622202;SPRF-RS;DEL05-RS;UOP01-DEL05-RS
661641;15/02/2025;sábado;22:20:00;RS;470;179;VERANOPOLIS;Acesso irregular;Colisão transversal;Com Vítimas Feridas;Plena Noite;Crescente;Nublado;Simples;"Declive;Reta";Sim;6;0;3;0;1;2;3;2;-28,95042595;-51,55689413;SPRF-RS;DEL06-RS;UOP02-DEL06-RS
662014;17/02/2025;segunda-feira;10:25:00;RS;470;164,3;VILA FLORES;Velocidade Incompatível;Saída de leito carroçável;Com Vítimas Feridas;Pleno dia;Decrescente;Chuva;Simples;Curva;Sim;2;0;1;0;1;0;1;1;-28,84006517;-51,57381535;SPRF-RS;DEL06-RS;UOP02-DEL06-RS
662059;17/02/2025;segunda-feira;19:15:00;RS;470;218,5;BENTO GONCALVES;Ausência de reação do condutor;Saída de leito carroçável;Com Vítimas Feridas;Plena Noite;Decrescente;Garoa/Chuvisco;Simples;Curva;Sim;1;0;1;0;0;0;1;1;-29,1855816;-51,52109385;SPRF-RS;DEL06-RS;UOP01-DEL06-RS
662171;18/02/2025;terça-feira;12:00:00;RS;116;115,6;SAO MARCOS;Reação tardia ou ineficiente do condutor;Atropelamento de Pedestre;Sem Vítimas;Pleno dia;Decrescente;Nublado;Dupla;"Interseção de Vias;Rotatória";Sim;3;0;0;0;3;0;0;2;-28,9712;-51,072197;SPRF-RS;DEL05-RS;UOP01-DEL05-RS
662220;18/02/2025;terça-feira;17:40:00;RS;116;143;CAXIAS DO SUL;Desrespeitar a preferência no cruzamento;Colisão transversal;Com Vítimas Feridas;Pleno dia;Crescente;Sol;Múltipla;"Reta;Interseção de Vias";Sim;2;0;1;0;1;0;1;2;-29,1201739;-51,12260651;SPRF-RS;DEL05-RS;UOP01-DEL05-RS
662288;19/02/2025;quarta-feira;05:55:00;RS;116;138,7;CAXIAS DO SUL;Reação tardia ou ineficiente do condutor;Saída de leito carroçável;Com Vítimas Feridas;Amanhecer;Decrescente;Céu Claro;Simples;Curva;Não;4;0;0;1;3;0;1;2;-29,08970102;-51,11289119;SPRF-RS;DEL05-RS;UOP01-DEL05-RS
662340;19/02/2025;quarta-feira;10:30:00;RS;116;151,4;CAXIAS DO SUL;Curva acentuada;Saída de leito carroçável;Com Vítimas Feridas;Pleno dia;Crescente;Céu Claro;Dupla;Curva;Sim;2;0;0;2;0;0;2;1;-29,17694502;-51,16173896;SPRF-RS;DEL05-RS;UOP01-DEL05-RS
662496;20/02/2025;quinta-feira;07:20:00;RS;116;153,7;CAXIAS DO SUL;Desrespeitar a preferência no cruzamento;Colisão lateral mesmo sentido;Com Vítimas Feridas;Pleno dia;Decrescente;Céu Claro;Múltipla;"Interseção de Vias;Rotatória";Sim;2;0;1;0;1;0;1;2;-29,18579758;-51,17713005;SPRF-RS;DEL05-RS;UOP01-DEL05-RS
662668;21/02/2025;sexta-feira;07:00:00;RS;116;116;SAO MARCOS;Acessar a via sem observar a presença dos outros veículos;Colisão transversal;Com Vítimas Feridas;Pleno dia;Crescente;Céu Claro;Simples;Reta;Sim;2;0;1;0;1;0;1;2;-28,97609141;-51,06640231;SPRF-RS;DEL05-RS;UOP01-DEL05-RS
662856;22/02/2025;sábado;05:50:00;RS;470;216;BENTO GONCALVES;Velocidade Incompatível;Saída de leito carroçável;Sem Vítimas;Amanhecer;Decrescente;Céu Claro;Dupla;Reta;Sim;1;0;0;0;0;1;0;1;-29,16662585;-51,52572602;SPRF-RS;DEL06-RS;UOP01-DEL06-RS
663041;22/02/2025;sábado;23:35:00;RS;116;152,5;CAXIAS DO SUL;Ingestão de álcool pelo condutor;Saída de leito carroçável;Com Vítimas Feridas;Plena Noite;Decrescente;Céu Claro;Simples;Curva;Sim;1;0;1;0;0;0;1;1;-29,1847339;-51,1743708;SPRF-RS;DEL05-RS;UOP01-DEL05-RS
663650;25/02/2025;terça-feira;17:20:00;RS;470;211;BENTO GONCALVES;Chuva;Colisão frontal;Com Vítimas Feridas;Pleno dia;Crescente;Chuva;Simples;Curva;Não;4;0;2;0;2;0;2;3;-29,13902222;-51,54280901;SPRF-RS;DEL06-RS;UOP01-DEL06-RS
663767;26/02/2025;quarta-feira;07:50:00;RS;470;175;VERANOPOLIS;Acessar a via sem observar a presença dos outros veículos;Colisão transversal;Com Vítimas Feridas;Pleno dia;Decrescente;Céu Claro;Simples;Reta;Sim;2;0;1;0;1;0;1;2;-28,92678668;-51,54156446;SPRF-RS;DEL06-RS;UOP02-DEL06-RS
663945;27/02/2025;quinta-feira;06:40:00;RS;116;149,3;CAXIAS DO SUL;Condutor desrespeitou a iluminação vermelha do semáforo;Colisão transversal;Com Vítimas Feridas;Amanhecer;Crescente;Nublado;Dupla;Retorno Regulamentado;Sim;3;0;1;0;2;0;1;2;-29,16203146;-51,15696251;SPRF-RS;DEL05-RS;UOP01-DEL05-RS
664104;27/02/2025;quinta-feira;20:10:00;RS;470;160;NOVA PRATA;Pedestre andava na pista;Atropelamento de Pedestre;Com Vítimas Fatais;Plena Noite;Decrescente;Nublado;Simples;Reta;Sim;4;1;0;0;3;0;0;3;-28,811844;-51,600185;SPRF-RS;DEL06-RS;UOP02-DEL06-RS
664279;28/02/2025;sexta-feira;17:10:00;RS;116;146,1;CAXIAS DO SUL;Acessar a via sem observar a presença dos outros veículos;Atropelamento de Pedestre;Com Vítimas Feridas;Pleno dia;Decrescente;Nublado;Dupla;Reta;Sim;4;0;1;0;2;1;1;2;-29,14375622;-51,13787055;SPRF-RS;DEL05-RS;UOP01-DEL05-RS
664314;28/02/2025;sexta-feira;19:45:00;RS;470;218,6;BENTO GONCALVES;Reação tardia ou ineficiente do condutor;Colisão frontal;Com Vítimas Feridas;Plena Noite;Decrescente;Garoa/Chuvisco;Simples;"Declive;Curva";Não;3;0;0;1;2;0;1;2;-29,18507474;-51,52137929;SPRF-RS;DEL06-RS;UOP01-DEL06-RS
664617;01/03/2025;sábado;19:20:00;RS;116;158,1;CAXIAS DO SUL;Reação tardia ou ineficiente do condutor;Colisão lateral sentido oposto;Sem Vítimas;Plena Noite;Crescente;Nublado;Simples;"Declive;Curva";Sim;3;0;0;0;2;1;0;3;-29,22038826;-51,16798639;SPRF-RS;DEL05-RS;UOP01-DEL05-RS
664698;02/03/2025;domingo;08:50:00;RS;116;158,8;CAXIAS DO SUL;Ausência de reação do condutor;Colisão com objeto;Com Vítimas Feridas;Pleno dia;Decrescente;Céu Claro;Simples;Reta;Sim;1;0;0;1;0;0;1;1;-29,223511;-51,161906;SPRF-RS;DEL05-RS;UOP01-DEL05-RS
664834;02/03/2025;domingo;20:00:00;RS;470;172,8;VERANOPOLIS;Reação tardia ou ineficiente do condutor;Colisão frontal;Com Vítimas Fatais;Plena Noite;Decrescente;Céu Claro;Simples;Reta;Não;5;1;0;1;3;0;1;3;-28,9022125;-51,5511326;SPRF-RS;DEL06-RS;UOP02-DEL06-RS
665646;07/03/2025;sexta-feira;07:35:00;RS;470;209;BENTO GONCALVES;Acessar a via sem observar a presença dos outros veículos;Colisão lateral mesmo sentido;Sem Vítimas;Pleno dia;Decrescente;Céu Claro;Simples;Reta;Sim;2;0;0;0;2;0;0;2;-29,122964;-51,544067;SPRF-RS;DEL06-RS;UOP01-DEL06-RS
666129;09/03/2025;domingo;10:25:00;RS;116;165;CAXIAS DO SUL;Acumulo de óleo sobre o pavimento;Colisão com objeto;Com Vítimas Feridas;Pleno dia;Crescente;Garoa/Chuvisco;Simples;"Declive;Curva";Não;1;0;1;0;0;0;1;1;-29,2367599;-51,1573961;SPRF-RS;DEL05-RS;UOP02-DEL05-RS
666340;23/01/2025;quinta-feira;12:50:00;RS;470;218;BENTO GONCALVES;Acessar a via sem observar a presença dos outros veículos;Colisão transversal;Com Vítimas Feridas;Pleno dia;Crescente;Céu Claro;Dupla;Reta;Sim;2;0;0;1;1;0;1;2;-29,17292214;-51,52424936;SPRF-RS;DEL06-RS;UOP01-DEL06-RS
666633;11/03/2025;terça-feira;17:20:00;RS;470;227;GARIBALDI;Reação tardia ou ineficiente do condutor;Colisão traseira;Com Vítimas Feridas;Pleno dia;Crescente;Céu Claro;Simples;"Reta;Declive";Sim;2;0;1;0;1;0;1;2;-29,26086557;-51,50746286;SPRF-RS;DEL06-RS;UOP01-DEL06-RS
666648;11/03/2025;terça-feira;19:20:00;RS;116;150,3;CAXIAS DO SUL;Manobra de mudança de faixa;Colisão lateral mesmo sentido;Com Vítimas Feridas;Plena Noite;Decrescente;Céu Claro;Dupla;Reta;Sim;3;0;1;0;2;0;1;3;-29,17196912;-51,16025627;SPRF-RS;DEL05-RS;UOP01-DEL05-RS
666726;12/03/2025;quarta-feira;07:20:00;RS;470;153,3;NOVA PRATA;Acessar a via sem observar a presença dos outros veículos;Tombamento;Com Vítimas Feridas;Pleno dia;Crescente;Nublado;Simples;"Reta;Aclive";Não;2;0;1;0;1;0;1;2;-28,76327644;-51,62527084;SPRF-RS;DEL06-RS;UOP02-DEL06-RS
667034;13/03/2025;quinta-feira;20:00:00;RS;116;154,1;CAXIAS DO SUL;Acesso irregular;Colisão lateral sentido oposto;Com Vítimas Feridas;Plena Noite;Decrescente;Céu Claro;Simples;"Reta;Rotatória";Sim;3;0;1;0;2;0;1;3;-29,19224173;-51,1800974;SPRF-RS;DEL05-RS;UOP01-DEL05-RS
667099;14/03/2025;sexta-feira;07:00:00;RS;116;152,2;CAXIAS DO SUL;Transitar no Acostamento;Colisão lateral mesmo sentido;Com Vítimas Feridas;Pleno dia;Decrescente;Céu Claro;Dupla;Reta;Sim;2;0;1;0;1;0;1;2;-29,1841984;-51,1707231;SPRF-RS;DEL05-RS;UOP01-DEL05-RS
667103;14/03/2025;sexta-feira;07:10:00;RS;116;150,2;CAXIAS DO SUL;Condutor desrespeitou a iluminação vermelha do semáforo;Colisão transversal;Com Vítimas Feridas;Pleno dia;Crescente;Céu Claro;Dupla;"Interseção de Vias;Reta";Sim;3;0;1;0;2;0;1;2;-29,17116;-51,15976;SPRF-RS;DEL05-RS;UOP01-DEL05-RS
667190;05/03/2025;quarta-feira;14:00:00;RS;470;221;GARIBALDI;Ausência de reação do condutor;Tombamento;Com Vítimas Feridas;Pleno dia;Decrescente;Céu Claro;Simples;Retorno Regulamentado;Sim;1;0;1;0;0;0;1;1;-29,20877208;-51,51785736;SPRF-RS;DEL06-RS;UOP01-DEL06-RS
667304;14/03/2025;sexta-feira;23:39:00;RS;116;151,7;CAXIAS DO SUL;Reação tardia ou ineficiente do condutor;Colisão com objeto;Sem Vítimas;Plena Noite;Crescente;Céu Claro;Dupla;Interseção de Vias;Sim;2;0;0;0;2;0;0;1;-29,1499603;-51,1449365;SPRF-RS;DEL05-RS;UOP01-DEL05-RS
667457;15/03/2025;sábado;19:20:00;RS;116;145,9;CAXIAS DO SUL;Reação tardia ou ineficiente do condutor;Colisão traseira;Sem Vítimas;Plena Noite;Crescente;Céu Claro;Dupla;"Declive;Curva";Sim;2;0;0;0;2;0;0;2;-29,14125425;-51,13534927;SPRF-RS;DEL05-RS;UOP01-DEL05-RS
667481;15/03/2025;sábado;20:00:00;RS;470;224;BENTO GONCALVES;Ausência de reação do condutor;Colisão com objeto;Com Vítimas Feridas;Plena Noite;Crescente;Céu Claro;Dupla;Reta;Sim;1;0;1;0;0;0;1;1;-29,17662695;-51,52089587;SPRF-RS;DEL06-RS;UOP01-DEL06-RS
667953;17/03/2025;segunda-feira;22:30:00;RS;116;142;CAXIAS DO SUL;Condutor desrespeitou a iluminação vermelha do semáforo;Colisão transversal;Com Vítimas Feridas;Plena Noite;Decrescente;Céu Claro;Simples;Interseção de Vias;Sim;6;0;2;0;3;1;2;3;-29,11878062;-51,11674547;SPRF-RS;DEL05-RS;UOP01-DEL05-RS
668112;18/03/2025;terça-feira;18:30:00;RS;116;150;CAXIAS DO SUL;Condutor desrespeitou a iluminação vermelha do semáforo;Colisão transversal;Sem Vítimas;Pleno dia;Crescente;Céu Claro;Múltipla;Interseção de Vias;Sim;2;0;0;0;2;0;0;2;-29,17035071;-51,15935856;SPRF-RS;DEL05-RS;UOP01-DEL05-RS
668564;21/03/2025;sexta-feira;04:10:00;RS;470;162,3;NOVA PRATA;Velocidade Incompatível;Saída de leito carroçável;Com Vítimas Fatais;Plena Noite;Decrescente;Céu Claro;Simples;Reta;Sim;1;1;0;0;0;0;0;1;-28,825308;-51,58345;SPRF-RS;DEL06-RS;UOP02-DEL06-RS
668764;21/03/2025;sexta-feira;18:30:00;RS;386;375;SAO MARCOS;Reação tardia ou ineficiente do condutor;Colisão traseira;Com Vítimas Feridas;Plena Noite;Crescente;Céu Claro;Simples;Reta;Não;2;0;1;0;1;0;1;2;-29;-51;SPRF-RS;DEL04-RS;UOP01-DEL04-RS
668798;22/03/2025;sábado;07:50:00;RS;116;140;CAXIAS DO SUL;Ausência de reação do condutor;Colisão lateral mesmo sentido;Sem Vítimas;Pleno dia;Crescente;Céu Claro;Simples;Reta;Não;2;0;0;0;1;1;0;2;-29,11100745;-51,11003811;SPRF-RS;DEL05-RS;UOP01-DEL05-RS
668805;22/03/2025;sábado;08:30:00;RS;470;247;BARAO;Reação tardia ou ineficiente do condutor;Saída de leito carroçável;Com Vítimas Feridas;Pleno dia;Decrescente;Céu Claro;Simples;Curva;Não;1;0;1;0;0;0;1;1;-29,3928417;-51,4929866;SPRF-RS;DEL06-RS;UOP01-DEL06-RS
668868;22/03/2025;sábado;15:41:00;RS;470;159;NOVA PRATA;Ingestão de álcool pelo condutor;Colisão frontal;Sem Vítimas;Pleno dia;Decrescente;Céu Claro;Simples;"Rotatória;Declive";Não;2;0;0;0;2;0;0;2;-28,80171548;-51,60964228;SPRF-RS;DEL06-RS;UOP02-DEL06-RS
669115;23/03/2025;domingo;18:05:00;RS;470;246;BARAO;Reação tardia ou ineficiente do condutor;Tombamento;Com Vítimas Feridas;Anoitecer;Decrescente;Céu Claro;Simples;Curva;Não;1;0;1;0;0;0;1;1;-29,38574448;-51,49162509;SPRF-RS;DEL06-RS;UOP01-DEL06-RS
669632;26/03/2025;quarta-feira;07:50:00;RS;116;146,5;CAXIAS DO SUL;Trafegar com motocicleta (ou similar) entre as faixas;Atropelamento de Pedestre;Com Vítimas Feridas;Pleno dia;Crescente;Céu Claro;Dupla;Reta;Sim;3;0;2;0;1;0;2;2;-29,14605865;-51,14029527;SPRF-RS;DEL05-RS;UOP01-DEL05-RS
669769;26/03/2025;quarta-feira;20:50:00;RS;470;227;GARIBALDI;Reação tardia ou ineficiente do condutor;Queda de ocupante de veículo;Com Vítimas Feridas;Plena Noite;Decrescente;Céu Claro;Dupla;"Curva;Aclive";Não;1;0;1;0;0;0;1;1;-29,26029652;-51,5079366;SPRF-RS;DEL06-RS;UOP01-DEL06-RS
670183;28/03/2025;sexta-feira;17:20:00;RS;116;210;MORRO REUTER;Acesso irregular;Colisão transversal;Com Vítimas Feridas;Pleno dia;Crescente;Céu Claro;Simples;Curva;Não;2;0;0;1;1;0;1;2;-29,51242666;-51,09973842;SPRF-RS;DEL05-RS;UOP02-DEL05-RS
670205;28/03/2025;sexta-feira;22:15:00;RS;470;230,8;CARLOS BARBOSA;Velocidade Incompatível;Tombamento;Com Vítimas Feridas;Plena Noite;Decrescente;Céu Claro;Múltipla;"Curva;Aclive";Sim;2;0;1;1;0;0;2;1;-29,28449;-51,491772;SPRF-RS;DEL06-RS;UOP01-DEL06-RS
670275;29/03/2025;sábado;09:15:00;RS;470;210,2;BENTO GONCALVES;Reação tardia ou ineficiente do condutor;Colisão traseira;Com Vítimas Feridas;Pleno dia;Crescente;Céu Claro;Simples;"Declive;Reta;Em Obras";Não;4;0;1;0;3;0;1;2;-29,12672599;-51,5420723;SPRF-RS;DEL06-RS;UOP01-DEL06-RS
670507;30/03/2025;domingo;09:30:00;RS;116;98;SAO MARCOS;Ausência de reação do condutor;Tombamento;Com Vítimas Feridas;Pleno dia;Decrescente;Céu Claro;Simples;Reta;Não;2;0;1;0;0;1;1;2;-28,88527527;-51,14593863;SPRF-RS;DEL05-RS;UOP01-DEL05-RS
670629;30/03/2025;domingo;23:15:00;RS;116;147,3;CAXIAS DO SUL;Condutor desrespeitou a iluminação vermelha do semáforo;Colisão transversal;Com Vítimas Feridas;Plena Noite;Decrescente;Céu Claro;Dupla;"Retorno Regulamentado;Reta";Sim;3;0;1;0;2;0;1;2;-29,15081202;-51,14609957;SPRF-RS;DEL05-RS;UOP01-DEL05-RS
671117;02/04/2025;quarta-feira;16:00:00;RS;116;149,8;CAXIAS DO SUL;Trafegar com motocicleta (ou similar) entre as faixas;Atropelamento de Pedestre;Com Vítimas Feridas;Pleno dia;Crescente;Chuva;Dupla;Reta;Sim;3;0;0;1;2;0;1;2;-29,1673789;-51,15861582;SPRF-RS;DEL05-RS;UOP01-DEL05-RS
671605;04/04/2025;sexta-feira;18:03:00;RS;116;110;SAO MARCOS;Acessar a via sem observar a presença dos outros veículos;Colisão transversal;Com Vítimas Feridas;Anoitecer;Decrescente;Nublado;Simples;Reta;Não;2;0;1;0;1;0;1;2;-28,9367731;-51,0953931;SPRF-RS;DEL05-RS;UOP01-DEL05-RS
671671;05/04/2025;sábado;04:50:00;RS;470;226,6;GARIBALDI;Ingestão de álcool pelo condutor;Colisão com objeto;Sem Vítimas;Plena Noite;Decrescente;Céu Claro;Simples;Curva;Não;1;0;0;0;0;1;0;1;-29,25436727;-51,51142901;SPRF-RS;DEL06-RS;UOP01-DEL06-RS
671744;05/04/2025;sábado;10:00:00;RS;470;243;BARAO;Manobra de mudança de faixa;Colisão lateral mesmo sentido;Com Vítimas Feridas;Pleno dia;Crescente;Céu Claro;Simples;Reta;Não;2;0;1;0;1;0;1;2;-29,36384988;-51,51738167;SPRF-RS;DEL06-RS;UOP01-DEL06-RS
671892;06/04/2025;domingo;04:35:00;RS;116;150,8;CAXIAS DO SUL;Ingestão de álcool pelo condutor;Colisão com objeto;Sem Vítimas;Plena Noite;Decrescente;Céu Claro;Dupla;"Reta;Aclive";Sim;2;0;0;0;0;2;0;2;-29,173899;-51,160939;SPRF-RS;DEL05-RS;UOP01-DEL05-RS
672046;06/04/2025;domingo;21:30:00;RS;470;217;BENTO GONCALVES;Acessar a via sem observar a presença dos outros veículos;Colisão transversal;Com Vítimas Feridas;Plena Noite;Decrescente;Céu Claro;Dupla;Rotatória;Sim;3;0;1;0;2;0;1;2;-29,17506278;-51,52307684;SPRF-RS;DEL06-RS;UOP01-DEL06-RS
672153;07/04/2025;segunda-feira;10:50:00;RS;470;224;GARIBALDI;Acesso irregular;Colisão transversal;Sem Vítimas;Pleno dia;Decrescente;Nublado;Simples;Reta;Não;2;0;0;0;2;0;0;2;-29,25080599;-51,51377678;SPRF-RS;DEL06-RS;UOP01-DEL06-RS
672194;07/04/2025;segunda-feira;13:35:00;RS;116;143,2;CAXIAS DO SUL;Reação tardia ou ineficiente do condutor;Colisão frontal;Sem Vítimas;Pleno dia;Crescente;Chuva;Dupla;Curva;Sim;4;0;0;0;4;0;0;2;-29,12182;-51,122555;SPRF-RS;DEL05-RS;UOP01-DEL05-RS
672197;07/04/2025;segunda-feira;14:20:00;RS;470;217,3;BENTO GONCALVES;Chuva;Queda de ocupante de veículo;Com Vítimas Feridas;Pleno dia;Decrescente;Chuva;Simples;"Curva;Aclive";Sim;1;0;1;0;0;0;1;1;-29,17514196;-51,52278531;SPRF-RS;DEL06-RS;UOP01-DEL06-RS
672198;07/04/2025;segunda-feira;14:45:00;RS;470;218;BENTO GONCALVES;Velocidade Incompatível;Colisão frontal;Com Vítimas Feridas;Pleno dia;Crescente;Chuva;Simples;Curva;Não;3;0;1;0;2;0;1;2;-29,18696845;-51,5203839;SPRF-RS;DEL06-RS;UOP01-DEL06-RS
672349;28/03/2025;sexta-feira;07:00:00;RS;470;179;VERANOPOLIS;Velocidade Incompatível;Engavetamento;Com Vítimas Feridas;Pleno dia;Crescente;Céu Claro;Simples;Reta;Sim;4;0;0;1;3;0;1;4;-28,94926885;-51,55557448;SPRF-RS;DEL06-RS;UOP02-DEL06-RS
673103;12/04/2025;sábado;05:40:00;RS;116;143,1;CAXIAS DO SUL;Conversão proibida;Colisão lateral mesmo sentido;Com Vítimas Feridas;Amanhecer;Crescente;Céu Claro;Dupla;"Interseção de Vias;Reta";Sim;3;0;0;1;0;2;1;3;-29,12135225;-51,12240179;SPRF-RS;DEL05-RS;UOP01-DEL05-RS
673134;12/04/2025;sábado;08:30:00;RS;116;143,7;CAXIAS DO SUL;Reação tardia ou ineficiente do condutor;Colisão lateral mesmo sentido;Com Vítimas Feridas;Pleno dia;Decrescente;Céu Claro;Dupla;Curva;Sim;4;0;0;1;3;0;1;3;-29,12564556;-51,12740809;SPRF-RS;DEL05-RS;UOP01-DEL05-RS
673259;12/04/2025;sábado;20:00:00;RS;470;222,8;GARIBALDI;Ingestão de álcool pelo condutor;Saída de leito carroçável;Com Vítimas Feridas;Plena Noite;Decrescente;Céu Claro;Dupla;Reta;Não;1;0;1;0;0;0;1;1;-29,22043768;-51,51656524;SPRF-RS;DEL06-RS;UOP01-DEL06-RS
673401;13/04/2025;domingo;09:10:00;RS;116;142,1;CAXIAS DO SUL;Ingestão de álcool pelo condutor;Colisão transversal;Sem Vítimas;Pleno dia;Decrescente;Céu Claro;Dupla;Interseção de Vias;Sim;3;0;0;0;2;1;0;3;-29,1181995;-51,11629486;SPRF-RS;DEL05-RS;UOP01-DEL05-RS
673565;14/04/2025;segunda-feira;01:00:00;RS;116;150,2;CAXIAS DO SUL;Ingestão de álcool pelo condutor;Colisão transversal;Com Vítimas Feridas;Plena Noite;Decrescente;Garoa/Chuvisco;Dupla;Reta;Sim;2;0;1;0;1;0;1;2;-29,1499238;-51,1449627;SPRF-RS;DEL05-RS;UOP01-DEL05-RS
685369;16/04/2025;quarta-feira;12:15:00;RS;116;216;MORRO REUTER;Acessar a via sem observar a presença dos outros veículos;Colisão lateral mesmo sentido;Com Vítimas Feridas;Pleno dia;Crescente;Céu Claro;Simples;Interseção de Vias;Sim;3;0;0;1;2;0;1;2;-29,5384821;-51,07818092;SPRF-RS;DEL05-RS;UOP02-DEL05-RS
685660;12/04/2025;sábado;15:45:00;RS;116;212,2;MORRO REUTER;Condutor Dormindo;Saída de leito carroçável;Com Vítimas Feridas;Pleno dia;Decrescente;Céu Claro;Simples;Curva;Não;2;0;0;1;1;0;1;1;-29,52157627;-51,08579094;SPRF-RS;DEL05-RS;UOP02-DEL05-RS
685743;18/04/2025;sexta-feira;13:20:00;RS;470;200;BENTO GONCALVES;Reação tardia ou ineficiente do condutor;Saída de leito carroçável;Com Vítimas Feridas;Pleno dia;Crescente;Céu Claro;Simples;"Curva;Aclive";Não;1;0;0;1;0;0;1;1;-29,0746486;-51,5858433;SPRF-RS;DEL06-RS;UOP02-DEL06-RS
685775;18/04/2025;sexta-feira;15:50:00;RS;116;157;CAXIAS DO SUL;Reação tardia ou ineficiente do condutor;Colisão com objeto;Com Vítimas Feridas;Pleno dia;Decrescente;Céu Claro;Simples;Curva;Sim;2;0;2;0;0;0;2;1;-29,21554205;-51,17511922;SPRF-RS;DEL05-RS;UOP01-DEL05-RS
686192;20/04/2025;domingo;08:00:00;RS;116;134,1;CAXIAS DO SUL;Condutor Dormindo;Saída de leito carroçável;Sem Vítimas;Pleno dia;Decrescente;Céu Claro;Simples;Curva;Não;2;0;0;0;2;0;0;1;-29,06498516;-51,0982275;SPRF-RS;DEL05-RS;UOP01-DEL05-RS
686425;21/04/2025;segunda-feira;09:00:00;RS;116;128;SAO MARCOS;Reação tardia ou ineficiente do condutor;Saída de leito carroçável;Com Vítimas Feridas;Pleno dia;Decrescente;Céu Claro;Simples;"Curva;Aclive";Não;1;0;0;1;0;0;1;1;-29,03365873;-51,09912872;SPRF-RS;DEL05-RS;UOP01-DEL05-RS
686486;21/04/2025;segunda-feira;14:35:00;RS;470;237;CARLOS BARBOSA;Ausência de reação do condutor;Capotamento;Com Vítimas Feridas;Pleno dia;Decrescente;Céu Claro;Simples;"Declive;Curva";Não;3;0;2;0;1;0;2;1;-29,35038437;-51,5132618;SPRF-RS;DEL06-RS;UOP01-DEL06-RS
686740;22/04/2025;terça-feira;16:55:00;RS;470;220,8;GARIBALDI;Desrespeitar a preferência no cruzamento;Colisão transversal;Sem Vítimas;Pleno dia;Crescente;Céu Claro;Simples;"Interseção de Vias;Reta;Declive";Não;4;0;0;0;4;0;0;2;-29,20318998;-51,51804006;SPRF-RS;DEL06-RS;UOP01-DEL06-RS
687140;24/04/2025;quinta-feira;22:30:00;RS;116;149,1;CAXIAS DO SUL;Condutor deixou de manter distância do veículo da frente;Colisão traseira;Sem Vítimas;Plena Noite;Decrescente;Nublado;Dupla;Reta;Sim;2;0;0;0;2;0;0;2;-29,16207269;-51,15676871;SPRF-RS;DEL05-RS;UOP01-DEL05-RS
687488;26/04/2025;sábado;16:30:00;RS;116;142;CAXIAS DO SUL;Transitar na contramão;Colisão transversal;Com Vítimas Feridas;Pleno dia;Crescente;Céu Claro;Dupla;"Reta;Interseção de Vias";Sim;3;0;1;1;1;0;2;2;-29,11861191;-51,11665964;SPRF-RS;DEL05-RS;UOP01-DEL05-RS
688715;02/05/2025;sexta-feira;18:50:00;RS;470;217;BENTO GONCALVES;Desrespeitar a preferência no cruzamento;Colisão transversal;Sem Vítimas;Plena Noite;Decrescente;Céu Claro;Dupla;"Reta;Retorno Regulamentado;Aclive;Rotatória";Sim;2;0;0;0;2;0;0;2;-29,1700736;-51,5211264;SPRF-RS;DEL06-RS;UOP01-DEL06-RS
688907;03/05/2025;sábado;16:30:00;RS;470;243,4;BARAO;Ingestão de álcool pelo condutor;Saída de leito carroçável;Com Vítimas Feridas;Pleno dia;Decrescente;Céu Claro;Simples;Reta;Não;2;0;1;0;0;1;1;1;-29,365583;-51,514794;SPRF-RS;DEL06-RS;UOP01-DEL06-RS
689134;04/05/2025;domingo;03:30:00;RS;0;0;CARLOS BARBOSA;Problema com o freio;Colisão com objeto;Sem Vítimas;Plena Noite;Não Informado;Ignorado;Simples;Declive;Não;1;0;0;0;1;0;0;1;-29,31416126;-51,46400034;SPRF-RS;DEL06-RS;UOP01-DEL06-RS
689251;05/05/2025;segunda-feira;10:17:00;RS;470;154;NOVA PRATA;Suicídio (presumido);Colisão frontal;Com Vítimas Fatais;Pleno dia;Decrescente;Céu Claro;Simples;Reta;Não;3;1;0;1;1;0;1;3;-28,76358166;-51,62550906;SPRF-RS;DEL06-RS;UOP02-DEL06-RS
689709;07/05/2025;quarta-feira;18:20:00;RS;470;200,4;BENTO GONCALVES;Conversão proibida;Colisão transversal;Com Vítimas Feridas;Anoitecer;Crescente;Céu Claro;Simples;Interseção de Vias;Não;2;0;2;0;0;0;2;2;-29,07339153;-51,58632366;SPRF-RS;DEL06-RS;UOP02-DEL06-RS
690006;09/05/2025;sexta-feira;11:50:00;RS;116;151,4;CAXIAS DO SUL;Ausência de reação do condutor;Colisão lateral mesmo sentido;Com Vítimas Feridas;Pleno dia;Crescente;Chuva;Dupla;Curva;Sim;2;0;1;0;1;0;1;2;-29,18078;-51,165398;SPRF-RS;DEL05-RS;UOP01-DEL05-RS
690193;10/05/2025;sábado;02:30:00;RS;116;151;CAXIAS DO SUL;Ausência de reação do condutor;Colisão com objeto;Com Vítimas Feridas;Plena Noite;Crescente;Garoa/Chuvisco;Dupla;Curva;Sim;2;0;1;0;0;1;1;2;-29,1545995;-51,1480951;SPRF-RS;DEL05-RS;UOP01-DEL05-RS
690203;10/05/2025;sábado;03:45:00;RS;116;159,5;CAXIAS DO SUL;Condutor Dormindo;Colisão com objeto;Com Vítimas Feridas;Plena Noite;Decrescente;Garoa/Chuvisco;Simples;Reta;Sim;1;0;0;1;0;0;1;1;-29,226703;-51,159564;SPRF-RS;DEL05-RS;UOP01-DEL05-RS
690226;10/05/2025;sábado;07:15:00;RS;116;128,6;SAO MARCOS;Reação tardia ou ineficiente do condutor;Colisão com objeto;Com Vítimas Feridas;Pleno dia;Crescente;Céu Claro;Simples;"Declive;Curva";Não;2;0;2;0;0;0;2;1;-29,037241;-51,10348;SPRF-RS;DEL05-RS;UOP01-DEL05-RS
690295;10/05/2025;sábado;12:05:00;RS;470;216;BENTO GONCALVES;Acessar a via sem observar a presença dos outros veículos;Colisão transversal;Com Vítimas Feridas;Pleno dia;Crescente;Céu Claro;Simples;Reta;Sim;3;0;1;0;2;0;1;2;-29,17128327;-51,52441978;SPRF-RS;DEL06-RS;UOP01-DEL06-RS
690339;10/05/2025;sábado;16:30:00;RS;116;217;MORRO REUTER;Reação tardia ou ineficiente do condutor;Colisão traseira;Com Vítimas Feridas;Pleno dia;Crescente;Céu Claro;Simples;"Reta;Interseção de Vias";Sim;3;0;2;0;1;0;2;2;-29,54228121;-51,08194683;SPRF-RS;DEL05-RS;UOP02-DEL05-RS
690389;26/04/2025;sábado;16:15:00;RS;116;146;CAXIAS DO SUL;Reação tardia ou ineficiente do condutor;Atropelamento de Pedestre;Com Vítimas Feridas;Pleno dia;Crescente;Nublado;Dupla;Reta;Sim;2;0;1;0;1;0;1;2;-29,14663954;-51,14082668;SPRF-RS;DEL05-RS;UOP01-DEL05-RS
690528;11/05/2025;domingo;09:50:00;RS;116;156,9;CAXIAS DO SUL;Transitar na contramão;Colisão frontal;Com Vítimas Feridas;Pleno dia;Crescente;Céu Claro;Simples;Curva;Sim;5;0;3;0;1;1;3;2;-29,21009205;-51,17755501;SPRF-RS;DEL05-RS;UOP01-DEL05-RS
691340;15/05/2025;quinta-feira;04:50:00;RS;116;155;CAXIAS DO SUL;Condutor Dormindo;Saída de leito carroçável;Com Vítimas Feridas;Amanhecer;Decrescente;Céu Claro;Simples;"Curva;Aclive";Sim;1;0;1;0;0;0;1;1;-29,20483833;-51,177066;SPRF-RS;DEL05-RS;UOP01-DEL05-RS
691665;16/05/2025;sexta-feira;17:05:00;RS;116;146;CAXIAS DO SUL;Reação tardia ou ineficiente do condutor;Colisão traseira;Sem Vítimas;Pleno dia;Crescente;Céu Claro;Dupla;"Reta;Interseção de Vias";Sim;2;0;0;0;2;0;0;2;-29,14256103;-51,13690345;SPRF-RS;DEL05-RS;UOP01-DEL05-RS
692075;18/05/2025;domingo;09:30:00;RS;116;210,9;MORRO REUTER;Reação tardia ou ineficiente do condutor;Colisão frontal;Com Vítimas Feridas;Pleno dia;Crescente;Céu Claro;Simples;Curva;Sim;4;0;2;1;1;0;3;2;-29,5112536;-51,0987123;SPRF-RS;DEL05-RS;UOP02-DEL05-RS
692077;18/05/2025;domingo;11:05:00;RS;116;215,2;MORRO REUTER;Conversão proibida;Colisão transversal;Com Vítimas Feridas;Pleno dia;Crescente;Sol;Simples;Curva;Não;3;0;1;1;1;0;2;2;-29,53416541;-51,08655453;SPRF-RS;DEL05-RS;UOP02-DEL05-RS
692154;18/05/2025;domingo;18:50:00;RS;470;210;BENTO GONCALVES;Transitar na contramão;Colisão lateral sentido oposto;Com Vítimas Feridas;Plena Noite;Crescente;Chuva;Simples;Curva;Não;8;0;2;0;6;0;2;4;-29,1768662;-51,5209901;SPRF-RS;DEL06-RS;UOP01-DEL06-RS
692679;21/05/2025;quarta-feira;07:50:00;RS;116;147;CAXIAS DO SUL;Manobra de mudança de faixa;Colisão lateral mesmo sentido;Com Vítimas Feridas;Pleno dia;Crescente;Garoa/Chuvisco;Dupla;"Reta;Declive";Sim;2;0;1;0;1;0;1;2;-29,14906301;-51,14323676;SPRF-RS;DEL05-RS;UOP01-DEL05-RS
692698;21/05/2025;quarta-feira;09:20:00;RS;470;168;VILA FLORES;Acessar a via sem observar a presença dos outros veículos;Colisão transversal;Com Vítimas Feridas;Pleno dia;Crescente;Nublado;Simples;"Reta;Retorno Regulamentado";Sim;3;0;3;0;0;0;3;2;-28,871156;-51,550761;SPRF-RS;DEL06-RS;UOP02-DEL06-RS
693067;22/05/2025;quinta-feira;23:30:00;RS;116;144;CAXIAS DO SUL;Pedestre - Ingestão de álcool/ substâncias psicoativas;Atropelamento de Pedestre;Com Vítimas Feridas;Plena Noite;Crescente;Céu Claro;Dupla;Reta;Não;3;0;1;0;1;1;1;2;-29,13297013;-51,1289978;SPRF-RS;DEL05-RS;UOP01-DEL05-RS
693078;23/05/2025;sexta-feira;02:50:00;RS;116;150,2;CAXIAS DO SUL;Condutor desrespeitou a iluminação vermelha do semáforo;Colisão transversal;Com Vítimas Feridas;Plena Noite;Crescente;Céu Claro;Múltipla;"Reta;Interseção de Vias";Sim;3;0;3;0;0;0;3;2;-29,17118447;-51,15980951;SPRF-RS;DEL05-RS;UOP01-DEL05-RS
693280;23/05/2025;sexta-feira;14:00:00;RS;470;159;NOVA PRATA;Acessar a via sem observar a presença dos outros veículos;Colisão transversal;Com Vítimas Feridas;Pleno dia;Crescente;Céu Claro;Simples;"Retorno Regulamentado;Reta";Sim;3;0;1;0;2;0;1;2;-28,80205394;-51,60994403;SPRF-RS;DEL06-RS;UOP02-DEL06-RS
693349;24/05/2025;sábado;05:00:00;RS;470;152;NOVA PRATA;Ingestão de álcool pelo condutor;Capotamento;Com Vítimas Feridas;Plena Noite;Crescente;Céu Claro;Simples;Reta;Sim;1;0;1;0;0;0;1;1;-28,75626003;-51,628232;SPRF-RS;DEL06-RS;UOP02-DEL06-RS
693396;24/05/2025;sábado;09:50:00;RS;470;238;CARLOS BARBOSA;Velocidade Incompatível;Queda de ocupante de veículo;Com Vítimas Feridas;Pleno dia;Decrescente;Nublado;Simples;"Curva;Aclive";Não;1;0;1;0;0;0;1;1;-29,330676;-51,498622;SPRF-RS;DEL06-RS;UOP01-DEL06-RS
693435;24/05/2025;sábado;14:50:00;RS;470;211;BENTO GONCALVES;Ausência de reação do condutor;Saída de leito carroçável;Com Vítimas Feridas;Pleno dia;Decrescente;Chuva;Simples;"Declive;Curva";Não;2;0;1;0;1;0;1;1;-29,13198099;-51,54497473;SPRF-RS;DEL06-RS;UOP01-DEL06-RS
693470;24/05/2025;sábado;12:00:00;RS;116;212,5;MORRO REUTER;Acumulo de óleo sobre o pavimento;Tombamento;Com Vítimas Feridas;Pleno dia;Crescente;Céu Claro;Simples;Curva;Não;3;0;2;1;0;0;3;2;-29,5185378;-51,09497882;SPRF-RS;DEL05-RS;UOP02-DEL05-RS
693507;24/05/2025;sábado;22:00:00;RS;470;218;BENTO GONCALVES;Ingestão de álcool pelo condutor;Colisão traseira;Com Vítimas Feridas;Plena Noite;Crescente;Chuva;Simples;"Reta;Declive;Interseção de Vias";Sim;6;0;4;0;2;0;4;3;-29,18245345;-51,52025181;SPRF-RS;DEL06-RS;UOP01-DEL06-RS
693509;24/05/2025;sábado;22:30:00;RS;470;221;GARIBALDI;Ingestão de álcool pelo condutor;Saída de leito carroçável;Sem Vítimas;Plena Noite;Crescente;Chuva;Simples;Interseção de Vias;Sim;1;0;0;0;1;0;0;1;-29,2127842;-51,5189787;SPRF-RS;DEL06-RS;UOP01-DEL06-RS
693714;25/05/2025;domingo;20:15:00;RS;470;177,5;VERANOPOLIS;Conversão proibida;Colisão transversal;Com Vítimas Feridas;Plena Noite;Decrescente;Garoa/Chuvisco;Simples;"Interseção de Vias;Reta";Sim;4;0;2;0;2;0;2;2;-28,94086038;-51,54800755;SPRF-RS;DEL06-RS;UOP02-DEL06-RS
693933;26/05/2025;segunda-feira;18:00:00;RS;116;114,2;SAO MARCOS;Condutor deixou de manter distância do veículo da frente;Engavetamento;Com Vítimas Feridas;Anoitecer;Crescente;Chuva;Simples;Reta;Sim;5;0;0;2;3;0;2;4;-28,96306789;-51,07700628;SPRF-RS;DEL05-RS;UOP01-DEL05-RS
693959;26/05/2025;segunda-feira;21:40:00;RS;470;217;BENTO GONCALVES;Ausência de reação do condutor;Saída de leito carroçável;Com Vítimas Feridas;Plena Noite;Crescente;Garoa/Chuvisco;Dupla;"Curva;Interseção de Vias";Sim;1;0;1;0;0;0;1;1;-29,17461313;-51,52426807;SPRF-RS;DEL06-RS;UOP01-DEL06-RS
694095;27/05/2025;terça-feira;17:50:00;RS;116;148,5;CAXIAS DO SUL;Trafegar com motocicleta (ou similar) entre as faixas;Atropelamento de Pedestre;Com Vítimas Feridas;Plena Noite;Crescente;Chuva;Dupla;"Reta;Aclive";Sim;4;0;0;1;3;0;1;4;-29,158111;-51,153265;SPRF-RS;DEL05-RS;UOP01-DEL05-RS
694122;27/05/2025;terça-feira;19:20:00;RS;116;159,6;CAXIAS DO SUL;Reação tardia ou ineficiente do condutor;Colisão com objeto;Sem Vítimas;Plena Noite;Crescente;Chuva;Simples;Reta;Sim;3;0;0;0;3;0;0;3;-29,229609;-51,159127;SPRF-RS;DEL05-RS;UOP01-DEL05-RS
694123;27/05/2025;terça-feira;18:30:00;RS;116;159,4;CAXIAS DO SUL;Ausência de reação do condutor;Saída de leito carroçável;Com Vítimas Feridas;Plena Noite;Decrescente;Chuva;Simples;Reta;Não;2;0;2;0;0;0;2;1;-29,22757925;-51,15900105;SPRF-RS;DEL05-RS;UOP01-DEL05-RS
694285;28/05/2025;quarta-feira;15:43:00;RS;116;149,1;CAXIAS DO SUL;Deficiência do Sistema de Iluminação/Sinalização;Atropelamento de Pedestre;Com Vítimas Feridas;Pleno dia;Crescente;Chuva;Dupla;"Reta;Retorno Regulamentado";Sim;2;0;1;0;1;0;1;2;-29,16206893;-51,15714876;SPRF-RS;DEL05-RS;UOP01-DEL05-RS
694313;28/05/2025;quarta-feira;18:20:00;RS;470;217;BENTO GONCALVES;Acessar a via sem observar a presença dos outros veículos;Colisão transversal;Com Vítimas Feridas;Plena Noite;Crescente;Chuva;Dupla;Rotatória;Sim;2;0;1;0;1;0;1;2;-29,17503467;-51,52310936;SPRF-RS;DEL06-RS;UOP01-DEL06-RS
694336;28/05/2025;quarta-feira;19:30:00;RS;470;159,5;NOVA PRATA;Desrespeitar a preferência no cruzamento;Colisão transversal;Com Vítimas Feridas;Plena Noite;Crescente;Chuva;Simples;"Interseção de Vias;Reta";Sim;3;0;1;1;1;0;2;2;-28,80795715;-51,60359784;SPRF-RS;DEL06-RS;UOP02-DEL06-RS
694499;29/05/2025;quinta-feira;18:20:00;RS;470;176;VERANOPOLIS;Desrespeitar a preferência no cruzamento;Colisão transversal;Com Vítimas Feridas;Anoitecer;Decrescente;Nublado;Simples;"Reta;Aclive;Interseção de Vias";Sim;3;0;1;0;2;0;1;2;-28,93896004;-51,54514639;SPRF-RS;DEL06-RS;UOP02-DEL06-RS
694583;30/05/2025;sexta-feira;07:48:00;RS;116;147;CAXIAS DO SUL;Ausência de reação do condutor;Colisão traseira;Com Vítimas Feridas;Pleno dia;Crescente;Céu Claro;Dupla;Reta;Não;2;0;1;0;1;0;1;2;-29,1504497;-51,1461112;SPRF-RS;DEL05-RS;UOP01-DEL05-RS
694659;30/05/2025;sexta-feira;14:40:00;RS;116;149;CAXIAS DO SUL;Pedestre cruzava a pista fora da faixa;Atropelamento de Pedestre;Com Vítimas Feridas;Pleno dia;Crescente;Céu Claro;Dupla;Reta;Sim;2;0;1;0;1;0;1;2;-29,16127258;-51,15703074;SPRF-RS;DEL05-RS;UOP01-DEL05-RS
694754;30/05/2025;sexta-feira;19:55:00;RS;470;246,7;BARAO;Reação tardia ou ineficiente do condutor;Tombamento;Com Vítimas Feridas;Plena Noite;Decrescente;Céu Claro;Simples;Curva;Não;2;0;2;0;0;0;2;1;-29,38760144;-51,49537532;SPRF-RS;DEL06-RS;UOP01-DEL06-RS
695041;01/06/2025;domingo;00:50:00;RS;470;210,9;BENTO GONCALVES;Ausência de reação do condutor;Tombamento;Com Vítimas Feridas;Plena Noite;Decrescente;Nublado;Simples;Reta;Não;3;0;2;0;1;0;2;1;-29,17687;-51,52092;SPRF-RS;DEL06-RS;UOP01-DEL06-RS
695218;01/06/2025;domingo;14:50:00;RS;470;245,7;BARAO;Ausência de reação do condutor;Saída de leito carroçável;Com Vítimas Feridas;Pleno dia;Decrescente;Céu Claro;Simples;Reta;Sim;1;0;1;0;0;0;1;1;-29,38358322;-51,49214141;SPRF-RS;DEL06-RS;UOP01-DEL06-RS
695261;01/06/2025;domingo;22:50:00;RS;470;174,7;VERANOPOLIS;Ingestão de álcool pelo condutor;Colisão frontal;Com Vítimas Feridas;Plena Noite;Decrescente;Nublado;Simples;Reta;Sim;2;0;1;1;0;0;2;2;-28,91747792;-51,53914972;SPRF-RS;DEL06-RS;UOP02-DEL06-RS
695356;02/06/2025;segunda-feira;11:59:00;RS;470;155;NOVA PRATA;Acessar a via sem observar a presença dos outros veículos;Colisão transversal;Com Vítimas Feridas;Pleno dia;Decrescente;Céu Claro;Simples;Reta;Sim;2;0;1;0;1;0;1;2;-28,76358166;-51,62550906;SPRF-RS;DEL06-RS;UOP02-DEL06-RS
695568;03/06/2025;terça-feira;14:00:00;RS;470;216,8;BENTO GONCALVES;Condutor deixou de manter distância do veículo da frente;Colisão traseira;Sem Vítimas;Pleno dia;Crescente;Garoa/Chuvisco;Dupla;Interseção de Vias;Sim;4;0;0;0;4;0;0;2;-29,17188707;-51,52422516;SPRF-RS;DEL06-RS;UOP01-DEL06-RS
695713;04/06/2025;quarta-feira;06:50:00;RS;470;239,5;CARLOS BARBOSA;Acessar a via sem observar a presença dos outros veículos;Colisão transversal;Com Vítimas Feridas;Amanhecer;Decrescente;Garoa/Chuvisco;Simples;"Interseção de Vias;Curva";Não;2;0;1;0;1;0;1;2;-29,34542275;-51,50862543;SPRF-RS;DEL06-RS;UOP01-DEL06-RS
695866;04/06/2025;quarta-feira;17:55:00;RS;470;221,9;GARIBALDI;Reação tardia ou ineficiente do condutor;Colisão traseira;Com Vítimas Feridas;Anoitecer;Decrescente;Céu Claro;Simples;Reta;Não;2;0;0;1;1;0;1;2;-29,21386076;-51,51785072;SPRF-RS;DEL06-RS;UOP01-DEL06-RS
696078;05/06/2025;quinta-feira;18:15:00;RS;470;213,5;BENTO GONCALVES;Retorno proibido;Colisão transversal;Com Vítimas Feridas;Plena Noite;Crescente;Nublado;Simples;Reta;Sim;3;0;1;0;2;0;1;2;-29,14812194;-51,53128322;SPRF-RS;DEL06-RS;UOP01-DEL06-RS
696296;06/06/2025;sexta-feira;18:20:00;RS;470;213;BENTO GONCALVES;Ingestão de álcool pelo condutor;Colisão transversal;Com Vítimas Feridas;Anoitecer;Decrescente;Nublado;Simples;"Curva;Aclive;Interseção de Vias";Não;2;0;1;0;1;0;1;2;-29,14490367;-51,53367726;SPRF-RS;DEL06-RS;UOP01-DEL06-RS
696377;06/06/2025;sexta-feira;22:50:00;RS;116;154,9;CAXIAS DO SUL;Ingestão de álcool pelo condutor;Colisão com objeto;Com Vítimas Feridas;Plena Noite;Decrescente;Céu Claro;Simples;Reta;Sim;2;0;1;0;1;0;1;1;-29,212678;-51,177691;SPRF-RS;DEL05-RS;UOP01-DEL05-RS
696567;07/06/2025;sábado;18:10:00;RS;470;224;BENTO GONCALVES;Frear bruscamente;Colisão traseira;Com Vítimas Feridas;Plena Noite;Decrescente;Nublado;Simples;"Reta;Declive";Sim;6;0;1;0;5;0;1;3;-29,1768456;-51,5209577;SPRF-RS;DEL06-RS;UOP01-DEL06-RS
697000;09/06/2025;segunda-feira;12:45:00;RS;116;153,3;CAXIAS DO SUL;Conversão proibida;Colisão transversal;Com Vítimas Feridas;Pleno dia;Decrescente;Nublado;Dupla;"Declive;Reta";Sim;2;0;0;1;1;0;1;2;-29,188379;-51,180905;SPRF-RS;DEL05-RS;UOP01-DEL05-RS
697007;09/06/2025;segunda-feira;13:00:00;RS;470;180,4;VERANOPOLIS;Desrespeitar a preferência no cruzamento;Colisão transversal;Sem Vítimas;Pleno dia;Crescente;Céu Claro;Simples;"Retorno Regulamentado;Reta";Sim;3;0;0;0;3;0;0;2;-28,95997604;-51,56391263;SPRF-RS;DEL06-RS;UOP02-DEL06-RS
697025;09/06/2025;segunda-feira;14:15:00;RS;470;221;GARIBALDI;Condutor deixou de manter distância do veículo da frente;Colisão lateral mesmo sentido;Com Vítimas Feridas;Pleno dia;Decrescente;Céu Claro;Simples;Rotatória;Sim;2;0;1;0;0;1;1;2;-29,20839706;-51,51773421;SPRF-RS;DEL06-RS;UOP01-DEL06-RS
697170;10/06/2025;terça-feira;07:10:00;RS;470;242;BARAO;Acessar a via sem observar a presença dos outros veículos;Colisão transversal;Com Vítimas Feridas;Amanhecer;Crescente;Nevoeiro/Neblina;Simples;Curva;Sim;2;0;1;0;1;0;1;2;-29,36630646;-51,51299818;SPRF-RS;DEL06-RS;UOP01-DEL06-RS
697460;11/06/2025;quarta-feira;15:20:00;RS;116;144,3;CAXIAS DO SUL;Ultrapassagem Indevida;Colisão lateral mesmo sentido;Com Vítimas Feridas;Pleno dia;Decrescente;Céu Claro;Dupla;"Reta;Interseção de Vias;Viaduto";Sim;2;0;0;1;1;0;1;2;-29,13322316;-51,12950206;SPRF-RS;DEL05-RS;UOP01-DEL05-RS
697501;11/06/2025;quarta-feira;18:00:00;RS;116;113;SAO MARCOS;Condutor deixou de manter distância do veículo da frente;Colisão traseira;Com Vítimas Feridas;Anoitecer;Crescente;Céu Claro;Simples;Reta;Não;2;0;1;0;1;0;1;2;-28,96184321;-51,07856926;SPRF-RS;DEL05-RS;UOP01-DEL05-RS
697877;13/06/2025;sexta-feira;10:50:00;RS;470;241,5;BARAO;Reação tardia ou ineficiente do condutor;Saída de leito carroçável;Com Vítimas Feridas;Pleno dia;Crescente;Céu Claro;Simples;"Declive;Curva";Não;1;0;0;1;0;0;1;1;-29,35556331;-51,51883475;SPRF-RS;DEL06-RS;UOP01-DEL06-RS
697990;13/06/2025;sexta-feira;21:40:00;RS;116;153,9;CAXIAS DO SUL;Conversão proibida;Colisão frontal;Com Vítimas Feridas;Plena Noite;Decrescente;Céu Claro;Simples;Interseção de Vias;Não;2;0;0;1;1;0;1;2;-29,1499459;-51,1449909;SPRF-RS;DEL05-RS;UOP01-DEL05-RS
698074;13/06/2025;sexta-feira;19:40:00;RS;470;241;BARAO;Reação tardia ou ineficiente do condutor;Atropelamento de Pedestre;Sem Vítimas;Plena Noite;Decrescente;Céu Claro;Simples;Curva;Não;2;0;0;0;1;1;0;2;-29,3541935;-51,5142626;SPRF-RS;DEL06-RS;UOP01-DEL06-RS
698796;17/06/2025;terça-feira;18:50:00;RS;116;149;CAXIAS DO SUL;Reação tardia ou ineficiente do condutor;Atropelamento de Pedestre;Com Vítimas Feridas;Plena Noite;Crescente;Chuva;Dupla;Reta;Não;2;0;2;0;0;0;2;2;-29,16132279;-51,156758;SPRF-RS;DEL05-RS;UOP01-DEL05-RS
699011;18/06/2025;quarta-feira;19:30:00;RS;116;151;CAXIAS DO SUL;Ausência de reação do condutor;Atropelamento de Pedestre;Com Vítimas Feridas;Anoitecer;Crescente;Chuva;Dupla;Reta;Sim;2;0;1;0;1;0;1;2;-29,17713;-51,162098;SPRF-RS;DEL05-RS;UOP01-DEL05-RS
699068;18/06/2025;quarta-feira;23:30:00;RS;470;154;NOVA PRATA;Ingestão de álcool pelo condutor;Colisão frontal;Com Vítimas Feridas;Plena Noite;Crescente;Chuva;Simples;"Declive;Rotatória";Sim;3;0;2;1;0;0;3;2;-28,77010993;-51,619418;SPRF-RS;DEL06-RS;UOP02-DEL06-RS
699274;19/06/2025;quinta-feira;23:10:00;RS;470;210,9;BENTO GONCALVES;Reação tardia ou ineficiente do condutor;Saída de leito carroçável;Sem Vítimas;Plena Noite;Decrescente;Garoa/Chuvisco;Simples;"Declive;Curva";Não;1;0;0;0;1;0;0;1;-29,13628248;-51,54476015;SPRF-RS;DEL06-RS;UOP01-DEL06-RS
699855;22/06/2025;domingo;19:50:00;RS;116;153;CAXIAS DO SUL;Ingestão de álcool pelo condutor;Colisão lateral sentido oposto;Sem Vítimas;Plena Noite;Decrescente;Chuva;Simples;Curva;Sim;3;0;0;0;3;0;0;3;-29,1873228;-51,17938895;SPRF-RS;DEL05-RS;UOP01-DEL05-RS
699986;23/06/2025;segunda-feira;11:40:00;RS;116;151,7;CAXIAS DO SUL;Ausência de reação do condutor;Tombamento;Com Vítimas Feridas;Pleno dia;Crescente;Sol;Dupla;Curva;Sim;1;0;1;0;0;0;1;1;-29,18266902;-51,16780869;SPRF-RS;DEL05-RS;UOP01-DEL05-RS
700158;24/06/2025;terça-feira;08:10:00;RS;470;217;BENTO GONCALVES;Reação tardia ou ineficiente do condutor;Queda de ocupante de veículo;Com Vítimas Feridas;Pleno dia;Crescente;Céu Claro;Simples;Rotatória;Sim;1;0;1;0;0;0;1;1;-29,1758239;-51,52202575;SPRF-RS;DEL06-RS;UOP01-DEL06-RS
700192;24/06/2025;terça-feira;06:50:00;RS;470;165,9;VILA FLORES;Pista Escorregadia;Saída de leito carroçável;Com Vítimas Feridas;Amanhecer;Crescente;Céu Claro;Simples;Curva;Não;1;0;1;0;0;0;1;1;-28,84640285;-51,57304287;SPRF-RS;DEL06-RS;UOP02-DEL06-RS
700314;24/06/2025;terça-feira;02:50:00;RS;448;3;SAO MARCOS;Ingestão de álcool pelo condutor;Colisão com objeto;Com Vítimas Feridas;Plena Noite;Crescente;Céu Claro;Dupla;Reta;Sim;1;0;1;0;0;0;1;1;-29;-51;SPRF-RS;DEL01-RS;UOP02-DEL01-RS
700432;25/06/2025;quarta-feira;14:00:00;RS;116;151,6;CAXIAS DO SUL;Problema com o freio;Colisão traseira;Com Vítimas Feridas;Pleno dia;Crescente;Céu Claro;Dupla;"Interseção de Vias;Declive;Reta";Sim;2;0;1;0;1;0;1;2;-29,18189778;-51,16625595;SPRF-RS;DEL05-RS;UOP01-DEL05-RS
700566;26/06/2025;quinta-feira;06:45:00;RS;116;152;CAXIAS DO SUL;Transitar na contramão;Colisão frontal;Com Vítimas Feridas;Amanhecer;Crescente;Garoa/Chuvisco;Dupla;Curva;Sim;4;0;3;0;1;0;3;2;-29,1831616;-51,1694338;SPRF-RS;DEL05-RS;UOP01-DEL05-RS
700739;26/06/2025;quinta-feira;21:15:00;RS;116;153,5;CAXIAS DO SUL;Desrespeitar a preferência no cruzamento;Colisão transversal;Sem Vítimas;Plena Noite;Crescente;Garoa/Chuvisco;Múltipla;"Interseção de Vias;Rotatória";Sim;2;0;0;0;2;0;0;2;-29,18819407;-51,18284602;SPRF-RS;DEL05-RS;UOP01-DEL05-RS
700775;27/06/2025;sexta-feira;04:30:00;RS;116;159,3;CAXIAS DO SUL;Reação tardia ou ineficiente do condutor;Colisão com objeto;Com Vítimas Feridas;Plena Noite;Decrescente;Nevoeiro/Neblina;Simples;"Em Obras;Reta";Sim;1;0;1;0;0;0;1;1;-29,226063;-51,159881;SPRF-RS;DEL05-RS;UOP01-DEL05-RS
700907;27/06/2025;sexta-feira;17:15:00;RS;116;150,2;CAXIAS DO SUL;Condutor deixou de manter distância do veículo da frente;Colisão traseira;Com Vítimas Feridas;Anoitecer;Decrescente;Céu Claro;Dupla;Reta;Sim;5;0;2;0;3;0;2;3;-29,17104585;-51,15987388;SPRF-RS;DEL05-RS;UOP01-DEL05-RS
701088;28/06/2025;sábado;04:00:00;RS;116;164;CAXIAS DO SUL;Reação tardia ou ineficiente do condutor;Saída de leito carroçável;Sem Vítimas;Plena Noite;Crescente;Garoa/Chuvisco;Simples;Curva;Não;1;0;0;0;1;0;0;1;-29,26077124;-51,15765318;SPRF-RS;DEL05-RS;UOP02-DEL05-RS
701181;28/06/2025;sábado;20:30:00;RS;470;219;BENTO GONCALVES;Acumulo de água sobre o pavimento;Saída de leito carroçável;Com Vítimas Feridas;Plena Noite;Decrescente;Chuva;Dupla;"Curva;Aclive";Sim;1;0;1;0;0;0;1;1;-29,18887103;-51,52161789;SPRF-RS;DEL06-RS;UOP01-DEL06-RS
701265;29/06/2025;domingo;02:00:00;RS;116;149;CAXIAS DO SUL;Condutor desrespeitou a iluminação vermelha do semáforo;Colisão transversal;Com Vítimas Feridas;Plena Noite;Decrescente;Garoa/Chuvisco;Dupla;Interseção de Vias;Sim;3;0;1;0;2;0;1;2;-29,16091655;-51,15662305;SPRF-RS;DEL05-RS;UOP01-DEL05-RS
701556;30/06/2025;segunda-feira;12:30:00;RS;290;74,8;SAO MARCOS;Ausência de reação do condutor;Colisão lateral mesmo sentido;Com Vítimas Feridas;Pleno dia;Decrescente;Céu Claro;Múltipla;Reta;Não;2;0;1;0;1;0;1;2;-29;-51;SPRF-RS;DEL01-RS;UOP01-DEL01-RS
701903;02/07/2025;quarta-feira;06:45:00;RS;116;152;CAXIAS DO SUL;Demais Fenômenos da natureza;Queda de ocupante de veículo;Com Vítimas Feridas;Amanhecer;Decrescente;Céu Claro;Dupla;Reta;Não;1;0;1;0;0;0;1;1;-29,18548182;-51,17375558;SPRF-RS;DEL05-RS;UOP01-DEL05-RS
701987;18/06/2025;quarta-feira;21:15:00;RS;470;231;CARLOS BARBOSA;Reação tardia ou ineficiente do condutor;Saída de leito carroçável;Com Vítimas Feridas;Plena Noite;Crescente;Chuva;Simples;Curva;Não;3;0;1;0;2;0;1;1;-29,29669166;-51,48463726;SPRF-RS;DEL06-RS;UOP01-DEL06-RS
702169;03/07/2025;quinta-feira;13:00:00;RS;116;145;CAXIAS DO SUL;Manobra de mudança de faixa;Queda de ocupante de veículo;Com Vítimas Feridas;Pleno dia;Crescente;Céu Claro;Dupla;Reta;Sim;3;0;1;0;1;1;1;3;-29,1395217;-51,1338217;SPRF-RS;DEL05-RS;UOP01-DEL05-RS
702254;03/07/2025;quinta-feira;17:50:00;RS;116;215,4;MORRO REUTER;Desrespeitar a preferência no cruzamento;Colisão transversal;Com Vítimas Feridas;Anoitecer;Decrescente;Céu Claro;Simples;Curva;Sim;3;0;0;1;1;1;1;3;-29,54182618;-51,0795149;SPRF-RS;DEL05-RS;UOP02-DEL05-RS
702617;05/07/2025;sábado;07:50:00;RS;116;155,7;CAXIAS DO SUL;Ausência de reação do condutor;Saída de leito carroçável;Com Vítimas Feridas;Pleno dia;Decrescente;Céu Claro;Simples;Reta;Sim;1;0;1;0;0;0;1;1;-29,20156999;-51,17668597;SPRF-RS;DEL05-RS;UOP01-DEL05-RS
703230;07/07/2025;segunda-feira;18:15:00;RS;470;217;BENTO GONCALVES;Desrespeitar a preferência no cruzamento;Colisão transversal;Com Vítimas Feridas;Plena Noite;Decrescente;Céu Claro;Dupla;"Reta;Aclive;Interseção de Vias;Retorno Regulamentado";Sim;2;0;1;0;1;0;1;2;-29,17505341;-51,52302353;SPRF-RS;DEL06-RS;UOP01-DEL06-RS
703518;31/05/2025;sábado;23:20:00;RS;470;200;BENTO GONCALVES;Ausência de reação do condutor;Colisão com objeto;Com Vítimas Feridas;Plena Noite;Decrescente;Nublado;Simples;"Declive;Curva";Não;1;0;1;0;0;0;1;1;-29,07195845;-51,58277258;SPRF-RS;DEL06-RS;UOP02-DEL06-RS
703666;05/07/2025;sábado;14:15:00;RS;116;191;NOVA PETROPOLIS;Ausência de reação do condutor;Saída de leito carroçável;Com Vítimas Feridas;Pleno dia;Crescente;Céu Claro;Simples;Curva;Não;2;0;2;0;0;0;2;1;-29,425962;-51,1344;SPRF-RS;DEL05-RS;UOP02-DEL05-RS
704041;11/07/2025;sexta-feira;14:00:00;RS;470;245;BARAO;Acesso irregular;Colisão transversal;Com Vítimas Feridas;Pleno dia;Crescente;Céu Claro;Dupla;Reta;Sim;2;0;2;0;0;0;2;2;-29,37482158;-51,50150148;SPRF-RS;DEL06-RS;UOP01-DEL06-RS
704089;11/07/2025;sexta-feira;18:55:00;RS;116;149,8;CAXIAS DO SUL;Ausência de reação do condutor;Atropelamento de Pedestre;Com Vítimas Feridas;Plena Noite;Decrescente;Nublado;Dupla;"Aclive;Reta";Sim;2;0;1;0;1;0;1;2;-29,167981;-51,158398;SPRF-RS;DEL05-RS;UOP01-DEL05-RS
704507;13/07/2025;domingo;14:32:00;RS;470;246;BARAO;Reação tardia ou ineficiente do condutor;Colisão com objeto;Com Vítimas Feridas;Pleno dia;Decrescente;Céu Claro;Simples;Curva;Não;1;0;1;0;0;0;1;1;-29,38554992;-51,49156809;SPRF-RS;DEL06-RS;UOP01-DEL06-RS
704528;13/07/2025;domingo;17:00:00;RS;470;158;NOVA PRATA;Reação tardia ou ineficiente do condutor;Colisão com objeto;Com Vítimas Feridas;Pleno dia;Crescente;Céu Claro;Simples;"Interseção de Vias;Rotatória";Sim;3;0;3;0;0;0;3;1;-28,80180186;-51,61023974;SPRF-RS;DEL06-RS;UOP02-DEL06-RS
704779;14/07/2025;segunda-feira;15:30:00;RS;470;211;BENTO GONCALVES;Curva acentuada;Saída de leito carroçável;Com Vítimas Feridas;Pleno dia;Decrescente;Céu Claro;Simples;Curva;Sim;1;0;0;1;0;0;1;1;-29,13591276;-51,54495478;SPRF-RS;DEL06-RS;UOP01-DEL06-RS
704888;15/07/2025;terça-feira;06:30:00;RS;470;156,5;NOVA PRATA;Acessar a via sem observar a presença dos outros veículos;Colisão transversal;Com Vítimas Feridas;Amanhecer;Decrescente;Céu Claro;Simples;Interseção de Vias;Sim;2;0;0;1;1;0;1;2;-28,78611883;-51,6140914;SPRF-RS;DEL06-RS;UOP02-DEL06-RS
705236;16/07/2025;quarta-feira;18:55:00;RS;116;113,8;SAO MARCOS;Conversão proibida;Colisão transversal;Com Vítimas Feridas;Plena Noite;Crescente;Céu Claro;Simples;Curva;Sim;4;0;1;1;1;1;2;3;-28,96229859;-51,07813806;SPRF-RS;DEL05-RS;UOP01-DEL05-RS
705390;17/07/2025;quinta-feira;17:35:00;RS;116;146,9;CAXIAS DO SUL;Trafegar com motocicleta (ou similar) entre as faixas;Colisão transversal;Com Vítimas Feridas;Anoitecer;Crescente;Céu Claro;Dupla;"Interseção de Vias;Reta";Não;2;0;1;0;1;0;1;2;-29,14833321;-51,14237515;SPRF-RS;DEL05-RS;UOP01-DEL05-RS
705746;19/07/2025;sábado;06:48:00;RS;470;159,8;NOVA PRATA;Transitar na contramão;Colisão frontal;Com Vítimas Fatais;Amanhecer;Crescente;Ignorado;Simples;Curva;Sim;5;1;3;1;0;0;4;2;-28,809793;-51,601108;SPRF-RS;DEL06-RS;UOP02-DEL06-RS
705805;19/07/2025;sábado;14:30:00;RS;470;219;BENTO GONCALVES;Reação tardia ou ineficiente do condutor;Colisão transversal;Com Vítimas Feridas;Pleno dia;Crescente;Céu Claro;Simples;Curva;Sim;2;0;0;1;1;0;1;2;-29,19077636;-51,52220964;SPRF-RS;DEL06-RS;UOP01-DEL06-RS
705895;19/07/2025;sábado;18:12:00;RS;470;146;NOVA PRATA;Ingestão de álcool pelo condutor;Colisão lateral sentido oposto;Sem Vítimas;Plena Noite;Decrescente;Céu Claro;Simples;"Aclive;Reta";Não;2;0;0;0;1;1;0;2;-28,70430373;-51,60999147;SPRF-RS;DEL06-RS;UOP02-DEL06-RS
705899;19/07/2025;sábado;19:00:00;RS;116;150,6;CAXIAS DO SUL;Reação tardia ou ineficiente do condutor;Atropelamento de Pedestre;Com Vítimas Fatais;Plena Noite;Decrescente;Céu Claro;Dupla;"Aclive;Viaduto;Reta";Sim;2;1;0;1;0;0;1;2;-29,17477;-51,16101;SPRF-RS;DEL05-RS;UOP01-DEL05-RS
705960;20/07/2025;domingo;04:55:00;RS;116;144,5;CAXIAS DO SUL;Ingestão de álcool pelo condutor;Colisão com objeto;Com Vítimas Feridas;Plena Noite;Crescente;Céu Claro;Dupla;"Reta;Aclive;Viaduto";Sim;1;0;1;0;0;0;1;1;-29,13207;-51,129048;SPRF-RS;DEL05-RS;UOP01-DEL05-RS
706191;21/07/2025;segunda-feira;07:00:00;RS;470;207;BENTO GONCALVES;Acessar a via sem observar a presença dos outros veículos;Colisão transversal;Com Vítimas Feridas;Pleno dia;Crescente;Céu Claro;Simples;"Reta;Interseção de Vias";Sim;3;0;1;0;2;0;1;2;-29,10470588;-51,54370872;SPRF-RS;DEL06-RS;UOP01-DEL06-RS
706204;21/07/2025;segunda-feira;06:45:00;RS;116;137,8;CAXIAS DO SUL;Entrada inopinada do pedestre;Atropelamento de Pedestre;Com Vítimas Fatais;Amanhecer;Decrescente;Céu Claro;Simples;Reta;Não;2;1;0;0;1;0;0;2;-29,0883238;-51,1130238;SPRF-RS;DEL05-RS;UOP01-DEL05-RS
706205;21/07/2025;segunda-feira;07:41:00;RS;116;149,9;CAXIAS DO SUL;Manobra de mudança de faixa;Colisão lateral mesmo sentido;Com Vítimas Feridas;Pleno dia;Crescente;Céu Claro;Dupla;Interseção de Vias;Sim;3;0;1;0;2;0;1;2;-29,168568;-51,158772;SPRF-RS;DEL05-RS;UOP01-DEL05-RS
706453;22/07/2025;terça-feira;07:40:00;RS;470;186;VERANOPOLIS;Acessar a via sem observar a presença dos outros veículos;Colisão transversal;Com Vítimas Feridas;Pleno dia;Decrescente;Nublado;Simples;Reta;Não;3;0;1;0;2;0;1;2;-28,997532;-51,557284;SPRF-RS;DEL06-RS;UOP02-DEL06-RS
707029;25/07/2025;sexta-feira;07:05:00;RS;470;213,3;BENTO GONCALVES;Condutor deixou de manter distância do veículo da frente;Colisão traseira;Com Vítimas Feridas;Pleno dia;Decrescente;Nublado;Dupla;"Reta;Aclive";Sim;2;0;1;0;1;0;1;2;-29,14577937;-51,53242048;SPRF-RS;DEL06-RS;UOP01-DEL06-RS
707184;25/07/2025;sexta-feira;18:40:00;RS;470;169,4;VILA FLORES;Ingestão de álcool pelo condutor;Colisão transversal;Sem Vítimas;Pleno dia;Decrescente;Céu Claro;Simples;"Declive;Reta";Sim;3;0;0;0;3;0;0;2;-28,87549363;-51,5492785;SPRF-RS;DEL06-RS;UOP02-DEL06-RS
707189;25/07/2025;sexta-feira;18:15:00;RS;470;217,7;BENTO GONCALVES;Condutor deixou de manter distância do veículo da frente;Engavetamento;Com Vítimas Feridas;Plena Noite;Crescente;Nublado;Simples;"Declive;Reta";Sim;4;0;1;0;3;0;1;3;-29,17907208;-51,51861398;SPRF-RS;DEL06-RS;UOP01-DEL06-RS
707322;26/07/2025;sábado;09:50:00;RS;116;211,2;MORRO REUTER;Acessar a via sem observar a presença dos outros veículos;Colisão lateral mesmo sentido;Com Vítimas Feridas;Pleno dia;Crescente;Céu Claro;Simples;Reta;Não;4;0;1;1;2;0;2;2;-29,52289732;-51,08649778;SPRF-RS;DEL05-RS;UOP02-DEL05-RS
707545;27/07/2025;domingo;03:30:00;RS;470;221,6;GARIBALDI;Reação tardia ou ineficiente do condutor;Saída de leito carroçável;Sem Vítimas;Plena Noite;Crescente;Ignorado;Simples;"Curva;Retorno Regulamentado";Sim;1;0;0;0;0;1;0;1;-29,20913687;-51,5178415;SPRF-RS;DEL06-RS;UOP01-DEL06-RS
707644;27/07/2025;domingo;18:25:00;RS;116;143,9;CAXIAS DO SUL;Reação tardia ou ineficiente do condutor;Saída de leito carroçável;Sem Vítimas;Pleno dia;Decrescente;Chuva;Dupla;Curva;Sim;2;0;0;0;2;0;0;2;-29,12647968;-51,12775175;SPRF-RS;DEL05-RS;UOP01-DEL05-RS
708066;29/07/2025;terça-feira;16:30:00;RS;470;176;VERANOPOLIS;Condutor deixou de manter distância do veículo da frente;Colisão lateral mesmo sentido;Com Vítimas Feridas;Pleno dia;Crescente;Céu Claro;Simples;"Reta;Aclive";Sim;2;0;1;0;1;0;1;2;-28,93001175;-51,54261438;SPRF-RS;DEL06-RS;UOP02-DEL06-RS
708428;31/07/2025;quinta-feira;13:05:00;RS;470;227,1;GARIBALDI;Condutor deixou de manter distância do veículo da frente;Colisão traseira;Sem Vítimas;Pleno dia;Decrescente;Céu Claro;Simples;"Curva;Interseção de Vias";Não;3;0;0;0;3;0;0;2;-29,25784931;-51,50983779;SPRF-RS;DEL06-RS;UOP01-DEL06-RS
708444;25/07/2025;sexta-feira;14:45:00;RS;470;216;BENTO GONCALVES;Acessar a via sem observar a presença dos outros veículos;Colisão transversal;Com Vítimas Feridas;Pleno dia;Decrescente;Céu Claro;Dupla;Curva;Sim;4;0;3;0;1;0;3;2;-29,16193265;-51,52590472;SPRF-RS;DEL06-RS;UOP01-DEL06-RS
708530;31/07/2025;quinta-feira;23:15:00;RS;116;140;CAXIAS DO SUL;Demais falhas mecânicas ou elétricas;Incêndio;Sem Vítimas;Plena Noite;Decrescente;Céu Claro;Simples;Interseção de Vias;Sim;1;0;0;0;1;0;0;1;-29,10480145;-51,10945009;SPRF-RS;DEL05-RS;UOP01-DEL05-RS
709043;03/08/2025;domingo;05:00:00;RS;470;175;VERANOPOLIS;Ingestão de álcool pelo condutor;Saída de leito carroçável;Sem Vítimas;Plena Noite;Decrescente;Céu Claro;Simples;Curva;Sim;1;0;0;0;1;0;0;1;-28,92305353;-51,53815119;SPRF-RS;DEL06-RS;UOP02-DEL06-RS
709053;03/08/2025;domingo;07:10:00;RS;116;143,3;CAXIAS DO SUL;Condutor Dormindo;Saída de leito carroçável;Sem Vítimas;Amanhecer;Crescente;Nublado;Dupla;"Reta;Declive";Sim;1;0;0;0;1;0;0;1;-29,12391;-51,12456;SPRF-RS;DEL05-RS;UOP01-DEL05-RS
709442;04/08/2025;segunda-feira;19:00:00;RS;116;177,4;NOVA PETROPOLIS;Condutor deixou de manter distância do veículo da frente;Engavetamento;Com Vítimas Feridas;Plena Noite;Crescente;Garoa/Chuvisco;Simples;Curva;Não;5;0;1;0;4;0;1;3;-29,348584;-51,139542;SPRF-RS;DEL05-RS;UOP02-DEL05-RS
709608;05/08/2025;terça-feira;18:00:00;RS;470;177,4;VERANOPOLIS;Acessar a via sem observar a presença dos outros veículos;Colisão transversal;Com Vítimas Feridas;Anoitecer;Decrescente;Chuva;Simples;"Reta;Interseção de Vias";Sim;2;0;0;1;1;0;1;2;-28,93902;-51,545151;SPRF-RS;DEL06-RS;UOP02-DEL06-RS
709741;06/08/2025;quarta-feira;10:10:00;RS;470;218;BENTO GONCALVES;Acumulo de óleo sobre o pavimento;Queda de ocupante de veículo;Com Vítimas Feridas;Pleno dia;Decrescente;Céu Claro;Dupla;Curva;Não;1;0;1;0;0;0;1;1;-29,19115101;-51,52392626;SPRF-RS;DEL06-RS;UOP01-DEL06-RS
709859;06/08/2025;quarta-feira;17:35:00;RS;116;143,9;CAXIAS DO SUL;Demais falhas mecânicas ou elétricas;Eventos atípicos;Com Vítimas Feridas;Anoitecer;Decrescente;Nublado;Dupla;Curva;Não;3;0;0;1;2;0;1;3;-29,12631697;-51,12782275;SPRF-RS;DEL05-RS;UOP01-DEL05-RS
709862;06/08/2025;quarta-feira;18:20:00;RS;116;115;SAO MARCOS;Acessar a via sem observar a presença dos outros veículos;Colisão transversal;Com Vítimas Feridas;Plena Noite;Decrescente;Céu Claro;Simples;Rotatória;Sim;2;0;1;0;1;0;1;2;-28,97004532;-51,0717365;SPRF-RS;DEL05-RS;UOP01-DEL05-RS
710220;08/08/2025;sexta-feira;11:04:00;RS;116;145,1;CAXIAS DO SUL;Ausência de reação do condutor;Saída de leito carroçável;Sem Vítimas;Pleno dia;Crescente;Chuva;Dupla;Reta;Sim;2;0;0;0;2;0;0;2;-29,13775376;-51,13224713;SPRF-RS;DEL05-RS;UOP01-DEL05-RS
710248;08/08/2025;sexta-feira;07:50:00;RS;116;146;CAXIAS DO SUL;Acessar a via sem observar a presença dos outros veículos;Colisão transversal;Com Vítimas Feridas;Amanhecer;Decrescente;Garoa/Chuvisco;Dupla;Interseção de Vias;Sim;2;0;1;0;1;0;1;2;-29,1494014;-51,14345877;SPRF-RS;DEL05-RS;UOP01-DEL05-RS
710318;08/08/2025;sexta-feira;18:25:00;RS;470;215;BENTO GONCALVES;Ausência de reação do condutor;Colisão traseira;Sem Vítimas;Plena Noite;Decrescente;Ignorado;Simples;Reta;Não;2;0;0;0;2;0;0;2;-29,15991448;-51,52950452;SPRF-RS;DEL06-RS;UOP01-DEL06-RS
710599;09/08/2025;sábado;18:55:00;RS;470;229;GARIBALDI;Reação tardia ou ineficiente do condutor;Colisão frontal;Com Vítimas Feridas;Plena Noite;Decrescente;Nublado;Simples;"Declive;Reta";Não;6;0;1;1;4;0;2;2;-29,27668955;-51,49339048;SPRF-RS;DEL06-RS;UOP01-DEL06-RS
710733;10/08/2025;domingo;08:02:00;RS;470;160,2;NOVA PRATA;Acessar a via sem observar a presença dos outros veículos;Colisão transversal;Com Vítimas Feridas;Pleno dia;Crescente;Nublado;Simples;Reta;Sim;2;0;0;1;0;1;1;2;-28,8128336;-51,59960596;SPRF-RS;DEL06-RS;UOP02-DEL06-RS
711184;12/08/2025;terça-feira;08:15:00;RS;116;154,9;CAXIAS DO SUL;Ausência de reação do condutor;Colisão traseira;Com Vítimas Feridas;Pleno dia;Decrescente;Céu Claro;Simples;Curva;Não;3;0;2;0;1;0;2;2;-29,1982108;-51,17734425;SPRF-RS;DEL05-RS;UOP01-DEL05-RS
711363;13/08/2025;quarta-feira;08:30:00;RS;470;223;GARIBALDI;Acessar a via sem observar a presença dos outros veículos;Colisão transversal;Com Vítimas Feridas;Pleno dia;Crescente;Céu Claro;Simples;"Reta;Retorno Regulamentado";Não;3;0;1;0;2;0;1;2;-29,22729322;-51,51627509;SPRF-RS;DEL06-RS;UOP01-DEL06-RS
711431;13/08/2025;quarta-feira;15:30:00;RS;470;171;VERANOPOLIS;Suicídio (presumido);Atropelamento de Pedestre;Com Vítimas Feridas;Pleno dia;Crescente;Céu Claro;Simples;"Reta;Retorno Regulamentado";Sim;2;0;1;0;1;0;1;2;-28,88549875;-51,54764771;SPRF-RS;DEL06-RS;UOP02-DEL06-RS
711587;14/08/2025;quinta-feira;11:30:00;RS;116;159,7;CAXIAS DO SUL;Ingestão de álcool pelo condutor;Colisão traseira;Sem Vítimas;Pleno dia;Crescente;Céu Claro;Simples;"Interseção de Vias;Reta";Sim;3;0;0;0;3;0;0;2;-29,23078712;-51,15917148;SPRF-RS;DEL05-RS;UOP01-DEL05-RS
711944;16/08/2025;sábado;06:50:00;RS;470;217,4;BENTO GONCALVES;Desrespeitar a preferência no cruzamento;Colisão transversal;Com Vítimas Feridas;Amanhecer;Crescente;Céu Claro;Simples;"Declive;Curva;Interseção de Vias";Sim;2;0;1;0;1;0;1;2;-29,17868802;-51,51838867;SPRF-RS;DEL06-RS;UOP01-DEL06-RS
711998;16/08/2025;sábado;11:55:00;RS;116;151;CAXIAS DO SUL;Objeto estático sobre o leito carroçável;Colisão com objeto;Com Vítimas Feridas;Pleno dia;Decrescente;Nublado;Dupla;Curva;Sim;1;0;1;0;0;0;1;1;-29,18099538;-51,16563909;SPRF-RS;DEL05-RS;UOP01-DEL05-RS
712080;16/08/2025;sábado;19:15:00;RS;470;217;BENTO GONCALVES;Desrespeitar a preferência no cruzamento;Colisão transversal;Com Vítimas Feridas;Anoitecer;Decrescente;Céu Claro;Dupla;"Interseção de Vias;Reta";Não;8;0;2;0;6;0;2;2;-29,17508576;-51,5229791;SPRF-RS;DEL06-RS;UOP01-DEL06-RS
712337;17/08/2025;domingo;15:50:00;RS;470;224;GARIBALDI;Ausência de reação do condutor;Atropelamento de Pedestre;Com Vítimas Feridas;Pleno dia;Crescente;Céu Claro;Simples;Desvio Temporário;Não;4;0;2;0;2;0;2;2;-29,23942934;-51,51831382;SPRF-RS;DEL06-RS;UOP01-DEL06-RS
712552;26/07/2025;sábado;02:05:00;RS;116;146,1;CAXIAS DO SUL;Manobra de mudança de faixa;Colisão lateral mesmo sentido;Com Vítimas Feridas;Plena Noite;Crescente;Nublado;Dupla;"Interseção de Vias;Reta";Sim;2;0;1;0;1;0;1;2;-29,14275781;-51,13707511;SPRF-RS;DEL05-RS;UOP01-DEL05-RS
712555;18/08/2025;segunda-feira;18:50:00;RS;470;176;VERANOPOLIS;Conversão proibida;Colisão transversal;Sem Vítimas;Plena Noite;Decrescente;Céu Claro;Simples;"Reta;Declive";Sim;2;0;0;0;2;0;0;2;-28,93031223;-51,54230325;SPRF-RS;DEL06-RS;UOP02-DEL06-RS
712588;19/08/2025;terça-feira;06:50:00;RS;116;151,6;CAXIAS DO SUL;Curva acentuada;Colisão com objeto;Com Vítimas Feridas;Pleno dia;Decrescente;Nublado;Dupla;"Curva;Aclive";Sim;1;0;1;0;0;0;1;1;-29,180888;-51,165567;SPRF-RS;DEL05-RS;UOP01-DEL05-RS
713412;23/08/2025;sábado;04:30:00;RS;116;150;CAXIAS DO SUL;Ausência de reação do condutor;Tombamento;Com Vítimas Feridas;Plena Noite;Crescente;Garoa/Chuvisco;Dupla;Reta;Não;1;0;1;0;0;0;1;1;-29,1701778;-51,15914814;SPRF-RS;DEL05-RS;UOP01-DEL05-RS
713575;23/08/2025;sábado;18:40:00;RS;116;148;CAXIAS DO SUL;Acumulo de água sobre o pavimento;Colisão com objeto;Sem Vítimas;Anoitecer;Crescente;Garoa/Chuvisco;Dupla;Curva;Sim;2;0;0;0;2;0;0;2;-29,155503;-51,152173;SPRF-RS;DEL05-RS;UOP01-DEL05-RS
713689;24/08/2025;domingo;06:50:00;RS;116;119,5;SAO MARCOS;Demais falhas mecânicas ou elétricas;Incêndio;Sem Vítimas;Pleno dia;Decrescente;Nublado;Simples;Reta;Sim;1;0;0;0;1;0;0;1;-28,999105;-51,076392;SPRF-RS;DEL05-RS;UOP01-DEL05-RS
713713;24/08/2025;domingo;09:45:00;RS;470;225,7;GARIBALDI;Desrespeitar a preferência no cruzamento;Colisão transversal;Com Vítimas Feridas;Pleno dia;Crescente;Nublado;Simples;"Retorno Regulamentado;Curva";Sim;4;0;2;0;2;0;2;2;-29,24665396;-51,51597468;SPRF-RS;DEL06-RS;UOP01-DEL06-RS
713791;24/08/2025;domingo;16:50:00;RS;116;148,7;CAXIAS DO SUL;Ausência de reação do condutor;Atropelamento de Pedestre;Com Vítimas Feridas;Pleno dia;Decrescente;Garoa/Chuvisco;Dupla;Curva;Sim;3;0;0;1;1;1;1;2;-29,15518769;-51,15193605;SPRF-RS;DEL05-RS;UOP01-DEL05-RS
713854;24/08/2025;domingo;22:00:00;RS;116;149;CAXIAS DO SUL;Ausência de reação do condutor;Colisão traseira;Com Vítimas Feridas;Plena Noite;Decrescente;Nublado;Múltipla;"Aclive;Interseção de Vias;Reta";Sim;3;0;2;0;1;0;2;2;-29,16235194;-51,1570885;SPRF-RS;DEL05-RS;UOP01-DEL05-RS
713924;25/08/2025;segunda-feira;09:20:00;RS;470;220;BENTO GONCALVES;Reação tardia ou ineficiente do condutor;Queda de ocupante de veículo;Com Vítimas Feridas;Pleno dia;Decrescente;Nublado;Simples;Reta;Não;1;0;1;0;0;0;1;1;-29,1970687;-51,5178462;SPRF-RS;DEL06-RS;UOP01-DEL06-RS
714980;30/08/2025;sábado;07:40:00;RS;116;169,5;CAXIAS DO SUL;Reação tardia ou ineficiente do condutor;Colisão traseira;Com Vítimas Feridas;Pleno dia;Crescente;Céu Claro;Simples;"Reta;Declive";Não;5;0;1;0;4;0;1;3;-29,294722;-51,163102;SPRF-RS;DEL05-RS;UOP02-DEL05-RS
714996;30/08/2025;sábado;07:50:00;RS;470;212;BENTO GONCALVES;Condutor deixou de manter distância do veículo da frente;Colisão traseira;Sem Vítimas;Pleno dia;Decrescente;Céu Claro;Simples;Reta;Sim;2;0;0;0;2;0;0;2;-29,14336372;-51,53621858;SPRF-RS;DEL06-RS;UOP01-DEL06-RS
715005;30/08/2025;sábado;08:45:00;RS;116;134,5;CAXIAS DO SUL;Reação tardia ou ineficiente do condutor;Saída de leito carroçável;Sem Vítimas;Pleno dia;Decrescente;Céu Claro;Simples;Curva;Não;1;0;0;0;1;0;0;1;-29,06541302;-51,10037067;SPRF-RS;DEL05-RS;UOP01-DEL05-RS
715247;31/08/2025;domingo;13:50:00;RS;470;217;BENTO GONCALVES;Ingestão de álcool pelo condutor;Colisão traseira;Com Vítimas Feridas;Pleno dia;Decrescente;Céu Claro;Dupla;Reta;Não;3;0;1;0;2;0;1;2;-29,17475877;-51,52330399;SPRF-RS;DEL06-RS;UOP01-DEL06-RS
715633;02/09/2025;terça-feira;07:50:00;RS;470;153;NOVA PRATA;Acessar a via sem observar a presença dos outros veículos;Colisão transversal;Com Vítimas Feridas;Pleno dia;Decrescente;Céu Claro;Simples;Reta;Não;2;0;1;0;1;0;1;2;-28,76039588;-51,62643417;SPRF-RS;DEL06-RS;UOP02-DEL06-RS
715683;10/08/2025;domingo;16:55:00;RS;116;139,6;CAXIAS DO SUL;Reação tardia ou ineficiente do condutor;Tombamento;Com Vítimas Feridas;Pleno dia;Crescente;Nublado;Múltipla;Curva;Não;2;0;2;0;0;0;2;1;-29,10166437;-51,11065149;SPRF-RS;DEL05-RS;UOP01-DEL05-RS
715699;02/09/2025;terça-feira;16:50:00;RS;116;154;CAXIAS DO SUL;Acessar a via sem observar a presença dos outros veículos;Colisão transversal;Com Vítimas Feridas;Pleno dia;Decrescente;Céu Claro;Simples;Reta;Sim;4;0;1;0;3;0;1;3;-29,192703;-51,180036;SPRF-RS;DEL05-RS;UOP01-DEL05-RS
715783;03/09/2025;quarta-feira;05:45:00;RS;116;153;CAXIAS DO SUL;Condutor Dormindo;Saída de leito carroçável;Com Vítimas Feridas;Amanhecer;Crescente;Chuva;Dupla;Reta;Sim;1;0;1;0;0;0;1;1;-29,18562902;-51,17723683;SPRF-RS;DEL05-RS;UOP01-DEL05-RS
715873;03/09/2025;quarta-feira;12:40:00;RS;470;225;GARIBALDI;Acessar a via sem observar a presença dos outros veículos;Colisão transversal;Com Vítimas Feridas;Pleno dia;Crescente;Céu Claro;Simples;"Reta;Retorno Regulamentado";Sim;5;0;1;0;4;0;1;2;-29,24658263;-51,51602304;SPRF-RS;DEL06-RS;UOP01-DEL06-RS
716441;06/09/2025;sábado;01:30:00;RS;470;229,9;CARLOS BARBOSA;Reação tardia ou ineficiente do condutor;Saída de leito carroçável;Sem Vítimas;Plena Noite;Crescente;Nublado;Simples;Reta;Sim;1;0;0;0;0;1;0;1;-29,27838947;-51,49277683;SPRF-RS;DEL06-RS;UOP01-DEL06-RS
716553;06/09/2025;sábado;11:15:00;RS;470;217;BENTO GONCALVES;Acessar a via sem observar a presença dos outros veículos;Colisão transversal;Com Vítimas Feridas;Pleno dia;Decrescente;Céu Claro;Dupla;Curva;Não;2;0;1;0;1;0;1;2;-29,1748056;-51,5233469;SPRF-RS;DEL06-RS;UOP01-DEL06-RS
717030;08/09/2025;segunda-feira;13:15:00;RS;116;142;CAXIAS DO SUL;Conversão proibida;Colisão transversal;Com Vítimas Feridas;Pleno dia;Crescente;Garoa/Chuvisco;Dupla;Interseção de Vias;Sim;4;0;1;0;3;0;1;2;-29,11924919;-51,12263791;SPRF-RS;DEL05-RS;UOP01-DEL05-RS
717053;08/09/2025;segunda-feira;16:00:00;RS;116;151;CAXIAS DO SUL;Reação tardia ou ineficiente do condutor;Atropelamento de Pedestre;Com Vítimas Feridas;Pleno dia;Crescente;Chuva;Múltipla;Interseção de Vias;Não;3;0;1;0;1;1;1;2;-29,17027877;-51,15939491;SPRF-RS;DEL05-RS;UOP01-DEL05-RS
717576;11/09/2025;quinta-feira;07:02:00;RS;470;211;BENTO GONCALVES;Reação tardia ou ineficiente do condutor;Colisão lateral sentido oposto;Com Vítimas Feridas;Pleno dia;Decrescente;Céu Claro;Simples;"Declive;Curva";Não;4;0;0;2;2;0;2;4;-29,13651002;-51,54469156;SPRF-RS;DEL06-RS;UOP01-DEL06-RS
717584;11/09/2025;quinta-feira;09:15:00;RS;116;146;CAXIAS DO SUL;Ausência de reação do condutor;Colisão traseira;Com Vítimas Feridas;Pleno dia;Crescente;Sol;Dupla;"Interseção de Vias;Reta";Sim;2;0;1;0;1;0;1;2;-29,142865;-51,137229;SPRF-RS;DEL05-RS;UOP01-DEL05-RS
717725;11/09/2025;quinta-feira;19:40:00;RS;116;149,9;CAXIAS DO SUL;Ingestão de álcool pelo condutor;Colisão traseira;Com Vítimas Feridas;Plena Noite;Crescente;Céu Claro;Dupla;"Interseção de Vias;Reta;Declive";Sim;5;0;2;0;2;1;2;4;-29,167022;-51,158569;SPRF-RS;DEL05-RS;UOP01-DEL05-RS
717836;12/09/2025;sexta-feira;12:20:00;RS;470;232;CARLOS BARBOSA;Acessar a via sem observar a presença dos outros veículos;Colisão traseira;Com Vítimas Fatais;Pleno dia;Decrescente;Céu Claro;Simples;"Interseção de Vias;Retorno Regulamentado;Reta;Aclive";Não;5;1;0;1;1;2;1;3;-29,29861398;-51,48065535;SPRF-RS;DEL06-RS;UOP01-DEL06-RS
717915;12/09/2025;sexta-feira;19:15:00;RS;116;143;CAXIAS DO SUL;Condutor deixou de manter distância do veículo da frente;Colisão traseira;Sem Vítimas;Plena Noite;Crescente;Céu Claro;Dupla;"Interseção de Vias;Reta";Sim;4;0;0;0;3;1;0;3;-29,1217401;-51,1221871;SPRF-RS;DEL05-RS;UOP01-DEL05-RS
717947;12/09/2025;sexta-feira;20:50:00;RS;116;153;CAXIAS DO SUL;Condutor desrespeitou a iluminação vermelha do semáforo;Colisão transversal;Sem Vítimas;Plena Noite;Crescente;Céu Claro;Dupla;"Reta;Interseção de Vias";Sim;3;0;0;0;3;0;0;2;-29,18694548;-51,17883325;SPRF-RS;DEL05-RS;UOP01-DEL05-RS
718086;13/09/2025;sábado;11:55:00;RS;470;156;NOVA PRATA;Ultrapassagem Indevida;Colisão frontal;Sem Vítimas;Pleno dia;Crescente;Céu Claro;Simples;"Curva;Aclive";Não;2;0;0;0;2;0;0;2;-28,7853761;-51,6137831;SPRF-RS;DEL06-RS;UOP02-DEL06-RS
718223;13/09/2025;sábado;23:10:00;RS;470;218,5;BENTO GONCALVES;Transitar na contramão;Colisão frontal;Com Vítimas Feridas;Plena Noite;Decrescente;Céu Claro;Simples;Curva;Sim;4;0;3;0;0;1;3;3;-29,1853122;-51,5212474;SPRF-RS;DEL06-RS;UOP01-DEL06-RS
718385;14/09/2025;domingo;17:05:00;RS;470;167;VILA FLORES;Ausência de reação do condutor;Saída de leito carroçável;Com Vítimas Feridas;Pleno dia;Crescente;Céu Claro;Simples;"Declive;Reta";Sim;1;0;1;0;0;0;1;1;-28,87078666;-51,55098438;SPRF-RS;DEL06-RS;UOP02-DEL06-RS
718397;14/09/2025;domingo;15:30:00;RS;470;232;CARLOS BARBOSA;Acessar a via sem observar a presença dos outros veículos;Colisão transversal;Com Vítimas Feridas;Pleno dia;Decrescente;Céu Claro;Simples;Reta;Não;6;0;3;0;3;0;3;2;-29,29860039;-51,48060322;SPRF-RS;DEL06-RS;UOP01-DEL06-RS
718412;14/09/2025;domingo;19:15:00;RS;116;114,9;SAO MARCOS;Reação tardia ou ineficiente do condutor;Atropelamento de Pedestre;Com Vítimas Feridas;Plena Noite;Crescente;Céu Claro;Dupla;"Interseção de Vias;Rotatória;Aclive";Sim;3;0;0;1;1;1;1;2;-28,9703;-51,071818;SPRF-RS;DEL05-RS;UOP01-DEL05-RS
718510;15/09/2025;segunda-feira;07:10:00;RS;116;143,9;CAXIAS DO SUL;Condutor deixou de manter distância do veículo da frente;Colisão traseira;Com Vítimas Feridas;Pleno dia;Decrescente;Nublado;Dupla;"Curva;Aclive";Sim;3;0;1;0;1;1;1;3;-29,12748;-51,12748;SPRF-RS;DEL05-RS;UOP01-DEL05-RS
718697;15/09/2025;segunda-feira;21:55:00;RS;116;148;CAXIAS DO SUL;Curva acentuada;Colisão com objeto;Com Vítimas Feridas;Plena Noite;Crescente;Chuva;Dupla;"Declive;Curva";Sim;1;0;1;0;0;0;1;1;-29,155289;-51,152028;SPRF-RS;DEL05-RS;UOP01-DEL05-RS
719036;17/09/2025;quarta-feira;18:19:00;RS;470;225;GARIBALDI;Acessar a via sem observar a presença dos outros veículos;Colisão transversal;Com Vítimas Feridas;Anoitecer;Decrescente;Céu Claro;Simples;"Reta;Declive";Não;3;0;1;0;2;0;1;2;-29,25082896;-51,51383964;SPRF-RS;DEL06-RS;UOP01-DEL06-RS
719067;17/09/2025;quarta-feira;19:46:00;RS;470;213;BENTO GONCALVES;Acessar a via sem observar a presença dos outros veículos;Colisão lateral sentido oposto;Com Vítimas Feridas;Plena Noite;Decrescente;Céu Claro;Simples;"Curva;Aclive;Interseção de Vias";Não;2;0;1;0;1;0;1;2;-29,14490367;-51,53367726;SPRF-RS;DEL06-RS;UOP01-DEL06-RS
719636;20/09/2025;sábado;12:15:00;RS;470;152;NOVA PRATA;Ausência de reação do condutor;Colisão com objeto;Com Vítimas Feridas;Pleno dia;Crescente;Garoa/Chuvisco;Simples;Curva;Sim;1;0;1;0;0;0;1;1;-28,75746395;-51,62782431;SPRF-RS;DEL06-RS;UOP02-DEL06-RS
719833;21/09/2025;domingo;04:00:00;RS;116;147,1;CAXIAS DO SUL;Acessar a via sem observar a presença dos outros veículos;Colisão transversal;Com Vítimas Feridas;Plena Noite;Crescente;Chuva;Dupla;"Interseção de Vias;Reta";Sim;3;0;1;0;2;0;1;2;-29,15372496;-51,15061872;SPRF-RS;DEL05-RS;UOP01-DEL05-RS
719870;19/09/2025;sexta-feira;01:50:00;RS;470;219;BENTO GONCALVES;Ingestão de álcool pelo condutor;Saída de leito carroçável;Sem Vítimas;Plena Noite;Decrescente;Céu Claro;Simples;"Curva;Aclive";Sim;1;0;0;0;1;0;0;1;-29,191333;-51,52231;SPRF-RS;DEL06-RS;UOP01-DEL06-RS
719928;21/09/2025;domingo;12:45:00;RS;470;214,5;BENTO GONCALVES;Ausência de reação do condutor;Saída de leito carroçável;Com Vítimas Fatais;Pleno dia;Crescente;Nublado;Simples;Reta;Sim;1;1;0;0;0;0;0;1;-29,15742542;-51,53127945;SPRF-RS;DEL06-RS;UOP01-DEL06-RS
719941;21/09/2025;domingo;13:15:00;RS;470;218;BENTO GONCALVES;Ausência de reação do condutor;Saída de leito carroçável;Com Vítimas Feridas;Pleno dia;Decrescente;Chuva;Simples;"Curva;Aclive";Sim;1;0;1;0;0;0;1;1;-29,185696;-51,520804;SPRF-RS;DEL06-RS;UOP01-DEL06-RS
720188;22/09/2025;segunda-feira;10:00:00;RS;470;219;GARIBALDI;Reação tardia ou ineficiente do condutor;Colisão lateral sentido oposto;Com Vítimas Feridas;Pleno dia;Crescente;Céu Claro;Dupla;Reta;Não;3;0;2;0;1;0;2;3;-29,1877229;-51,52150154;SPRF-RS;DEL06-RS;UOP01-DEL06-RS
720665;24/09/2025;quarta-feira;17:35:00;RS;116;146,8;CAXIAS DO SUL;Acessar a via sem observar a presença dos outros veículos;Colisão transversal;Sem Vítimas;Pleno dia;Crescente;Céu Claro;Dupla;"Reta;Interseção de Vias";Sim;3;0;0;0;3;0;0;3;-29,14838518;-51,14219427;SPRF-RS;DEL05-RS;UOP01-DEL05-RS
720918;26/09/2025;sexta-feira;02:40:00;RS;116;152;CAXIAS DO SUL;Condutor desrespeitou a iluminação vermelha do semáforo;Colisão transversal;Com Vítimas Feridas;Plena Noite;Crescente;Céu Claro;Dupla;Reta;Sim;2;0;1;0;0;1;1;2;-29,185842;-51,1767389;SPRF-RS;DEL05-RS;UOP01-DEL05-RS
721049;26/09/2025;sexta-feira;18:00:00;RS;116;147,7;CAXIAS DO SUL;Reação tardia ou ineficiente do condutor;Colisão traseira;Com Vítimas Feridas;Anoitecer;Crescente;Céu Claro;Dupla;Reta;Sim;3;0;1;0;2;0;1;2;-29,15509311;-51,15197595;SPRF-RS;DEL05-RS;UOP01-DEL05-RS
721286;27/09/2025;sábado;16:55:00;RS;470;221;GARIBALDI;Reação tardia ou ineficiente do condutor;Colisão com objeto;Sem Vítimas;Pleno dia;Crescente;Céu Claro;Dupla;Reta;Não;1;0;0;0;1;0;0;1;-29,21161846;-51,51817409;SPRF-RS;DEL06-RS;UOP01-DEL06-RS
721332;27/09/2025;sábado;21:50:00;RS;470;224;BENTO GONCALVES;Ausência de reação do condutor;Colisão traseira;Sem Vítimas;Plena Noite;Decrescente;Nublado;Simples;Aclive;Sim;2;0;0;0;1;1;0;2;-29,17659987;-51,52091828;SPRF-RS;DEL06-RS;UOP01-DEL06-RS
721489;28/09/2025;domingo;16:55:00;RS;116;169;CAXIAS DO SUL;Ausência de reação do condutor;Colisão traseira;Sem Vítimas;Pleno dia;Crescente;Céu Claro;Simples;Reta;Não;3;0;0;0;3;0;0;3;-29,29023;-51,162015;SPRF-RS;DEL05-RS;UOP02-DEL05-RS
721652;22/09/2025;segunda-feira;17:05:00;RS;470;220;GARIBALDI;Acessar a via sem observar a presença dos outros veículos;Colisão transversal;Com Vítimas Feridas;Pleno dia;Crescente;Céu Claro;Simples;Reta;Sim;4;0;1;1;0;2;2;3;-29,20331704;-51,51818633;SPRF-RS;DEL06-RS;UOP01-DEL06-RS
721680;24/09/2025;quarta-feira;18:25:00;RS;0;0;CAXIAS DO SUL;Acessar a via sem observar a presença dos outros veículos;Colisão transversal;Com Vítimas Feridas;Anoitecer;Não Informado;Céu Claro;Simples;"Retorno Regulamentado;Reta";Não;6;0;2;0;3;1;2;3;-29,164658;-51,242662;SPRF-RS;DEL05-RS;N/A
721682;29/09/2025;segunda-feira;14:00:00;RS;116;120;SAO MARCOS;Acessar a via sem observar a presença dos outros veículos;Colisão transversal;Com Vítimas Feridas;Pleno dia;Crescente;Céu Claro;Dupla;Interseção de Vias;Sim;2;0;1;0;1;0;1;2;-28,974902;-51,067963;SPRF-RS;DEL05-RS;UOP01-DEL05-RS
721728;09/06/2025;segunda-feira;02:31:00;RS;470;224;GARIBALDI;Velocidade Incompatível;Saída de leito carroçável;Com Vítimas Fatais;Plena Noite;Decrescente;Garoa/Chuvisco;Simples;"Declive;Curva";Não;2;1;0;1;0;0;1;1;-29,23392387;-51,51608197;SPRF-RS;DEL06-RS;UOP01-DEL06-RS
721758;29/09/2025;segunda-feira;17:30:00;RS;470;233,6;CARLOS BARBOSA;Ausência de reação do condutor;Saída de leito carroçável;Com Vítimas Feridas;Anoitecer;Decrescente;Céu Claro;Simples;"Interseção de Vias;Reta;Declive";Não;1;0;1;0;0;0;1;1;-29,30250618;-51,4843211;SPRF-RS;DEL06-RS;UOP01-DEL06-RS
721810;30/09/2025;terça-feira;02:25:00;RS;116;148;CAXIAS DO SUL;Acumulo de água sobre o pavimento;Queda de ocupante de veículo;Com Vítimas Feridas;Plena Noite;Crescente;Garoa/Chuvisco;Dupla;Curva;Sim;2;0;0;1;1;0;1;2;-29,15755303;-51,15151612;SPRF-RS;DEL05-RS;UOP01-DEL05-RS
721942;30/09/2025;terça-feira;19:45:00;RS;116;149;CAXIAS DO SUL;Reação tardia ou ineficiente do condutor;Atropelamento de Pedestre;Com Vítimas Feridas;Plena Noite;Crescente;Chuva;Dupla;"Reta;Interseção de Vias";Sim;2;0;0;1;1;0;1;2;-29,1685269;-51,1587564;SPRF-RS;DEL05-RS;UOP01-DEL05-RS
722015;01/10/2025;quarta-feira;07:50:00;RS;116;143;CAXIAS DO SUL;Manobra de mudança de faixa;Colisão lateral mesmo sentido;Com Vítimas Feridas;Pleno dia;Decrescente;Nublado;Múltipla;Reta;Sim;2;0;1;0;1;0;1;2;-29,12315252;-51,12319199;SPRF-RS;DEL05-RS;UOP01-DEL05-RS
722120;01/10/2025;quarta-feira;19:50:00;RS;470;217;BENTO GONCALVES;Acessar a via sem observar a presença dos outros veículos;Colisão transversal;Com Vítimas Feridas;Plena Noite;Crescente;Céu Claro;Simples;"Reta;Aclive";Não;3;0;1;0;2;0;1;2;-29,17508428;-51,52302772;SPRF-RS;DEL06-RS;UOP01-DEL06-RS
722392;03/10/2025;sexta-feira;07:45:00;RS;470;218;BENTO GONCALVES;Velocidade Incompatível;Saída de leito carroçável;Com Vítimas Feridas;Pleno dia;Decrescente;Chuva;Simples;"Curva;Aclive";Não;1;0;1;0;0;0;1;1;-29,18613482;-51,52040569;SPRF-RS;DEL06-RS;UOP01-DEL06-RS
722676;04/10/2025;sábado;11:00:00;RS;116;150;CAXIAS DO SUL;Transitar na contramão;Colisão transversal;Com Vítimas Feridas;Pleno dia;Decrescente;Céu Claro;Múltipla;Interseção de Vias;Não;3;0;1;0;2;0;1;2;-29,17237;-51,16004;SPRF-RS;DEL05-RS;UOP01-DEL05-RS
722699;04/10/2025;sábado;13:29:00;RS;116;154,6;CAXIAS DO SUL;Acumulo de areia ou detritos sobre o pavimento;Saída de leito carroçável;Com Vítimas Feridas;Pleno dia;Crescente;Céu Claro;Simples;Curva;Não;1;0;1;0;0;0;1;1;-29,1536896;-51,1475712;SPRF-RS;DEL05-RS;UOP01-DEL05-RS
722821;04/10/2025;sábado;18:00:00;RS;116;157,5;CAXIAS DO SUL;Ultrapassagem Indevida;Colisão frontal;Com Vítimas Feridas;Anoitecer;Crescente;Chuva;Simples;Reta;Não;6;0;3;1;1;1;4;3;-29,21976;-51,17252;SPRF-RS;DEL05-RS;UOP01-DEL05-RS
723028;05/10/2025;domingo;20:00:00;RS;116;151;CAXIAS DO SUL;Ausência de reação do condutor;Saída de leito carroçável;Com Vítimas Feridas;Plena Noite;Decrescente;Céu Claro;Dupla;"Curva;Aclive";Sim;1;0;0;1;0;0;1;1;-29,181072;-51,1657368;SPRF-RS;DEL05-RS;UOP01-DEL05-RS
723178;06/10/2025;segunda-feira;11:10:00;RS;470;218;BENTO GONCALVES;Acumulo de óleo sobre o pavimento;Queda de ocupante de veículo;Com Vítimas Feridas;Pleno dia;Crescente;Chuva;Simples;"Declive;Curva";Não;1;0;0;1;0;0;1;1;-29,18483531;-51,52147883;SPRF-RS;DEL06-RS;UOP01-DEL06-RS
723260;06/10/2025;segunda-feira;18:35:00;RS;470;168;VILA FLORES;Acessar a via sem observar a presença dos outros veículos;Colisão transversal;Com Vítimas Feridas;Anoitecer;Crescente;Chuva;Simples;Reta;Sim;2;0;0;1;1;0;1;2;-28,86362503;-51,55312683;SPRF-RS;DEL06-RS;UOP02-DEL06-RS
723375;07/10/2025;terça-feira;12:00:00;RS;470;177,1;VERANOPOLIS;Área urbana sem a presença de local apropriado para a travessia de pedestres;Atropelamento de Pedestre;Com Vítimas Feridas;Pleno dia;Crescente;Céu Claro;Simples;Reta;Sim;2;0;1;0;0;1;1;2;-28,89338004;-51,55025482;SPRF-RS;DEL06-RS;UOP02-DEL06-RS
723447;07/10/2025;terça-feira;17:36:00;RS;470;177,1;VERANOPOLIS;Acessar a via sem observar a presença dos outros veículos;Colisão transversal;Com Vítimas Feridas;Pleno dia;Decrescente;Céu Claro;Simples;"Interseção de Vias;Reta";Sim;2;0;1;0;0;1;1;2;-28,93695479;-51,54325631;SPRF-RS;DEL06-RS;UOP02-DEL06-RS
723463;07/10/2025;terça-feira;19:00:00;RS;116;152;CAXIAS DO SUL;Ingestão de álcool pelo condutor;Colisão traseira;Sem Vítimas;Plena Noite;Decrescente;Céu Claro;Dupla;Reta;Sim;2;0;0;0;2;0;0;2;-29,17812598;-51,16238443;SPRF-RS;DEL05-RS;UOP01-DEL05-RS
723492;07/10/2025;terça-feira;21:00:00;RS;116;143;CAXIAS DO SUL;Reação tardia ou ineficiente do condutor;Atropelamento de Pedestre;Com Vítimas Feridas;Plena Noite;Crescente;Céu Claro;Múltipla;Reta;Sim;2;0;0;1;1;0;1;2;-29,12060948;-51,12266737;SPRF-RS;DEL05-RS;UOP01-DEL05-RS
723547;08/10/2025;quarta-feira;07:40:00;RS;116;153;CAXIAS DO SUL;Condutor desrespeitou a iluminação vermelha do semáforo;Colisão transversal;Com Vítimas Feridas;Pleno dia;Crescente;Céu Claro;Dupla;Reta;Não;2;0;1;1;0;0;2;2;-29,186739;-51,178699;SPRF-RS;DEL05-RS;UOP01-DEL05-RS
723659;08/10/2025;quarta-feira;18:45:00;RS;470;230;CARLOS BARBOSA;Ausência de reação do condutor;Colisão traseira;Com Vítimas Feridas;Anoitecer;Decrescente;Céu Claro;Simples;Reta;Sim;3;0;1;0;0;2;1;3;-29,27865904;-51,49250921;SPRF-RS;DEL06-RS;UOP01-DEL06-RS
724105;10/10/2025;sexta-feira;18:00:00;RS;116;151;CAXIAS DO SUL;Condutor deixou de manter distância do veículo da frente;Colisão traseira;Com Vítimas Feridas;Anoitecer;Decrescente;Céu Claro;Dupla;Aclive;Não;2;0;1;0;1;0;1;2;-29,17751144;-51,16208916;SPRF-RS;DEL05-RS;UOP01-DEL05-RS
724135;10/10/2025;sexta-feira;20:25:00;RS;116;149,4;CAXIAS DO SUL;Ausência de reação do condutor;Colisão traseira;Com Vítimas Feridas;Plena Noite;Decrescente;Céu Claro;Dupla;"Reta;Aclive";Sim;2;0;1;0;1;0;1;2;-29,16417;-51,15843;SPRF-RS;DEL05-RS;UOP01-DEL05-RS
724281;11/10/2025;sábado;11:40:00;RS;116;143;CAXIAS DO SUL;Retorno proibido;Colisão lateral mesmo sentido;Com Vítimas Feridas;Pleno dia;Decrescente;Céu Claro;Dupla;Interseção de Vias;Sim;2;0;1;0;1;0;1;2;-29,11807253;-51,11604659;SPRF-RS;DEL05-RS;UOP01-DEL05-RS
724639;12/10/2025;domingo;19:40:00;RS;470;176;VERANOPOLIS;Reação tardia ou ineficiente do condutor;Saída de leito carroçável;Com Vítimas Feridas;Anoitecer;Decrescente;Céu Claro;Dupla;"Declive;Reta;Retorno Regulamentado";Sim;1;0;1;0;0;0;1;1;-28,92525092;-51,53968541;SPRF-RS;DEL06-RS;UOP02-DEL06-RS
724841;13/10/2025;segunda-feira;18:45:00;RS;116;150,7;CAXIAS DO SUL;Condutor deixou de manter distância do veículo da frente;Colisão traseira;Com Vítimas Feridas;Anoitecer;Decrescente;Céu Claro;Dupla;Reta;Sim;3;0;2;0;1;0;2;2;-29,1751713;-51,1608254;SPRF-RS;DEL05-RS;UOP01-DEL05-RS
725012;27/09/2025;sábado;15:30:00;RS;470;240;BARAO;Ausência de reação do condutor;Saída de leito carroçável;Com Vítimas Feridas;Pleno dia;Crescente;Céu Claro;Simples;Curva;Não;1;0;1;0;0;0;1;1;-29,3540062;-51,51738918;SPRF-RS;DEL06-RS;UOP01-DEL06-RS
725222;15/10/2025;quarta-feira;14:40:00;RS;116;191,9;NOVA PETROPOLIS;Demais falhas mecânicas ou elétricas;Incêndio;Sem Vítimas;Pleno dia;Decrescente;Céu Claro;Simples;Reta;Não;1;0;0;0;1;0;0;1;-29,4321393;-51,134007;SPRF-RS;DEL05-RS;UOP02-DEL05-RS
725933;18/10/2025;sábado;18:30:00;RS;116;151,9;CAXIAS DO SUL;Reação tardia ou ineficiente do condutor;Colisão com objeto;Com Vítimas Feridas;Plena Noite;Crescente;Nublado;Dupla;"Curva;Em Obras";Sim;1;0;1;0;0;0;1;1;-29,1833035;-51,1680975;SPRF-RS;DEL05-RS;UOP01-DEL05-RS
726104;19/10/2025;domingo;14:10:00;RS;116;156,7;CAXIAS DO SUL;Velocidade Incompatível;Colisão lateral sentido oposto;Com Vítimas Feridas;Pleno dia;Crescente;Céu Claro;Múltipla;Curva;Não;3;0;0;1;1;1;1;3;-29,2129511;-51,1784084;SPRF-RS;DEL05-RS;UOP01-DEL05-RS
726155;19/10/2025;domingo;14:48:00;RS;470;224,4;GARIBALDI;Ausência de reação do condutor;Colisão traseira;Com Vítimas Fatais;Pleno dia;Decrescente;Céu Claro;Simples;"Declive;Curva";Não;8;1;1;3;3;0;4;3;-29,23629043;-51,5173105;SPRF-RS;DEL06-RS;UOP01-DEL06-RS
726157;19/10/2025;domingo;14:52:00;RS;470;232;CARLOS BARBOSA;Acessar a via sem observar a presença dos outros veículos;Colisão transversal;Com Vítimas Feridas;Pleno dia;Decrescente;Céu Claro;Simples;"Reta;Interseção de Vias";Não;9;0;3;0;6;0;3;2;-29,298255;-51,4807;SPRF-RS;DEL06-RS;UOP01-DEL06-RS
726306;19/10/2025;domingo;14:30:00;RS;116;218;MORRO REUTER;Ausência de reação do condutor;Colisão traseira;Com Vítimas Feridas;Pleno dia;Decrescente;Céu Claro;Simples;"Reta;Em Obras;Aclive";Não;2;0;1;0;1;0;1;2;-29,55153557;-51,09013315;SPRF-RS;DEL05-RS;UOP02-DEL05-RS
726400;20/10/2025;segunda-feira;18:00:00;RS;470;224;GARIBALDI;Conversão proibida;Colisão transversal;Sem Vítimas;Pleno dia;Crescente;Céu Claro;Simples;Declive;Não;2;0;0;0;2;0;0;2;-29,23223962;-51,5159483;SPRF-RS;DEL06-RS;UOP01-DEL06-RS
726502;21/10/2025;terça-feira;07:30:00;RS;470;224;GARIBALDI;Condutor deixou de manter distância do veículo da frente;Engavetamento;Sem Vítimas;Pleno dia;Decrescente;Céu Claro;Simples;"Reta;Declive";Não;3;0;0;0;3;0;0;3;-29,23419348;-51,51604978;SPRF-RS;DEL06-RS;UOP01-DEL06-RS
726622;21/10/2025;terça-feira;18:40:00;RS;470;167,9;VILA FLORES;Conversão proibida;Colisão transversal;Com Vítimas Feridas;Anoitecer;Crescente;Céu Claro;Simples;"Aclive;Reta";Sim;2;0;2;0;0;0;2;2;-28,85911916;-51,55532813;SPRF-RS;DEL06-RS;UOP02-DEL06-RS
726630;21/10/2025;terça-feira;17:25:00;RS;116;146,8;CAXIAS DO SUL;Pedestre cruzava a pista fora da faixa;Atropelamento de Pedestre;Com Vítimas Feridas;Pleno dia;Crescente;Céu Claro;Dupla;"Reta;Declive";Sim;2;0;1;0;1;0;1;2;-29,14776587;-51,14180502;SPRF-RS;DEL05-RS;UOP01-DEL05-RS
727059;24/10/2025;sexta-feira;00:30:00;RS;470;242,2;BARAO;Ausência de reação do condutor;Colisão lateral sentido oposto;Sem Vítimas;Plena Noite;Crescente;Céu Claro;Simples;Curva;Não;2;0;0;0;1;1;0;2;-29,363632;-51,517422;SPRF-RS;DEL06-RS;UOP01-DEL06-RS
728173;28/10/2025;terça-feira;19:35:00;RS;116;150;CAXIAS DO SUL;Manobra de mudança de faixa;Colisão lateral mesmo sentido;Com Vítimas Feridas;Plena Noite;Crescente;Chuva;Dupla;Reta;Sim;2;0;1;0;1;0;1;2;-29,16548252;-51,15834586;SPRF-RS;DEL05-RS;UOP01-DEL05-RS
728292;29/10/2025;quarta-feira;10:50:00;RS;116;146;CAXIAS DO SUL;Acessar a via sem observar a presença dos outros veículos;Colisão transversal;Com Vítimas Feridas;Pleno dia;Decrescente;Chuva;Dupla;Reta;Sim;2;0;2;0;0;0;2;2;-29,14271609;-51,1365509;SPRF-RS;DEL05-RS;UOP01-DEL05-RS
728296;29/10/2025;quarta-feira;12:15:00;RS;470;224;GARIBALDI;Condutor deixou de manter distância do veículo da frente;Colisão traseira;Sem Vítimas;Pleno dia;Decrescente;Garoa/Chuvisco;Simples;"Declive;Reta";Sim;2;0;0;0;2;0;0;2;-29,23330387;-51,5159694;SPRF-RS;DEL06-RS;UOP01-DEL06-RS
728449;30/10/2025;quinta-feira;08:19:00;RS;116;141,9;CAXIAS DO SUL;Condutor desrespeitou a iluminação vermelha do semáforo;Colisão transversal;Com Vítimas Feridas;Pleno dia;Decrescente;Céu Claro;Dupla;Interseção de Vias;Sim;2;0;1;0;1;0;1;2;-29,118052;-51,116263;SPRF-RS;DEL05-RS;UOP01-DEL05-RS
728515;30/10/2025;quinta-feira;13:40:00;RS;470;227;GARIBALDI;Condutor deixou de manter distância do veículo da frente;Colisão traseira;Com Vítimas Feridas;Pleno dia;Crescente;Céu Claro;Simples;Reta;Não;2;0;1;0;1;0;1;2;-29,26214128;-51,50630951;SPRF-RS;DEL06-RS;UOP01-DEL06-RS
728521;30/10/2025;quinta-feira;14:15:00;RS;116;156;CAXIAS DO SUL;Reação tardia ou ineficiente do condutor;Colisão lateral mesmo sentido;Sem Vítimas;Pleno dia;Decrescente;Céu Claro;Simples;Curva;Não;2;0;0;0;2;0;0;2;-29,208945;-51,177408;SPRF-RS;DEL05-RS;UOP01-DEL05-RS
728591;30/10/2025;quinta-feira;19:25:00;RS;116;116,4;SAO MARCOS;Acessar a via sem observar a presença dos outros veículos;Colisão traseira;Com Vítimas Feridas;Anoitecer;Decrescente;Céu Claro;Simples;Curva;Sim;3;0;1;1;0;1;2;3;-28,97843;-51,06567;SPRF-RS;DEL05-RS;UOP01-DEL05-RS
728605;30/10/2025;quinta-feira;19:30:00;RS;116;155,7;CAXIAS DO SUL;Reação tardia ou ineficiente do condutor;Colisão lateral mesmo sentido;Sem Vítimas;Plena Noite;Decrescente;Céu Claro;Simples;Reta;Não;2;0;0;0;2;0;0;2;-29,20569;-51,1774;SPRF-RS;DEL05-RS;UOP01-DEL05-RS
728775;31/10/2025;sexta-feira;17:50:00;RS;116;150;CAXIAS DO SUL;Condutor deixou de manter distância do veículo da frente;Colisão traseira;Com Vítimas Feridas;Anoitecer;Crescente;Céu Claro;Dupla;Reta;Sim;2;0;1;0;1;0;1;2;-29,17058503;-51,15959352;SPRF-RS;DEL05-RS;UOP01-DEL05-RS
728977;01/11/2025;sábado;17:10:00;RS;116;213;MORRO REUTER;Reação tardia ou ineficiente do condutor;Saída de leito carroçável;Com Vítimas Feridas;Pleno dia;Crescente;Céu Claro;Simples;Curva;Não;1;0;1;0;0;0;1;1;-29,5246496;-51,087347;SPRF-RS;DEL05-RS;UOP02-DEL05-RS
728985;01/11/2025;sábado;18:50:00;RS;116;213,2;MORRO REUTER;Transitar na contramão;Colisão lateral sentido oposto;Sem Vítimas;Pleno dia;Decrescente;Céu Claro;Simples;Curva;Não;3;0;0;0;3;0;0;3;-29,5246496;-51,087347;SPRF-RS;DEL05-RS;UOP02-DEL05-RS
729068;02/11/2025;domingo;02:10:00;RS;116;149;CAXIAS DO SUL;Conversão proibida;Colisão lateral mesmo sentido;Sem Vítimas;Plena Noite;Decrescente;Céu Claro;Múltipla;"Interseção de Vias;Reta";Sim;2;0;0;0;2;0;0;2;-29,16009395;-51,15666159;SPRF-RS;DEL05-RS;UOP01-DEL05-RS
729171;02/11/2025;domingo;14:30:00;RS;470;217;BENTO GONCALVES;Acessar a via sem observar a presença dos outros veículos;Colisão lateral mesmo sentido;Com Vítimas Feridas;Pleno dia;Crescente;Nublado;Dupla;Curva;Não;4;0;1;0;3;0;1;2;-29,17442153;-51,52429104;SPRF-RS;DEL06-RS;UOP01-DEL06-RS
729357;18/10/2025;sábado;08:50:00;RS;470;218;BENTO GONCALVES;Acumulo de água sobre o pavimento;Saída de leito carroçável;Com Vítimas Feridas;Pleno dia;Decrescente;Garoa/Chuvisco;Dupla;Curva;Não;1;0;1;0;0;0;1;1;-29,1849388;-51,52137011;SPRF-RS;DEL06-RS;UOP01-DEL06-RS
729779;05/11/2025;quarta-feira;15:31:00;RS;116;144;CAXIAS DO SUL;Ausência de reação do condutor;Colisão lateral mesmo sentido;Com Vítimas Feridas;Pleno dia;Decrescente;Céu Claro;Dupla;"Declive;Reta";Sim;2;0;1;0;0;1;1;2;-29,129085;-51,127618;SPRF-RS;DEL05-RS;UOP01-DEL05-RS
729974;06/11/2025;quinta-feira;15:00:00;RS;116;142,2;CAXIAS DO SUL;Acessar a via sem observar a presença dos outros veículos;Colisão lateral mesmo sentido;Sem Vítimas;Pleno dia;Crescente;Céu Claro;Dupla;Curva;Sim;2;0;0;0;2;0;0;2;-29,1189173;-51,1181186;SPRF-RS;DEL05-RS;UOP01-DEL05-RS
730092;19/10/2025;domingo;16:13:00;RS;116;150,2;CAXIAS DO SUL;Manobra de mudança de faixa;Colisão lateral mesmo sentido;Com Vítimas Fatais;Pleno dia;Decrescente;Sol;Dupla;"Aclive;Reta";Sim;8;1;4;0;3;0;4;4;-29,172857;-51,160689;SPRF-RS;DEL05-RS;UOP01-DEL05-RS
730323;08/11/2025;sábado;03:37:00;RS;116;150,1;CAXIAS DO SUL;Condutor desrespeitou a iluminação vermelha do semáforo;Colisão transversal;Com Vítimas Feridas;Amanhecer;Decrescente;Garoa/Chuvisco;Dupla;"Interseção de Vias;Reta";Sim;4;0;3;0;1;0;3;2;-29,170155;-51,15908;SPRF-RS;DEL05-RS;UOP01-DEL05-RS
730423;08/11/2025;sábado;09:26:00;RS;470;213;BENTO GONCALVES;Chuva;Tombamento;Com Vítimas Feridas;Pleno dia;Decrescente;Chuva;Simples;"Interseção de Vias;Curva";Não;1;0;1;0;0;0;1;1;-29,144856;-51,533144;SPRF-RS;DEL06-RS;UOP01-DEL06-RS
730441;08/11/2025;sábado;13:50:00;RS;116;153;CAXIAS DO SUL;Ausência de reação do condutor;Colisão transversal;Com Vítimas Feridas;Pleno dia;Decrescente;Garoa/Chuvisco;Dupla;Rotatória;Sim;2;0;1;0;1;0;1;2;-29,18784891;-51,18232934;SPRF-RS;DEL05-RS;UOP01-DEL05-RS
730516;08/11/2025;sábado;17:10:00;RS;470;233;CARLOS BARBOSA;Velocidade Incompatível;Saída de leito carroçável;Com Vítimas Feridas;Pleno dia;Decrescente;Nublado;Simples;"Declive;Curva";Não;1;0;1;0;0;0;1;1;-29,299734;-51,48308;SPRF-RS;DEL06-RS;UOP01-DEL06-RS
730537;08/11/2025;sábado;19:30:00;RS;116;149;CAXIAS DO SUL;Condutor desrespeitou a iluminação vermelha do semáforo;Colisão transversal;Com Vítimas Feridas;Plena Noite;Crescente;Céu Claro;Múltipla;Interseção de Vias;Sim;3;0;2;0;1;0;2;2;-29,1604276;-51,162471;SPRF-RS;DEL05-RS;UOP01-DEL05-RS
730733;09/11/2025;domingo;16:50:00;RS;116;182,7;NOVA PETROPOLIS;Reação tardia ou ineficiente do condutor;Saída de leito carroçável;Com Vítimas Feridas;Pleno dia;Decrescente;Sol;Simples;Curva;Não;2;0;1;0;0;1;1;2;-29,37730384;-51,13108895;SPRF-RS;DEL05-RS;UOP02-DEL05-RS
730808;09/11/2025;domingo;23:10:00;RS;116;150,2;CAXIAS DO SUL;Reação tardia ou ineficiente do condutor;Colisão traseira;Sem Vítimas;Plena Noite;Crescente;Céu Claro;Dupla;Reta;Sim;2;0;0;0;2;0;0;2;-29,1709444;-51,1599447;SPRF-RS;DEL05-RS;UOP01-DEL05-RS
730819;09/11/2025;domingo;23:40:00;RS;116;142;CAXIAS DO SUL;Condutor desrespeitou a iluminação vermelha do semáforo;Colisão transversal;Sem Vítimas;Plena Noite;Decrescente;Céu Claro;Múltipla;Rotatória;Sim;2;0;0;0;2;0;0;2;-29,11878498;-51,11683911;SPRF-RS;DEL05-RS;UOP01-DEL05-RS
730993;10/11/2025;segunda-feira;18:10:00;RS;116;150;CAXIAS DO SUL;Entrada inopinada do pedestre;Atropelamento de Pedestre;Com Vítimas Feridas;Anoitecer;Decrescente;Céu Claro;Dupla;Reta;Sim;2;0;1;0;1;0;1;2;-29,169256;-51,158612;SPRF-RS;DEL05-RS;UOP01-DEL05-RS
731037;10/11/2025;segunda-feira;21:45:00;RS;116;148,3;CAXIAS DO SUL;Entrada inopinada do pedestre;Atropelamento de Pedestre;Com Vítimas Feridas;Plena Noite;Decrescente;Céu Claro;Dupla;Curva;Sim;2;0;1;0;1;0;1;2;-29,157288;-51,151322;SPRF-RS;DEL05-RS;UOP01-DEL05-RS
731303;12/11/2025;quarta-feira;10:20:00;RS;470;157,5;NOVA PRATA;Reação tardia ou ineficiente do condutor;Colisão traseira;Com Vítimas Feridas;Pleno dia;Crescente;Céu Claro;Simples;"Interseção de Vias;Reta";Não;3;0;1;0;2;0;1;2;-28,78603417;-51,61415245;SPRF-RS;DEL06-RS;UOP02-DEL06-RS
731317;12/11/2025;quarta-feira;12:00:00;RS;116;147,3;CAXIAS DO SUL;Condutor desrespeitou a iluminação vermelha do semáforo;Colisão transversal;Com Vítimas Feridas;Pleno dia;Decrescente;Céu Claro;Dupla;"Interseção de Vias;Reta";Sim;2;0;1;0;1;0;1;2;-29,15184696;-51,14805071;SPRF-RS;DEL05-RS;UOP01-DEL05-RS
731457;13/11/2025;quinta-feira;01:00:00;RS;470;216,9;BENTO GONCALVES;Ausência de reação do condutor;Colisão com objeto;Com Vítimas Feridas;Plena Noite;Decrescente;Nublado;Dupla;Curva;Sim;1;0;1;0;0;0;1;1;-29,17451945;-51,52407495;SPRF-RS;DEL06-RS;UOP01-DEL06-RS
731582;13/11/2025;quinta-feira;15:30:00;RS;116;183;NOVA PETROPOLIS;Transitar na contramão;Colisão frontal;Com Vítimas Feridas;Pleno dia;Crescente;Céu Claro;Simples;Curva;Não;4;0;2;0;2;0;2;2;-29,38355517;-51,11928686;SPRF-RS;DEL05-RS;UOP02-DEL05-RS
731891;14/11/2025;sexta-feira;21:10:00;RS;470;218;BENTO GONCALVES;Animais na Pista;Atropelamento de Animal;Sem Vítimas;Plena Noite;Crescente;Nublado;Simples;"Declive;Curva";Sim;2;0;0;0;1;1;0;2;-29,17914278;-51,51862621;SPRF-RS;DEL06-RS;UOP01-DEL06-RS
732135;15/11/2025;sábado;19:30:00;RS;470;226;GARIBALDI;Acessar a via sem observar a presença dos outros veículos;Colisão transversal;Com Vítimas Feridas;Plena Noite;Crescente;Nublado;Simples;"Reta;Declive";Não;4;0;0;2;0;2;2;3;-29,250707;-51,513811;SPRF-RS;DEL06-RS;UOP01-DEL06-RS
732207;16/11/2025;domingo;05:30:00;RS;470;219;BENTO GONCALVES;Reação tardia ou ineficiente do condutor;Colisão com objeto;Sem Vítimas;Amanhecer;Crescente;Céu Claro;Simples;"Declive;Curva";Não;2;0;0;0;2;0;0;1;-29,19235925;-51,52214527;SPRF-RS;DEL06-RS;UOP01-DEL06-RS
732659;18/11/2025;terça-feira;07:30:00;RS;116;146;CAXIAS DO SUL;Manobra de mudança de faixa;Colisão lateral mesmo sentido;Com Vítimas Feridas;Pleno dia;Decrescente;Céu Claro;Dupla;Reta;Não;2;0;1;0;1;0;1;2;-29,14955469;-51,14289634;SPRF-RS;DEL05-RS;UOP01-DEL05-RS
732820;18/11/2025;terça-feira;19:50:00;RS;470;222;BENTO GONCALVES;Ausência de reação do condutor;Queda de ocupante de veículo;Com Vítimas Feridas;Plena Noite;Decrescente;Nublado;Simples;Curva;Sim;1;0;0;1;0;0;1;1;-29,1768315;-51,5209661;SPRF-RS;DEL06-RS;UOP01-DEL06-RS
733277;20/11/2025;quinta-feira;21:50:00;RS;116;146;CAXIAS DO SUL;Acesso irregular;Colisão transversal;Com Vítimas Feridas;Plena Noite;Decrescente;Céu Claro;Dupla;Reta;Sim;3;0;0;1;2;0;1;2;-29,14554086;-51,1396393;SPRF-RS;DEL05-RS;UOP01-DEL05-RS
733543;22/11/2025;sábado;04:00:00;RS;470;229;CARLOS BARBOSA;Neblina;Saída de leito carroçável;Com Vítimas Feridas;Pleno dia;Decrescente;Nevoeiro/Neblina;Simples;Reta;Não;1;0;1;0;0;0;1;1;-29,28961272;-51,48702828;SPRF-RS;DEL06-RS;UOP01-DEL06-RS
734681;27/11/2025;quinta-feira;11:05:00;RS;116;149,6;CAXIAS DO SUL;Manobra de mudança de faixa;Colisão lateral mesmo sentido;Com Vítimas Feridas;Pleno dia;Crescente;Céu Claro;Dupla;"Reta;Declive";Sim;4;0;2;0;0;2;2;3;-29,16649096;-51,15861861;SPRF-RS;DEL05-RS;UOP01-DEL05-RS
734759;27/11/2025;quinta-feira;20:40:00;RS;470;220;BENTO GONCALVES;Pista Escorregadia;Colisão traseira;Com Vítimas Feridas;Plena Noite;Crescente;Céu Claro;Simples;Curva;Não;2;0;0;1;1;0;1;2;-29,15335549;-51,52965395;SPRF-RS;DEL06-RS;UOP01-DEL06-RS
734943;28/11/2025;sexta-feira;15:15:00;RS;470;158;NOVA PRATA;Acessar a via sem observar a presença dos outros veículos;Colisão transversal;Com Vítimas Feridas;Pleno dia;Crescente;Céu Claro;Simples;Interseção de Vias;Sim;2;0;1;0;1;0;1;2;-28,80172577;-51,60969693;SPRF-RS;DEL06-RS;UOP02-DEL06-RS
734998;28/11/2025;sexta-feira;18:10:00;RS;116;152;CAXIAS DO SUL;Reação tardia ou ineficiente do condutor;Colisão traseira;Sem Vítimas;Anoitecer;Decrescente;Céu Claro;Dupla;Reta;Sim;3;0;0;0;3;0;0;2;-29,17812598;-51,16238443;SPRF-RS;DEL05-RS;UOP01-DEL05-RS
735226;29/11/2025;sábado;16:20:00;RS;116;143;CAXIAS DO SUL;Ausência de reação do condutor;Colisão lateral mesmo sentido;Com Vítimas Feridas;Pleno dia;Decrescente;Céu Claro;Dupla;Reta;Não;3;0;2;0;1;0;2;2;-29,12697216;-51,12762451;SPRF-RS;DEL05-RS;UOP01-DEL05-RS
735322;29/11/2025;sábado;21:58:00;RS;116;112,8;SAO MARCOS;Velocidade Incompatível;Colisão transversal;Com Vítimas Fatais;Plena Noite;Decrescente;Céu Claro;Simples;Reta;Sim;3;2;0;0;1;0;0;2;-28,95344654;-51,08119933;SPRF-RS;DEL05-RS;UOP01-DEL05-RS
735382;30/11/2025;domingo;04:00:00;RS;470;222;GARIBALDI;Transitar na contramão;Colisão frontal;Com Vítimas Fatais;Plena Noite;Decrescente;Céu Claro;Simples;"Declive;Reta";Não;2;1;0;1;0;0;1;2;-29,2281;-51,51641;SPRF-RS;DEL06-RS;UOP01-DEL06-RS
735613;01/12/2025;segunda-feira;06:50:00;RS;116;155,8;CAXIAS DO SUL;Reação tardia ou ineficiente do condutor;Colisão lateral mesmo sentido;Com Vítimas Feridas;Pleno dia;Decrescente;Nublado;Simples;Curva;Sim;1;0;1;0;0;0;1;1;-29,20701716;-51,17755359;SPRF-RS;DEL05-RS;UOP01-DEL05-RS
735693;01/12/2025;segunda-feira;12:00:00;RS;116;147;CAXIAS DO SUL;Manobra de mudança de faixa;Colisão lateral mesmo sentido;Com Vítimas Feridas;Pleno dia;Decrescente;Céu Claro;Dupla;Reta;Sim;2;0;1;0;1;0;1;2;-29,149795;-51,14501;SPRF-RS;DEL05-RS;UOP01-DEL05-RS
735694;01/12/2025;segunda-feira;11:55:00;RS;116;147;CAXIAS DO SUL;Reação tardia ou ineficiente do condutor;Colisão traseira;Com Vítimas Feridas;Pleno dia;Crescente;Céu Claro;Dupla;Reta;Não;2;0;2;0;0;0;2;2;-29,15366044;-51,149683;SPRF-RS;DEL05-RS;UOP01-DEL05-RS
736484;05/12/2025;sexta-feira;06:40:00;RS;116;146;CAXIAS DO SUL;Condutor desrespeitou a iluminação vermelha do semáforo;Colisão lateral mesmo sentido;Com Vítimas Feridas;Pleno dia;Crescente;Céu Claro;Dupla;Interseção de Vias;Sim;2;0;1;0;1;0;1;2;-29,14302;-51,137505;SPRF-RS;DEL05-RS;UOP01-DEL05-RS
736593;05/12/2025;sexta-feira;14:38:00;RS;470;215;BENTO GONCALVES;Conversão proibida;Colisão transversal;Com Vítimas Feridas;Pleno dia;Crescente;Céu Claro;Simples;Reta;Sim;2;0;1;0;1;0;1;2;-29,16021388;-51,52895657;SPRF-RS;DEL06-RS;UOP01-DEL06-RS
736632;05/12/2025;sexta-feira;17:30:00;RS;116;118;SAO MARCOS;Ausência de reação do condutor;Capotamento;Com Vítimas Feridas;Pleno dia;Crescente;Céu Claro;Simples;Reta;Não;1;0;1;0;0;0;1;1;-28,9835683;-51,069238;SPRF-RS;DEL05-RS;UOP01-DEL05-RS
736651;05/12/2025;sexta-feira;19:00:00;RS;116;142,6;CAXIAS DO SUL;Manobra de mudança de faixa;Colisão lateral mesmo sentido;Com Vítimas Feridas;Anoitecer;Crescente;Céu Claro;Dupla;Reta;Sim;3;0;2;0;1;0;2;2;-29,118358;-51,12128;SPRF-RS;DEL05-RS;UOP01-DEL05-RS
736880;06/12/2025;sábado;17:50:00;RS;116;144;CAXIAS DO SUL;Ausência de reação do condutor;Colisão traseira;Com Vítimas Feridas;Pleno dia;Decrescente;Céu Claro;Dupla;Reta;Sim;2;0;1;0;1;0;1;2;-29,130408;-51,12807;SPRF-RS;DEL05-RS;UOP01-DEL05-RS
737079;07/12/2025;domingo;12:40:00;RS;116;152,4;CAXIAS DO SUL;Reação tardia ou ineficiente do condutor;Tombamento;Com Vítimas Feridas;Pleno dia;Crescente;Sol;Dupla;Curva;Sim;2;0;1;0;0;1;1;2;-29,18416355;-51,17187023;SPRF-RS;DEL05-RS;UOP01-DEL05-RS
737258;08/12/2025;segunda-feira;07:00:00;RS;470;227;GARIBALDI;Condutor deixou de manter distância do veículo da frente;Colisão lateral mesmo sentido;Com Vítimas Feridas;Pleno dia;Crescente;Céu Claro;Simples;Reta;Sim;2;0;1;0;0;1;1;2;-29,25958282;-51,50842879;SPRF-RS;DEL06-RS;UOP01-DEL06-RS
737498;09/12/2025;terça-feira;06:30:00;RS;470;210;BENTO GONCALVES;Pista Escorregadia;Colisão com objeto;Com Vítimas Feridas;Pleno dia;Crescente;Garoa/Chuvisco;Dupla;"Curva;Aclive";Não;11;0;1;0;10;0;1;1;-29,13212419;-51,5450778;SPRF-RS;DEL06-RS;UOP01-DEL06-RS
737530;09/12/2025;terça-feira;10:30:00;RS;116;149;CAXIAS DO SUL;Pedestre cruzava a pista fora da faixa;Atropelamento de Pedestre;Com Vítimas Feridas;Pleno dia;Decrescente;Chuva;Dupla;Curva;Sim;2;0;0;1;1;0;1;2;-29,1536896;-51,1475712;SPRF-RS;DEL05-RS;UOP01-DEL05-RS
737554;09/12/2025;terça-feira;11:15:00;RS;116;144,9;CAXIAS DO SUL;Velocidade Incompatível;Colisão com objeto;Com Vítimas Feridas;Pleno dia;Crescente;Chuva;Dupla;Reta;Não;1;0;0;1;0;0;1;1;-29,1499392;-51,1449549;SPRF-RS;DEL05-RS;UOP01-DEL05-RS
737565;09/12/2025;terça-feira;11:10:00;RS;116;159;CAXIAS DO SUL;Acessar a via sem observar a presença dos outros veículos;Colisão transversal;Sem Vítimas;Pleno dia;Crescente;Chuva;Simples;Reta;Não;2;0;0;0;2;0;0;2;-29,23080939;-51,15909219;SPRF-RS;DEL05-RS;UOP01-DEL05-RS
737572;09/12/2025;terça-feira;13:30:00;RS;470;210;BENTO GONCALVES;Reação tardia ou ineficiente do condutor;Colisão lateral sentido oposto;Com Vítimas Feridas;Pleno dia;Decrescente;Chuva;Simples;"Curva;Aclive";Não;2;0;1;0;1;0;1;2;-29,12816085;-51,54090178;SPRF-RS;DEL06-RS;UOP01-DEL06-RS
737868;10/12/2025;quarta-feira;18:40:00;RS;470;218,8;BENTO GONCALVES;Acumulo de água sobre o pavimento;Colisão frontal;Com Vítimas Feridas;Anoitecer;Crescente;Chuva;Simples;Curva;Não;4;0;3;0;0;1;3;3;-29,18781407;-51,52147436;SPRF-RS;DEL06-RS;UOP01-DEL06-RS
738226;12/12/2025;sexta-feira;11:45:00;RS;116;116;SAO MARCOS;Reação tardia ou ineficiente do condutor;Colisão traseira;Com Vítimas Feridas;Pleno dia;Crescente;Céu Claro;Simples;Reta;Não;2;0;1;0;1;0;1;2;-28,96512865;-51,07468542;SPRF-RS;DEL05-RS;UOP01-DEL05-RS
738500;13/12/2025;sábado;10:10:00;RS;116;209,4;MORRO REUTER;Reação tardia ou ineficiente do condutor;Colisão lateral sentido oposto;Com Vítimas Feridas;Pleno dia;Crescente;Céu Claro;Simples;Curva;Não;2;0;1;0;1;0;1;2;-29,52155162;-51,08590476;SPRF-RS;DEL05-RS;UOP02-DEL05-RS
739838;18/12/2025;quinta-feira;21:20:00;RS;470;217;BENTO GONCALVES;Desrespeitar a preferência no cruzamento;Colisão transversal;Sem Vítimas;Plena Noite;Crescente;Céu Claro;Simples;Retorno Regulamentado;Sim;6;0;0;0;6;0;0;2;-29,17607305;-51,52150865;SPRF-RS;DEL06-RS;UOP01-DEL06-RS
739859;19/12/2025;sexta-feira;00:00:00;RS;470;206,2;BENTO GONCALVES;Ausência de reação do condutor;Saída de leito carroçável;Com Vítimas Feridas;Plena Noite;Decrescente;Céu Claro;Simples;Reta;Não;1;0;1;0;0;0;1;1;-29,09477593;-51,54934287;SPRF-RS;DEL06-RS;UOP01-DEL06-RS
740066;19/12/2025;sexta-feira;17:40:00;RS;116;143;CAXIAS DO SUL;Trafegar com motocicleta (ou similar) entre as faixas;Colisão transversal;Com Vítimas Feridas;Pleno dia;Crescente;Céu Claro;Dupla;Reta;Sim;2;0;1;0;1;0;1;2;-29,1536896;-51,150848;SPRF-RS;DEL05-RS;UOP01-DEL05-RS
740343;20/12/2025;sábado;14:00:00;RS;116;184;NOVA PETROPOLIS;Transitar na contramão;Colisão frontal;Com Vítimas Feridas;Pleno dia;Crescente;Céu Claro;Simples;"Curva;Aclive";Sim;5;0;2;0;2;1;2;3;-29,38368445;-51,11982314;SPRF-RS;DEL05-RS;UOP02-DEL05-RS
740458;21/12/2025;domingo;00:43:00;RS;470;177;VERANOPOLIS;Retorno proibido;Colisão transversal;Com Vítimas Feridas;Plena Noite;Decrescente;Céu Claro;Simples;Reta;Sim;3;0;2;1;0;0;3;2;-28,9407158;-51,54780714;SPRF-RS;DEL06-RS;UOP02-DEL06-RS
740626;21/12/2025;domingo;16:30:00;RS;470;244;BARAO;Velocidade Incompatível;Colisão com objeto;Sem Vítimas;Pleno dia;Decrescente;Céu Claro;Simples;Reta;Sim;1;0;0;0;0;1;0;1;-29,37653251;-51,4980468;SPRF-RS;DEL06-RS;UOP01-DEL06-RS
740823;22/12/2025;segunda-feira;10:40:00;RS;470;236,5;CARLOS BARBOSA;Transitar na contramão;Colisão frontal;Com Vítimas Feridas;Pleno dia;Decrescente;Céu Claro;Simples;"Reta;Aclive";Não;3;0;0;2;0;1;2;3;-29,32468698;-51,4986047;SPRF-RS;DEL06-RS;UOP01-DEL06-RS
740846;15/12/2025;segunda-feira;07:30:00;RS;116;149,1;CAXIAS DO SUL;Manobra de mudança de faixa;Colisão lateral mesmo sentido;Com Vítimas Feridas;Pleno dia;Crescente;Céu Claro;Dupla;Curva;Sim;2;0;0;1;1;0;1;2;-29,16207269;-51,15676871;SPRF-RS;DEL05-RS;UOP01-DEL05-RS
741694;26/12/2025;sexta-feira;10:40:00;RS;470;183;VERANOPOLIS;Ausência de reação do condutor;Colisão lateral sentido oposto;Com Vítimas Feridas;Pleno dia;Decrescente;Nublado;Simples;Curva;Não;3;0;1;0;2;0;1;2;-28,982973;-51,565742;SPRF-RS;DEL06-RS;UOP02-DEL06-RS
741867;27/12/2025;sábado;05:10:00;RS;470;205;BENTO GONCALVES;Fumaça;Incêndio;Sem Vítimas;Amanhecer;Decrescente;Nublado;Simples;Reta;Não;1;0;0;0;1;0;0;1;-29,08355992;-51,56076606;SPRF-RS;DEL06-RS;UOP01-DEL06-RS
742360;29/12/2025;segunda-feira;09:30:00;RS;116;144,5;CAXIAS DO SUL;Reação tardia ou ineficiente do condutor;Colisão com objeto;Com Vítimas Feridas;Pleno dia;Crescente;Céu Claro;Dupla;Interseção de Vias;Não;20;0;13;0;7;0;13;1;-29,13433661;-51,13002174;SPRF-RS;DEL05-RS;UOP01-DEL05-RS
742607;30/12/2025;terça-feira;15:30:00;RS;470;211;BENTO GONCALVES;Ausência de reação do condutor;Saída de leito carroçável;Com Vítimas Feridas;Pleno dia;Decrescente;Garoa/Chuvisco;Simples;Curva;Não;2;0;2;0;0;0;2;1;-29,131903;-51,545012;SPRF-RS;DEL06-RS;UOP01-DEL06-RS
742646;30/12/2025;terça-feira;19:30:00;RS;470;223,7;GARIBALDI;Reação tardia ou ineficiente do condutor;Colisão traseira;Com Vítimas Feridas;Plena Noite;Decrescente;Nublado;Simples;"Declive;Reta";Sim;3;0;1;0;2;0;1;2;-29,22948925;-51,51638389;SPRF-RS;DEL06-RS;UOP01-DEL06-RS
742667;30/12/2025;terça-feira;19:55:00;RS;116;115;SAO MARCOS;Ultrapassagem Indevida;Colisão lateral mesmo sentido;Com Vítimas Feridas;Plena Noite;Crescente;Nublado;Simples;Reta;Sim;2;0;1;0;1;0;1;2;-28,96980318;-51,07153114;SPRF-RS;DEL05-RS;UOP01-DEL05-RS
742781;31/12/2025;quarta-feira;11:40:00;RS;470;185;VERANOPOLIS;Avarias e/ou desgaste excessivo no pneu;Queda de ocupante de veículo;Com Vítimas Feridas;Pleno dia;Decrescente;Céu Claro;Simples;"Curva;Aclive";Não;1;0;1;0;0;0;1;1;-29,0062774;-51,55023186;SPRF-RS;DEL06-RS;UOP02-DEL06-RS
660144;08/02/2025;sábado;20:20:00;RS;116;206,6;PICADA CAFE;Transitar na contramão;Colisão lateral sentido oposto;Com Vítimas Feridas;Plena Noite;Crescente;Céu Claro;Simples;Reta;Não;2;0;1;0;1;0;1;2;-29,49966726;-51,1306017;SPRF-RS;DEL05-RS;UOP02-DEL05-RS
661719;16/02/2025;domingo;10:20:00;RS;116;192,8;PICADA CAFE;Conversão proibida;Colisão transversal;Com Vítimas Feridas;Pleno dia;Crescente;Céu Claro;Simples;Reta;Não;2;0;0;1;1;0;1;2;-29,43865204;-51,13538892;SPRF-RS;DEL05-RS;UOP02-DEL05-RS
669038;23/03/2025;domingo;10:30:00;RS;116;206,4;PICADA CAFE;Reação tardia ou ineficiente do condutor;Colisão traseira;Com Vítimas Feridas;Pleno dia;Crescente;Céu Claro;Simples;Reta;Não;5;0;4;0;0;1;4;4;-29,500647;-51,131271;SPRF-RS;DEL05-RS;UOP02-DEL05-RS
669164;23/03/2025;domingo;18:00:00;RS;116;201,6;PICADA CAFE;Velocidade Incompatível;Saída de leito carroçável;Com Vítimas Feridas;Anoitecer;Crescente;Céu Claro;Simples;Curva;Não;1;0;0;1;0;0;1;1;-29,48430001;-51,14450801;SPRF-RS;DEL05-RS;UOP02-DEL05-RS
690303;10/05/2025;sábado;12:40:00;RS;116;200,9;PICADA CAFE;Reação tardia ou ineficiente do condutor;Tombamento;Com Vítimas Feridas;Pleno dia;Decrescente;Céu Claro;Simples;Curva;Não;2;0;0;1;0;1;1;2;-29,48848774;-51,14180937;SPRF-RS;DEL05-RS;UOP02-DEL05-RS
700195;24/06/2025;terça-feira;08:00:00;RS;116;189;PICADA CAFE;Demais Fenômenos da natureza;Colisão traseira;Com Vítimas Feridas;Pleno dia;Crescente;Céu Claro;Simples;Curva;Não;2;0;1;0;1;0;1;2;-29,44318539;-51,13929749;SPRF-RS;DEL05-RS;UOP02-DEL05-RS
704501;13/07/2025;domingo;13:30:00;RS;116;203;PICADA CAFE;Ausência de reação do condutor;Queda de ocupante de veículo;Com Vítimas Feridas;Pleno dia;Decrescente;Céu Claro;Simples;Reta;Não;1;0;1;0;0;0;1;1;-29,45699011;-51,13825545;SPRF-RS;DEL05-RS;UOP02-DEL05-RS
705845;19/07/2025;sábado;16:35:00;RS;116;207,5;PICADA CAFE;Velocidade Incompatível;Tombamento;Com Vítimas Feridas;Pleno dia;Crescente;Céu Claro;Simples;Curva;Não;4;0;0;2;2;0;2;2;-29,50445;-51,11777;SPRF-RS;DEL05-RS;UOP02-DEL05-RS
718075;13/09/2025;sábado;10:40:00;RS;116;204;PICADA CAFE;Ausência de reação do condutor;Saída de leito carroçável;Com Vítimas Feridas;Pleno dia;Decrescente;Céu Claro;Simples;Curva;Não;2;0;1;0;1;0;1;1;-29,4943422;-51,1386927;SPRF-RS;DEL05-RS;UOP02-DEL05-RS
726332;14/09/2025;domingo;08:40:00;RS;116;195;PICADA CAFE;Reação tardia ou ineficiente do condutor;Colisão traseira;Com Vítimas Feridas;Pleno dia;Crescente;Céu Claro;Simples;Reta;Sim;2;0;0;1;1;0;1;2;-29,461497;-51,141003;SPRF-RS;DEL05-RS;UOP02-DEL05-RS
728916;01/11/2025;sábado;11:00:00;RS;116;203,1;PICADA CAFE;Reação tardia ou ineficiente do condutor;Saída de leito carroçável;Com Vítimas Feridas;Pleno dia;Decrescente;Sol;Simples;Curva;Não;1;0;1;0;0;0;1;1;-29,47569418;-51,14556359;SPRF-RS;DEL05-RS;UOP02-DEL05-RS
729164;02/11/2025;domingo;10:45:00;RS;116;208;PICADA CAFE;Velocidade Incompatível;Queda de ocupante de veículo;Com Vítimas Feridas;Pleno dia;Crescente;Céu Claro;Simples;Curva;Não;1;0;0;1;0;0;1;1;-29,5051731;-51,1168963;SPRF-RS;DEL05-RS;UOP02-DEL05-RS
733490;21/11/2025;sexta-feira;17:00:00;RS;116;189;PICADA CAFE;Ausência de reação do condutor;Saída de leito carroçável;Com Vítimas Feridas;Pleno dia;Crescente;Céu Claro;Simples;Reta;Sim;1;0;1;0;0;0;1;1;-29,412377;-51,128637;SPRF-RS;DEL05-RS;UOP02-DEL05-RS
733827;23/11/2025;domingo;10:40:00;RS;116;206;PICADA CAFE;Ausência de reação do condutor;Saída de leito carroçável;Com Vítimas Feridas;Pleno dia;Decrescente;Céu Claro;Simples;Curva;Não;2;0;2;0;0;0;2;1;-29,498228;-51,129287;SPRF-RS;DEL05-RS;UOP02-DEL05-RS
735516;30/11/2025;domingo;10:45:00;RS;116;204,5;PICADA CAFE;Reação tardia ou ineficiente do condutor;Saída de leito carroçável;Com Vítimas Feridas;Pleno dia;Crescente;Céu Claro;Simples;Curva;Não;2;0;2;0;0;0;2;1;-29,495128;-51,14229;SPRF-RS;DEL05-RS;UOP02-DEL05-RS
740674;21/12/2025;domingo;20:10:00;RS;116;187;PICADA CAFE;Transitar na contramão;Colisão lateral sentido oposto;Com Vítimas Feridas;Plena Noite;Crescente;Garoa/Chuvisco;Simples;Curva;Não;5;0;0;1;3;1;1;3;-29,40350048;-51,12438779;SPRF-RS;DEL05-RS;UOP02-DEL05-RS
741796;26/12/2025;sexta-feira;16:15:00;RS;116;200;PICADA CAFE;Manobra de mudança de faixa;Colisão traseira;Com Vítimas Feridas;Pleno dia;Crescente;Nublado;Simples;Reta;Não;2;0;1;0;1;0;1;2;-29,485993;-51,1434284;SPRF-RS;DEL05-RS;UOP02-DEL05-RS
743966;06/01/2026;terça-feira;07:05:00;RS;470;179;VERANOPOLIS;Condutor deixou de manter distância do veículo da frente;Colisão traseira;Com Vítimas Feridas;Pleno dia;Crescente;Céu Claro;Simples;Aclive;Sim;3;0;1;0;1;1;1;3;-28,92474574;-51,53920261;SPRF-RS;DEL06/RS;UOP02-DEL06-RS
744346;08/01/2026;quinta-feira;07:55:00;RS;470;226;GARIBALDI;Manobra de mudança de faixa;Colisão lateral mesmo sentido;Com Vítimas Feridas;Pleno dia;Decrescente;Céu Claro;Dupla;Reta;Sim;4;0;1;0;3;0;1;2;-29,25841092;-51,50918333;SPRF-RS;DEL06/RS;UOP01-DEL06-RS
745257;12/01/2026;segunda-feira;15:30:00;RS;116;198,1;PICADA CAFE;Reação tardia ou ineficiente do condutor;Colisão frontal;Com Vítimas Feridas;Pleno dia;Crescente;Céu Claro;Simples;Curva;Não;4;0;1;1;2;0;2;2;-29,47719;-51,143363;SPRF-RS;DEL05/RS;UOP02-DEL05-RS
745285;12/01/2026;segunda-feira;18:10:00;RS;470;225;GARIBALDI;Acessar a via sem observar a presença dos outros veículos;Colisão transversal;Com Vítimas Feridas;Anoitecer;Crescente;Céu Claro;Simples;"Curva;Aclive;Interseção de Vias";Não;4;0;1;0;2;1;1;3;-29,24667268;-51,51596395;SPRF-RS;DEL06/RS;UOP01-DEL06-RS
747848;24/01/2026;sábado;19:50:00;RS;116;166;CAXIAS DO SUL;Velocidade Incompatível;Colisão transversal;Com Vítimas Feridas;Plena Noite;Decrescente;Céu Claro;Simples;Curva;Não;5;0;0;2;1;2;2;3;-29,25025901;-51,15939201;SPRF-RS;DEL05/RS;UOP02-DEL05-RS
748818;29/01/2026;quinta-feira;23:30:00;RS;470;223;GARIBALDI;Acessar a via sem observar a presença dos outros veículos;Colisão transversal;Com Vítimas Feridas;Plena Noite;Decrescente;Nublado;Simples;"Retorno Regulamentado;Reta;Declive";Sim;2;0;0;1;0;1;1;2;-29,22714341;-51,51593177;SPRF-RS;DEL06/RS;UOP01-DEL06-RS
752737;16/02/2026;segunda-feira;10:20:00;RS;116;213,8;MORRO REUTER;Conversão proibida;Colisão transversal;Com Vítimas Feridas;Pleno dia;Crescente;Chuva;Simples;Curva;Sim;2;0;1;0;1;0;1;2;-29,53375156;-51,08628318;SPRF-RS;DEL05/RS;UOP02-DEL05-RS
754984;27/02/2026;sexta-feira;10:30:00;RS;470;220;BENTO GONCALVES;Acessar a via sem observar a presença dos outros veículos;Colisão transversal;Com Vítimas Feridas;Pleno dia;Crescente;Céu Claro;Simples;"Declive;Reta";Não;2;0;1;0;1;0;1;2;-29,198114;-51,518501;SPRF-RS;DEL06/RS;UOP01-DEL06-RS
755764;03/03/2026;terça-feira;07:00:00;RS;470;225;GARIBALDI;Acesso irregular;Colisão transversal;Com Vítimas Feridas;Pleno dia;Crescente;Céu Claro;Simples;"Reta;Interseção de Vias;Rotatória";Sim;3;0;1;0;1;1;1;3;-29,24641057;-51,51608197;SPRF-RS;DEL06/RS;UOP01-DEL06-RS
757753;12/03/2026;quinta-feira;01:00:00;RS;470;175;VERANOPOLIS;Ingestão de álcool pelo condutor;Colisão com objeto;Sem Vítimas;Plena Noite;Crescente;Céu Claro;Dupla;"Aclive;Rotatória";Sim;1;0;0;0;1;0;0;1;-28,89134079;-51,54941496;SPRF-RS;DEL06/RS;UOP02-DEL06-RS
759956;21/03/2026;sábado;20:45:00;RS;116;112;SAO MARCOS;Velocidade Incompatível;Saída de leito carroçável;Com Vítimas Feridas;Plena Noite;Crescente;Chuva;Simples;Reta;Sim;5;0;2;0;2;1;2;4;-28,96016379;-51,07913017;SPRF-RS;DEL05/RS;UOP01-DEL05-RS
760612;25/03/2026;quarta-feira;12:00:00;RS;470;173;VERANOPOLIS;Transitar na contramão;Colisão lateral sentido oposto;Com Vítimas Feridas;Pleno dia;Crescente;Céu Claro;Simples;"Declive;Reta";Não;3;0;1;0;1;1;1;3;-28,907104;-51,548053;SPRF-RS;DEL06/RS;UOP02-DEL06-RS
760807;26/03/2026;quinta-feira;11:05:00;RS;470;216;BENTO GONCALVES;Acessar a via sem observar a presença dos outros veículos;Colisão transversal;Com Vítimas Feridas;Pleno dia;Decrescente;Céu Claro;Dupla;"Reta;Retorno Regulamentado";Sim;2;0;1;0;1;0;1;2;-29,17119384;-51,52454702;SPRF-RS;DEL06/RS;UOP01-DEL06-RS
763042;05/04/2026;domingo;16:20:00;RS;116;147,4;CAXIAS DO SUL;Reação tardia ou ineficiente do condutor;Colisão traseira;Sem Vítimas;Pleno dia;Crescente;Garoa/Chuvisco;Dupla;Reta;Sim;4;0;0;0;4;0;0;2;-29,151628;-51,147432;SPRF-RS;DEL05/RS;UOP01-DEL05-RS
763335;06/04/2026;segunda-feira;14:20:00;RS;116;147;CAXIAS DO SUL;Trafegar com motocicleta (ou similar) entre as faixas;Colisão traseira;Com Vítimas Feridas;Pleno dia;Decrescente;Céu Claro;Dupla;"Reta;Interseção de Vias";Sim;2;0;1;0;1;0;1;2;-29,15172894;-51,14795492;SPRF-RS;DEL05/RS;UOP01-DEL05-RS
764907;13/04/2026;segunda-feira;20:15:00;RS;470;229,3;GARIBALDI;Transitar na contramão;Colisão frontal;Com Vítimas Fatais;Plena Noite;Crescente;Céu Claro;Simples;"Aclive;Reta";Sim;3;1;0;0;1;1;0;3;-29,272438;-51,496793;SPRF-RS;DEL06/RS;UOP01-DEL06-RS
765923;18/04/2026;sábado;13:15:00;RS;116;176,2;NOVA PETROPOLIS;Ultrapassagem Indevida;Colisão lateral sentido oposto;Com Vítimas Feridas;Pleno dia;Crescente;Céu Claro;Simples;Curva;Não;3;0;0;1;2;0;1;3;-29,343847;-51,15048;SPRF-RS;DEL05/RS;UOP02-DEL05-RS
766778;22/04/2026;quarta-feira;17:20:00;RS;116;135,9;CAXIAS DO SUL;Ausência de reação do condutor;Colisão frontal;Com Vítimas Feridas;Pleno dia;Decrescente;Céu Claro;Simples;Curva;Não;3;0;1;0;1;1;1;3;-29,07428746;-51,10496521;SPRF-RS;DEL05/RS;UOP01-DEL05-RS
767583;26/04/2026;domingo;16:45:00;RS;116;121,7;SAO MARCOS;Ausência de reação do condutor;Tombamento;Com Vítimas Feridas;Pleno dia;Crescente;Céu Claro;Simples;"Curva;Aclive";Não;2;0;1;0;0;1;1;2;-29,01027451;-51,07027385;SPRF-RS;DEL05/RS;UOP01-DEL05-RS
768231;29/04/2026;quarta-feira;15:39:00;RS;470;229,9;GARIBALDI;Entrada inopinada do pedestre;Atropelamento de Pedestre;Com Vítimas Feridas;Pleno dia;Crescente;Céu Claro;Simples;Reta;Sim;2;0;0;1;0;1;1;2;-29,27736569;-51,49317591;SPRF-RS;DEL06/RS;UOP01-DEL06-RS
772801;19/05/2026;terça-feira;09:20:00;RS;116;139,5;CAXIAS DO SUL;Ausência de reação do condutor;Colisão com objeto;Sem Vítimas;Pleno dia;Crescente;Nevoeiro/Neblina;Dupla;Curva;Não;1;0;0;0;1;0;0;1;-29,101297;-51,11047;SPRF-RS;DEL05/RS;UOP01-DEL05-RS
773020;20/05/2026;quarta-feira;22:00:00;RS;470;218;BENTO GONCALVES;Transitar na contramão;Colisão frontal;Sem Vítimas;Plena Noite;Decrescente;Céu Claro;Simples;"Curva;Aclive";Não;3;0;0;0;2;1;0;3;-29,185625;-51,521089;SPRF-RS;DEL06/RS;UOP01-DEL06-RS
774778;28/05/2026;quinta-feira;19:10:00;RS;116;180;NOVA PETROPOLIS;Reação tardia ou ineficiente do condutor;Engavetamento;Sem Vítimas;Plena Noite;Decrescente;Céu Claro;Simples;"Curva;Em Obras";Não;6;0;0;0;6;0;0;3;-29,364582;-51,130638;SPRF-RS;DEL05/RS;UOP02-DEL05-RS
777112;08/06/2026;segunda-feira;02:20:00;RS;116;132;CAXIAS DO SUL;Demais falhas mecânicas ou elétricas;Colisão com objeto;Com Vítimas Feridas;Plena Noite;Decrescente;Chuva;Simples;"Declive;Curva";Não;2;0;0;1;0;1;1;2;-29,0504327;-51,0914948;SPRF-RS;DEL05/RS;UOP01-DEL05-RS
777286;08/06/2026;segunda-feira;19:20:00;RS;470;195,4;BENTO GONCALVES;Ultrapassagem Indevida;Colisão frontal;Com Vítimas Feridas;Plena Noite;Crescente;Nublado;Simples;Curva;Não;4;0;2;0;1;1;2;3;-29,053267;-51,596158;SPRF-RS;DEL06/RS;UOP02-DEL06-RS
777599;10/06/2026;quarta-feira;10:30:00;RS;470;232;CARLOS BARBOSA;Problema com o freio;Colisão lateral sentido oposto;Com Vítimas Feridas;Pleno dia;Decrescente;Nublado;Múltipla;Reta;Não;4;0;0;1;3;0;1;2;-29,298514;-51,480851;SPRF-RS;DEL06/RS;UOP01-DEL06-RS
780230;21/06/2026;domingo;20:40:00;RS;470;178,8;VERANOPOLIS;Reação tardia ou ineficiente do condutor;Colisão traseira;Com Vítimas Feridas;Plena Noite;Decrescente;Céu Claro;Simples;"Aclive;Reta";Sim;4;0;0;1;2;1;1;3;-28,949825;-51,556184;NA;NA;NA
778383;13/06/2026;sábado;11:00:00;RS;116;195;PICADA CAFE;Ausência de reação do condutor;Tombamento;Com Vítimas Feridas;Pleno dia;Crescente;Céu Claro;Simples;Curva;Não;5;0;1;1;3;0;2;2;-29,45589506;-51,13849955;NA;NA;NA
743646;04/01/2026;domingo;16:18:00;RS;470;240;BARAO;Ingestão de álcool pelo condutor;Colisão frontal;Com Vítimas Feridas;Pleno dia;Crescente;Céu Claro;Simples;Curva;Não;2;0;0;1;1;0;1;2;-29,354214;-51,514828;SPRF-RS;DEL06/RS;UOP01-DEL06-RS
743752;05/01/2026;segunda-feira;07:10:00;RS;116;143,8;CAXIAS DO SUL;Reação tardia ou ineficiente do condutor;Colisão lateral mesmo sentido;Com Vítimas Feridas;Pleno dia;Crescente;Céu Claro;Dupla;Curva;Não;2;0;2;0;0;0;2;2;-29,126482;-51,128047;SPRF-RS;DEL05/RS;UOP01-DEL05-RS
743934;05/01/2026;segunda-feira;21:20:00;RS;470;224;GARIBALDI;Pedestre - Ingestão de álcool/ substâncias psicoativas;Atropelamento de Pedestre;Com Vítimas Feridas;Plena Noite;Crescente;Céu Claro;Simples;"Curva;Aclive";Não;2;0;1;0;1;0;1;2;-29,23412794;-51,5161678;SPRF-RS;DEL06/RS;UOP01-DEL06-RS
744685;10/01/2026;sábado;02:15:00;RS;116;150,2;CAXIAS DO SUL;Condutor desrespeitou a iluminação vermelha do semáforo;Colisão transversal;Sem Vítimas;Plena Noite;Crescente;Chuva;Dupla;"Reta;Interseção de Vias";Sim;2;0;0;0;2;0;0;2;-29,170877;-51,159342;SPRF-RS;DEL05/RS;UOP01-DEL05-RS
744865;10/01/2026;sábado;15:45:00;RS;116;211;MORRO REUTER;Velocidade Incompatível;Tombamento;Com Vítimas Feridas;Pleno dia;Decrescente;Céu Claro;Simples;Curva;Não;1;0;1;0;0;0;1;1;-29,51124089;-51,09841911;SPRF-RS;DEL05/RS;UOP02-DEL05-RS
744908;11/01/2026;domingo;00:20:00;RS;116;150,2;CAXIAS DO SUL;Acessar a via sem observar a presença dos outros veículos;Colisão transversal;Com Vítimas Feridas;Plena Noite;Crescente;Chuva;Dupla;Interseção de Vias;Sim;4;0;1;0;3;0;1;2;-29,17043;-51,1596;SPRF-RS;DEL05/RS;UOP01-DEL05-RS
745127;12/01/2026;segunda-feira;00:30:00;RS;470;222,9;GARIBALDI;Ingestão de álcool pelo condutor;Colisão traseira;Sem Vítimas;Plena Noite;Crescente;Céu Claro;Simples;Reta;Sim;2;0;0;0;2;0;0;2;-29,22279891;-51,51629655;SPRF-RS;DEL06/RS;UOP01-DEL06-RS
745261;12/01/2026;segunda-feira;17:00:00;RS;116;143,2;CAXIAS DO SUL;Reação tardia ou ineficiente do condutor;Colisão traseira;Com Vítimas Feridas;Pleno dia;Crescente;Nublado;Dupla;Reta;Sim;2;0;1;0;1;0;1;2;-29,1231953;-51,1229913;SPRF-RS;DEL05/RS;UOP01-DEL05-RS
745288;12/01/2026;segunda-feira;17:33:00;RS;470;223;GARIBALDI;Transitar no Acostamento;Colisão transversal;Com Vítimas Feridas;Pleno dia;Decrescente;Céu Claro;Simples;"Reta;Declive;Retorno Regulamentado";Não;4;0;1;0;2;1;1;3;-29,23286402;-51,51591031;SPRF-RS;DEL06/RS;UOP01-DEL06-RS
745457;13/01/2026;terça-feira;18:40:00;RS;116;110;SAO MARCOS;Acessar a via sem observar a presença dos outros veículos;Colisão lateral mesmo sentido;Com Vítimas Feridas;Pleno dia;Decrescente;Céu Claro;Dupla;Reta;Não;3;0;2;1;0;0;3;2;-28,9409693;-51,0897078;SPRF-RS;DEL05/RS;UOP01-DEL05-RS
745542;14/01/2026;quarta-feira;09:35:00;RS;116;150;CAXIAS DO SUL;Condutor desrespeitou a iluminação vermelha do semáforo;Colisão transversal;Com Vítimas Feridas;Pleno dia;Decrescente;Sol;Dupla;Interseção de Vias;Sim;4;0;2;0;2;0;2;2;-29,170219;-51,15913;SPRF-RS;DEL05/RS;UOP01-DEL05-RS
745751;15/01/2026;quinta-feira;08:40:00;RS;116;114,5;SAO MARCOS;Reação tardia ou ineficiente do condutor;Atropelamento de Pedestre;Com Vítimas Feridas;Pleno dia;Decrescente;Sol;Simples;Rotatória;Sim;2;0;1;0;1;0;1;2;-28,970019;-51,0719907;SPRF-RS;DEL05/RS;UOP01-DEL05-RS
746106;17/01/2026;sábado;01:30:00;RS;116;150;CAXIAS DO SUL;Condutor desrespeitou a iluminação vermelha do semáforo;Colisão transversal;Com Vítimas Feridas;Plena Noite;Crescente;Nublado;Simples;Reta;Não;3;0;1;0;2;0;1;2;-29,171408;-51,15997;SPRF-RS;DEL05/RS;UOP01-DEL05-RS
746359;18/01/2026;domingo;02:05:00;RS;470;173;VERANOPOLIS;Pedestre andava na pista;Atropelamento de Pedestre;Com Vítimas Fatais;Plena Noite;Crescente;Nublado;Simples;Curva;Sim;2;1;0;0;0;1;0;2;-28,91499606;-51,53987853;SPRF-RS;DEL06/RS;UOP02-DEL06-RS
746386;18/01/2026;domingo;07:00:00;RS;116;173;CAXIAS DO SUL;Acessar a via sem observar a presença dos outros veículos;Colisão transversal;Com Vítimas Feridas;Pleno dia;Decrescente;Nublado;Simples;Reta;Não;3;0;1;0;2;0;1;2;-29,322663;-51,170787;SPRF-RS;DEL05/RS;UOP02-DEL05-RS
746748;19/01/2026;segunda-feira;17:35:00;RS;116;146,2;CAXIAS DO SUL;Manobra de mudança de faixa;Colisão lateral mesmo sentido;Com Vítimas Feridas;Pleno dia;Crescente;Céu Claro;Dupla;Reta;Não;2;0;1;0;1;0;1;2;-29,14190845;-51,1355149;SPRF-RS;DEL05/RS;UOP01-DEL05-RS
746941;20/01/2026;terça-feira;17:05:00;RS;470;216;BENTO GONCALVES;Reação tardia ou ineficiente do condutor;Colisão traseira;Sem Vítimas;Pleno dia;Decrescente;Céu Claro;Dupla;Reta;Sim;2;0;0;0;2;0;0;2;-29,16626;-51,52574167;SPRF-RS;DEL06/RS;UOP01-DEL06-RS
747083;21/01/2026;quarta-feira;11:00:00;RS;470;224;BENTO GONCALVES;Acessar a via sem observar a presença dos outros veículos;Colisão transversal;Com Vítimas Feridas;Pleno dia;Crescente;Céu Claro;Dupla;"Aclive;Reta";Sim;3;0;2;0;1;0;2;2;-29,1553475;-51,5189604;SPRF-RS;DEL06/RS;UOP01-DEL06-RS
747137;21/01/2026;quarta-feira;14:55:00;RS;470;215;BENTO GONCALVES;Ausência de reação do condutor;Saída de leito carroçável;Com Vítimas Feridas;Pleno dia;Decrescente;Céu Claro;Simples;"Declive;Curva";Sim;4;0;3;0;1;0;3;1;-29,16284655;-51,52529804;SPRF-RS;DEL06/RS;UOP01-DEL06-RS
747274;22/01/2026;quinta-feira;09:10:00;RS;470;228;GARIBALDI;Acessar a via sem observar a presença dos outros veículos;Colisão transversal;Com Vítimas Feridas;Pleno dia;Crescente;Céu Claro;Simples;"Reta;Retorno Regulamentado";Não;2;0;1;0;1;0;1;2;-29,25249853;-51,53200977;SPRF-RS;DEL06/RS;UOP01-DEL06-RS
747666;23/01/2026;sexta-feira;22:20:00;RS;116;100;SAO MARCOS;Velocidade Incompatível;Queda de ocupante de veículo;Com Vítimas Feridas;Plena Noite;Crescente;Céu Claro;Simples;Curva;Não;1;0;0;1;0;0;1;1;-28,924275;-51,095617;SPRF-RS;DEL05/RS;UOP01-DEL05-RS
747805;24/01/2026;sábado;18:20:00;RS;470;234;CARLOS BARBOSA;Velocidade Incompatível;Colisão com objeto;Sem Vítimas;Pleno dia;Crescente;Céu Claro;Simples;"Declive;Curva";Não;1;0;0;0;1;0;0;1;-29,310167;-51,487121;SPRF-RS;DEL06/RS;UOP01-DEL06-RS
747896;25/01/2026;domingo;06:15:00;RS;470;226;GARIBALDI;Condutor Dormindo;Saída de leito carroçável;Com Vítimas Feridas;Amanhecer;Crescente;Céu Claro;Simples;"Declive;Curva";Não;2;0;1;0;1;0;1;1;-29,252586;-51,512797;SPRF-RS;DEL06/RS;UOP01-DEL06-RS
748040;25/01/2026;domingo;23:30:00;RS;116;108;SAO MARCOS;Animais na Pista;Atropelamento de Animal;Com Vítimas Fatais;Plena Noite;Crescente;Céu Claro;Simples;Reta;Não;1;1;0;0;0;0;0;1;-28,92473444;-51,10031812;SPRF-RS;DEL05/RS;UOP01-DEL05-RS
748884;30/01/2026;sexta-feira;10:00:00;RS;116;147,1;CAXIAS DO SUL;Ausência de reação do condutor;Colisão traseira;Com Vítimas Feridas;Pleno dia;Decrescente;Nublado;Dupla;Reta;Sim;2;0;1;0;1;0;1;2;-29,15007;-51,144857;SPRF-RS;DEL05/RS;UOP01-DEL05-RS
748917;30/01/2026;sexta-feira;13:45:00;RS;470;219;BENTO GONCALVES;Ausência de reação do condutor;Colisão transversal;Com Vítimas Feridas;Pleno dia;Decrescente;Céu Claro;Simples;Curva;Não;3;0;1;0;2;0;1;2;-29,19118335;-51,52232615;SPRF-RS;DEL06/RS;UOP01-DEL06-RS
749129;26/01/2026;segunda-feira;16:30:00;RS;116;150;CAXIAS DO SUL;Reação tardia ou ineficiente do condutor;Colisão traseira;Com Vítimas Feridas;Pleno dia;Crescente;Céu Claro;Dupla;Interseção de Vias;Sim;2;0;1;0;1;0;1;2;-29,171408;-51,15997;SPRF-RS;DEL05/RS;UOP01-DEL05-RS
749164;31/01/2026;sábado;13:55:00;RS;116;148;CAXIAS DO SUL;Reação tardia ou ineficiente do condutor;Colisão lateral mesmo sentido;Com Vítimas Feridas;Pleno dia;Decrescente;Céu Claro;Dupla;Curva;Sim;2;0;1;0;1;0;1;2;-29,15863588;-51,15546292;SPRF-RS;DEL05/RS;UOP01-DEL05-RS
749228;31/01/2026;sábado;18:50:00;RS;470;219,2;BENTO GONCALVES;Manobra de mudança de faixa;Colisão lateral mesmo sentido;Com Vítimas Feridas;Anoitecer;Decrescente;Céu Claro;Simples;Curva;Sim;3;0;1;0;2;0;1;2;-29,188815;-51,521975;SPRF-RS;DEL06/RS;UOP01-DEL06-RS
749525;02/02/2026;segunda-feira;06:53:00;RS;470;215;BENTO GONCALVES;Conversão proibida;Colisão frontal;Com Vítimas Feridas;Pleno dia;Crescente;Céu Claro;Simples;"Reta;Retorno Regulamentado";Sim;2;0;0;1;1;0;1;2;-29,16120699;-51,52657477;SPRF-RS;DEL06/RS;UOP01-DEL06-RS
749959;04/02/2026;quarta-feira;08:10:00;RS;116;151;CAXIAS DO SUL;Manobra de mudança de faixa;Colisão lateral mesmo sentido;Com Vítimas Feridas;Pleno dia;Crescente;Céu Claro;Dupla;Curva;Sim;2;0;1;0;1;0;1;2;-29,18062705;-51,16378991;SPRF-RS;DEL05/RS;UOP01-DEL05-RS
750574;07/02/2026;sábado;01:10:00;RS;470;153,8;NOVA PRATA;Velocidade Incompatível;Tombamento;Com Vítimas Fatais;Plena Noite;Decrescente;Céu Claro;Simples;Rotatória;Sim;2;1;0;1;0;0;1;1;-28,76762362;-51,62228328;SPRF-RS;DEL06/RS;UOP02-DEL06-RS
750933;08/02/2026;domingo;15:00:00;RS;470;221;GARIBALDI;Ingestão de álcool pelo condutor;Colisão com objeto;Com Vítimas Feridas;Pleno dia;Decrescente;Céu Claro;Simples;Reta;Não;1;0;1;0;0;0;1;1;-29,213302;-51,517947;SPRF-RS;DEL06/RS;UOP01-DEL06-RS
751602;11/02/2026;quarta-feira;15:40:00;RS;470;222;GARIBALDI;Desrespeitar a preferência no cruzamento;Colisão transversal;Com Vítimas Feridas;Pleno dia;Decrescente;Céu Claro;Simples;"Declive;Reta";Não;2;0;1;0;1;0;1;2;-29,22730258;-51,51618926;SPRF-RS;DEL06/RS;UOP01-DEL06-RS
751974;13/02/2026;sexta-feira;08:50:00;RS;116;153;CAXIAS DO SUL;Condutor deixou de manter distância do veículo da frente;Colisão traseira;Com Vítimas Feridas;Pleno dia;Decrescente;Céu Claro;Dupla;Reta;Sim;3;0;1;0;1;1;1;3;-29,17848194;-51,18447511;SPRF-RS;DEL05/RS;UOP01-DEL05-RS
752360;14/02/2026;sábado;15:20:00;RS;470;218;BENTO GONCALVES;Reação tardia ou ineficiente do condutor;Colisão frontal;Com Vítimas Feridas;Pleno dia;Decrescente;Garoa/Chuvisco;Simples;"Curva;Aclive";Não;3;0;2;0;1;0;2;2;-29,18717109;-51,52039134;SPRF-RS;DEL06/RS;UOP01-DEL06-RS
752446;14/02/2026;sábado;21:15:00;RS;470;238;CARLOS BARBOSA;Reação tardia ou ineficiente do condutor;Saída de leito carroçável;Sem Vítimas;Plena Noite;Decrescente;Nevoeiro/Neblina;Simples;Curva;Não;1;0;0;0;1;0;0;1;-29,337822;-51,504478;SPRF-RS;DEL06/RS;UOP01-DEL06-RS
752566;15/02/2026;domingo;13:30:00;RS;470;242;BARAO;Reação tardia ou ineficiente do condutor;Saída de leito carroçável;Com Vítimas Feridas;Pleno dia;Decrescente;Nublado;Simples;Curva;Não;1;0;1;0;0;0;1;1;-29,36247448;-51,51746448;SPRF-RS;DEL06/RS;UOP01-DEL06-RS
752739;16/02/2026;segunda-feira;12:35:00;RS;470;217,3;BENTO GONCALVES;Avarias e/ou desgaste excessivo no pneu;Tombamento;Com Vítimas Feridas;Pleno dia;Crescente;Nublado;Dupla;Rotatória;Sim;1;0;1;0;0;0;1;1;-29,17641172;-51,52155368;SPRF-RS;DEL06/RS;UOP01-DEL06-RS
752903;17/02/2026;terça-feira;13:45:00;RS;470;219;BENTO GONCALVES;Acumulo de areia ou detritos sobre o pavimento;Tombamento;Com Vítimas Feridas;Pleno dia;Crescente;Nublado;Simples;Curva;Não;1;0;1;0;0;0;1;1;-29,18638772;-51,5203735;SPRF-RS;DEL06/RS;UOP01-DEL06-RS
753066;18/02/2026;quarta-feira;07:25:00;RS;116;141;CAXIAS DO SUL;Acessar a via sem observar a presença dos outros veículos;Colisão transversal;Sem Vítimas;Pleno dia;Crescente;Céu Claro;Dupla;Reta;Não;3;0;0;0;3;0;0;3;-29,1260902;-51,1277533;SPRF-RS;DEL05/RS;UOP01-DEL05-RS
753108;18/02/2026;quarta-feira;09:50:00;RS;116;147;CAXIAS DO SUL;Reação tardia ou ineficiente do condutor;Colisão traseira;Com Vítimas Feridas;Pleno dia;Crescente;Céu Claro;Múltipla;"Reta;Interseção de Vias";Sim;3;0;0;1;2;0;1;2;-29,15067572;-51,14572255;SPRF-RS;DEL05/RS;UOP01-DEL05-RS
753465;12/02/2026;quinta-feira;07:00:00;RS;470;213,1;BENTO GONCALVES;Desrespeitar a preferência no cruzamento;Colisão transversal;Com Vítimas Feridas;Pleno dia;Crescente;Céu Claro;Dupla;"Curva;Interseção de Vias";Sim;4;0;1;0;2;1;1;4;-29,144802;-51,533518;SPRF-RS;DEL06/RS;UOP01-DEL06-RS
753726;21/02/2026;sábado;08:50:00;RS;116;207,4;PICADA CAFE;Transitar na contramão;Colisão frontal;Com Vítimas Feridas;Pleno dia;Crescente;Céu Claro;Simples;Curva;Sim;5;0;0;1;4;0;1;2;-29,49997;-51,11825;SPRF-RS;DEL05/RS;UOP02-DEL05-RS
753984;22/02/2026;domingo;15:20:00;RS;116;125;SAO MARCOS;Condutor Dormindo;Colisão lateral sentido oposto;Com Vítimas Feridas;Pleno dia;Crescente;Céu Claro;Simples;Reta;Não;4;0;1;0;3;0;1;2;-29,0233293;-51,09929737;SPRF-RS;DEL05/RS;UOP01-DEL05-RS
754045;22/02/2026;domingo;19:20:00;RS;470;245;BARAO;Conversão proibida;Colisão transversal;Com Vítimas Feridas;Plena Noite;Crescente;Céu Claro;Simples;Reta;Sim;2;0;1;0;1;0;1;2;-29,37790666;-51,49762845;SPRF-RS;DEL06/RS;UOP01-DEL06-RS
754124;23/02/2026;segunda-feira;07:50:00;RS;116;148;CAXIAS DO SUL;Condutor deixou de manter distância do veículo da frente;Engavetamento;Com Vítimas Feridas;Pleno dia;Crescente;Céu Claro;Dupla;Reta;Sim;3;0;1;0;2;0;1;3;-29,15125665;-51,14691345;SPRF-RS;DEL05/RS;UOP01-DEL05-RS
754242;23/02/2026;segunda-feira;17:19:00;RS;470;214;BENTO GONCALVES;Ausência de reação do condutor;Colisão traseira;Com Vítimas Feridas;Pleno dia;Decrescente;Chuva;Simples;Curva;Sim;5;0;3;0;2;0;3;2;-29,15620384;-51,53046934;SPRF-RS;DEL06/RS;UOP01-DEL06-RS
754322;24/02/2026;terça-feira;06:50:00;RS;470;224,9;GARIBALDI;Acessar a via sem observar a presença dos outros veículos;Colisão transversal;Com Vítimas Feridas;Pleno dia;Decrescente;Nublado;Simples;"Interseção de Vias;Reta";Sim;2;0;1;0;1;0;1;2;-29,23974518;-51,51819555;SPRF-RS;DEL06/RS;UOP01-DEL06-RS
754578;25/02/2026;quarta-feira;11:45:00;RS;116;133,7;CAXIAS DO SUL;Ausência de reação do condutor;Colisão com objeto;Com Vítimas Feridas;Pleno dia;Decrescente;Céu Claro;Simples;Reta;Não;1;0;1;0;0;0;1;1;-29,058937;-51,098737;SPRF-RS;DEL05/RS;UOP01-DEL05-RS
754582;25/02/2026;quarta-feira;07:20:00;RS;116;198;PICADA CAFE;Acessar a via sem observar a presença dos outros veículos;Colisão transversal;Com Vítimas Feridas;Pleno dia;Decrescente;Céu Claro;Simples;Reta;Não;2;0;1;0;1;0;1;2;-29,47916;-51,140192;SPRF-RS;DEL05/RS;UOP02-DEL05-RS
754740;26/02/2026;quinta-feira;07:10:00;RS;116;112;SAO MARCOS;Reação tardia ou ineficiente do condutor;Tombamento;Com Vítimas Feridas;Pleno dia;Crescente;Céu Claro;Simples;Curva;Sim;2;0;1;0;1;0;1;1;-28,94925946;-51,08094905;SPRF-RS;DEL05/RS;UOP01-DEL05-RS
754978;27/02/2026;sexta-feira;09:15:00;RS;470;217;BENTO GONCALVES;Ausência de reação do condutor;Colisão traseira;Com Vítimas Feridas;Pleno dia;Crescente;Céu Claro;Dupla;"Declive;Curva";Sim;7;0;3;0;4;0;3;2;-29,17583093;-51,52207939;SPRF-RS;DEL06/RS;UOP01-DEL06-RS
755352;01/03/2026;domingo;00:00:00;RS;470;222,9;GARIBALDI;Ausência de reação do condutor;Saída de leito carroçável;Com Vítimas Feridas;Plena Noite;Decrescente;Nublado;Dupla;"Curva;Retorno Regulamentado";Não;1;0;1;0;0;0;1;1;-29,22126331;-51,51628582;SPRF-RS;DEL06/RS;UOP01-DEL06-RS
755622;02/03/2026;segunda-feira;09:30:00;RS;470;218;BENTO GONCALVES;Acessar a via sem observar a presença dos outros veículos;Colisão transversal;Sem Vítimas;Pleno dia;Crescente;Céu Claro;Simples;"Curva;Declive;Interseção de Vias;Rotatória";Sim;2;0;0;0;2;0;0;2;-29,1831039;-51,5213857;SPRF-RS;DEL06/RS;UOP01-DEL06-RS
755666;02/03/2026;segunda-feira;07:54:00;RS;116;184,8;NOVA PETROPOLIS;Manobra de mudança de faixa;Colisão lateral mesmo sentido;Com Vítimas Feridas;Pleno dia;Decrescente;Céu Claro;Dupla;Rotatória;Sim;2;0;0;1;1;0;1;2;-29,38685358;-51,12483351;SPRF-RS;DEL05/RS;UOP02-DEL05-RS
756137;04/03/2026;quarta-feira;23:30:00;RS;116;143,8;CAXIAS DO SUL;Reação tardia ou ineficiente do condutor;Saída de leito carroçável;Com Vítimas Feridas;Plena Noite;Crescente;Céu Claro;Dupla;"Declive;Curva";Sim;1;0;1;0;0;0;1;1;-29,1267566;-51,1280877;SPRF-RS;DEL05/RS;UOP01-DEL05-RS
756250;05/03/2026;quinta-feira;13:26:00;RS;470;159;NOVA PRATA;Acessar a via sem observar a presença dos outros veículos;Colisão transversal;Com Vítimas Feridas;Pleno dia;Crescente;Céu Claro;Simples;"Declive;Reta";Não;2;0;0;1;1;0;1;2;-28,80792;-51,60358;SPRF-RS;DEL06/RS;UOP02-DEL06-RS
756659;07/03/2026;sábado;08:00:00;RS;470;244;BARAO;Reação tardia ou ineficiente do condutor;Queda de ocupante de veículo;Com Vítimas Feridas;Pleno dia;Decrescente;Nublado;Simples;Curva;Não;1;0;0;1;0;0;1;1;-29,37249778;-51,50765833;SPRF-RS;DEL06/RS;UOP01-DEL06-RS
756681;07/03/2026;sábado;07:00:00;RS;470;241;BARAO;Reação tardia ou ineficiente do condutor;Saída de leito carroçável;Sem Vítimas;Pleno dia;Decrescente;Nublado;Simples;"Declive;Reta";Não;1;0;0;0;0;1;0;1;-29,35657323;-51,51943557;SPRF-RS;DEL06/RS;UOP01-DEL06-RS
756821;08/03/2026;domingo;00:30:00;RS;116;149;CAXIAS DO SUL;Manobra de mudança de faixa;Colisão lateral mesmo sentido;Sem Vítimas;Plena Noite;Decrescente;Céu Claro;Dupla;Reta;Não;2;0;0;0;2;0;0;2;-29,164281;-51,158369;SPRF-RS;DEL05/RS;UOP01-DEL05-RS
756831;08/03/2026;domingo;02:00:00;RS;470;224;GARIBALDI;Reação tardia ou ineficiente do condutor;Saída de leito carroçável;Com Vítimas Feridas;Plena Noite;Crescente;Chuva;Simples;Curva;Não;1;0;1;0;0;0;1;1;-29,22849679;-51,51640534;SPRF-RS;DEL06/RS;UOP01-DEL06-RS
756898;08/03/2026;domingo;11:20:00;RS;116;217;MORRO REUTER;Conversão proibida;Colisão transversal;Sem Vítimas;Pleno dia;Crescente;Nublado;Simples;Reta;Sim;3;0;0;0;3;0;0;2;-29,54201986;-51,08060572;SPRF-RS;DEL05/RS;UOP02-DEL05-RS
756930;08/03/2026;domingo;14:15:00;RS;470;228,3;GARIBALDI;Reação tardia ou ineficiente do condutor;Colisão transversal;Com Vítimas Feridas;Pleno dia;Crescente;Nublado;Simples;"Curva;Interseção de Vias";Não;4;0;2;0;2;0;2;2;-29,26413913;-51,50201647;SPRF-RS;DEL06/RS;UOP01-DEL06-RS
756979;08/03/2026;domingo;17:05:00;RS;116;171;CAXIAS DO SUL;Reação tardia ou ineficiente do condutor;Tombamento;Com Vítimas Feridas;Pleno dia;Decrescente;Céu Claro;Simples;Reta;Não;1;0;1;0;0;0;1;1;-29,310295;-51,167585;SPRF-RS;DEL05/RS;UOP02-DEL05-RS
757034;08/03/2026;domingo;22:04:00;RS;470;160,2;NOVA PRATA;Acessar a via sem observar a presença dos outros veículos;Colisão transversal;Com Vítimas Feridas;Plena Noite;Decrescente;Nublado;Simples;Reta;Não;6;0;4;0;2;0;4;2;-28,81277507;-51,59960671;SPRF-RS;DEL06/RS;UOP02-DEL06-RS
757112;09/03/2026;segunda-feira;05:50:00;RS;116;193;PICADA CAFE;Transitar na contramão;Colisão frontal;Com Vítimas Feridas;Amanhecer;Decrescente;Céu Claro;Simples;Curva;Não;2;0;0;1;1;0;1;2;-29,441943;-51,138475;SPRF-RS;DEL05/RS;UOP02-DEL05-RS
757232;09/03/2026;segunda-feira;17:17:00;RS;116;149;CAXIAS DO SUL;Acessar a via sem observar a presença dos outros veículos;Atropelamento de Pedestre;Com Vítimas Feridas;Pleno dia;Crescente;Céu Claro;Dupla;Curva;Sim;2;0;2;0;0;0;2;2;-29,1628351;-51,1578852;SPRF-RS;DEL05/RS;UOP01-DEL05-RS
757536;11/03/2026;quarta-feira;00:00:00;RS;116;136,5;CAXIAS DO SUL;Reação tardia ou ineficiente do condutor;Colisão lateral mesmo sentido;Com Vítimas Feridas;Plena Noite;Crescente;Céu Claro;Simples;Reta;Não;2;0;1;0;1;0;1;2;-29,077963;-51,109522;SPRF-RS;DEL05/RS;UOP01-DEL05-RS
757836;12/03/2026;quinta-feira;13:30:00;RS;116;156,3;CAXIAS DO SUL;Acessar a via sem observar a presença dos outros veículos;Colisão lateral mesmo sentido;Com Vítimas Feridas;Pleno dia;Crescente;Céu Claro;Simples;Curva;Não;2;0;1;0;1;0;1;2;-29,211087;-51,177882;SPRF-RS;DEL05/RS;UOP01-DEL05-RS
758149;13/03/2026;sexta-feira;19:20:00;RS;116;140,3;CAXIAS DO SUL;Acesso irregular;Colisão frontal;Com Vítimas Feridas;Plena Noite;Decrescente;Céu Claro;Simples;Reta;Não;3;0;1;0;1;1;1;3;-29,10774;-51,11071;SPRF-RS;DEL05/RS;UOP01-DEL05-RS
758297;14/03/2026;sábado;13:55:00;RS;116;150,6;CAXIAS DO SUL;Manobra de mudança de faixa;Colisão lateral mesmo sentido;Com Vítimas Feridas;Pleno dia;Decrescente;Céu Claro;Múltipla;"Aclive;Reta";Sim;2;0;1;0;0;1;1;2;-29,174062;-51,160995;SPRF-RS;DEL05/RS;UOP01-DEL05-RS
758346;14/03/2026;sábado;14:50:00;RS;470;168;VILA FLORES;Acessar a via sem observar a presença dos outros veículos;Colisão lateral mesmo sentido;Com Vítimas Feridas;Pleno dia;Decrescente;Céu Claro;Simples;Reta;Sim;3;0;1;1;1;0;2;2;-28,86365534;-51,55310869;SPRF-RS;DEL06/RS;UOP02-DEL06-RS
758461;15/03/2026;domingo;07:20:00;RS;116;152,1;CAXIAS DO SUL;Condutor Dormindo;Colisão com objeto;Sem Vítimas;Amanhecer;Decrescente;Céu Claro;Dupla;Curva;Sim;1;0;0;0;1;0;0;1;-29,183995;-51,170348;SPRF-RS;DEL05/RS;UOP01-DEL05-RS
758606;15/03/2026;domingo;16:30:00;RS;116;195,5;PICADA CAFE;Frear bruscamente;Colisão traseira;Com Vítimas Feridas;Pleno dia;Decrescente;Céu Claro;Simples;Reta;Não;4;0;0;1;2;1;1;3;-29,46171613;-51,14159988;SPRF-RS;DEL05/RS;UOP02-DEL05-RS
758644;16/03/2026;segunda-feira;00:02:00;RS;470;227;GARIBALDI;Velocidade Incompatível;Saída de leito carroçável;Com Vítimas Feridas;Plena Noite;Crescente;Céu Claro;Simples;"Declive;Curva";Não;3;0;1;2;0;0;3;1;-29,260393;-51,507956;SPRF-RS;DEL06/RS;UOP01-DEL06-RS
758920;17/03/2026;terça-feira;11:40:00;RS;470;215;BENTO GONCALVES;Acessar a via sem observar a presença dos outros veículos;Colisão transversal;Com Vítimas Feridas;Pleno dia;Decrescente;Céu Claro;Simples;Reta;Não;4;0;2;0;2;0;2;2;-29,16127682;-51,52656253;SPRF-RS;DEL06/RS;UOP01-DEL06-RS
758998;17/03/2026;terça-feira;18:30:00;RS;470;213;BENTO GONCALVES;Reação tardia ou ineficiente do condutor;Tombamento;Com Vítimas Feridas;Anoitecer;Crescente;Chuva;Simples;"Curva;Aclive";Não;2;0;2;0;0;0;2;1;-29,15773529;-51,53160509;SPRF-RS;DEL06/RS;UOP01-DEL06-RS
759264;19/03/2026;quinta-feira;00:20:00;RS;116;153,8;CAXIAS DO SUL;Reação tardia ou ineficiente do condutor;Queda de ocupante de veículo;Com Vítimas Feridas;Plena Noite;Crescente;Céu Claro;Simples;Reta;Sim;1;0;1;0;0;0;1;1;-29,189775;-51,181668;SPRF-RS;DEL05/RS;UOP01-DEL05-RS
759419;19/03/2026;quinta-feira;18:05:00;RS;116;147,2;CAXIAS DO SUL;Ausência de reação do condutor;Engavetamento;Com Vítimas Feridas;Anoitecer;Crescente;Céu Claro;Múltipla;Reta;Sim;3;0;1;0;2;0;1;3;-29,15083076;-51,14623904;SPRF-RS;DEL05/RS;UOP01-DEL05-RS
759743;20/03/2026;sexta-feira;19:10:00;RS;470;153;NOVA PRATA;Ausência de reação do condutor;Saída de leito carroçável;Com Vítimas Feridas;Anoitecer;Decrescente;Céu Claro;Simples;Reta;Sim;1;0;1;0;0;0;1;1;-28,759557;-51,626755;SPRF-RS;DEL06/RS;UOP02-DEL06-RS
759854;21/03/2026;sábado;16:20:00;RS;116;189;PICADA CAFE;Velocidade Incompatível;Queda de ocupante de veículo;Com Vítimas Feridas;Pleno dia;Crescente;Céu Claro;Simples;Curva;Não;1;0;1;0;0;0;1;1;-29,41391497;-51,12701163;SPRF-RS;DEL05/RS;UOP02-DEL05-RS
759926;22/03/2026;domingo;03:00:00;RS;116;149,7;CAXIAS DO SUL;Condutor desrespeitou a iluminação vermelha do semáforo;Colisão traseira;Sem Vítimas;Plena Noite;Decrescente;Chuva;Dupla;Reta;Sim;2;0;0;0;2;0;0;2;-29,16829536;-51,15851503;SPRF-RS;DEL05/RS;UOP01-DEL05-RS
760116;22/03/2026;domingo;19:40:00;RS;470;211;BENTO GONCALVES;Ausência de reação do condutor;Saída de leito carroçável;Com Vítimas Feridas;Plena Noite;Decrescente;Garoa/Chuvisco;Simples;Curva;Não;1;0;1;0;0;0;1;1;-29,13220166;-51,54508051;SPRF-RS;DEL06/RS;UOP01-DEL06-RS
760252;23/03/2026;segunda-feira;13:20:00;RS;116;153,4;CAXIAS DO SUL;Conversão proibida;Colisão lateral mesmo sentido;Com Vítimas Feridas;Pleno dia;Crescente;Sol;Simples;Curva;Sim;2;0;1;0;1;0;1;2;-29,1876264;-51,1818932;SPRF-RS;DEL05/RS;UOP01-DEL05-RS
760778;26/03/2026;quinta-feira;09:05:00;RS;116;100;SAO MARCOS;Reação tardia ou ineficiente do condutor;Colisão com objeto;Com Vítimas Feridas;Pleno dia;Decrescente;Sol;Simples;Curva;Não;2;0;2;0;0;0;2;1;-28,92480355;-51,09474532;SPRF-RS;DEL05/RS;UOP01-DEL05-RS
760895;26/03/2026;quinta-feira;19:10:00;RS;116;142;CAXIAS DO SUL;Acessar a via sem observar a presença dos outros veículos;Colisão transversal;Com Vítimas Feridas;Plena Noite;Crescente;Céu Claro;Dupla;Reta;Sim;2;0;1;0;1;0;1;2;-29,118425;-51,116586;SPRF-RS;DEL05/RS;UOP01-DEL05-RS
760919;26/03/2026;quinta-feira;20:20:00;RS;116;108;SAO MARCOS;Velocidade Incompatível;Colisão frontal;Com Vítimas Feridas;Plena Noite;Crescente;Céu Claro;Simples;Curva;Não;3;0;1;0;2;0;1;2;-28,928309;-51,098272;SPRF-RS;DEL05/RS;UOP01-DEL05-RS
760930;26/03/2026;quinta-feira;20:20:00;RS;116;144;CAXIAS DO SUL;Reação tardia ou ineficiente do condutor;Colisão com objeto;Sem Vítimas;Plena Noite;Crescente;Céu Claro;Dupla;Curva;Não;1;0;0;0;1;0;0;1;-29,12822289;-51,12722604;SPRF-RS;DEL05/RS;UOP01-DEL05-RS
760983;27/03/2026;sexta-feira;08:00:00;RS;116;146;CAXIAS DO SUL;Reação tardia ou ineficiente do condutor;Colisão traseira;Sem Vítimas;Pleno dia;Crescente;Céu Claro;Dupla;Reta;Sim;2;0;0;0;2;0;0;2;-29,14;-51,136;SPRF-RS;DEL05/RS;UOP01-DEL05-RS
761016;27/03/2026;sexta-feira;09:35:00;RS;470;226;GARIBALDI;Manobra de mudança de faixa;Colisão lateral mesmo sentido;Com Vítimas Feridas;Pleno dia;Crescente;Céu Claro;Simples;"Reta;Aclive";Não;4;0;2;0;2;0;2;3;-29,2517033;-51,51339009;SPRF-RS;DEL06/RS;UOP01-DEL06-RS
761379;28/03/2026;sábado;19:00:00;RS;470;227;GARIBALDI;Velocidade Incompatível;Saída de leito carroçável;Com Vítimas Feridas;Pleno dia;Decrescente;Céu Claro;Simples;"Declive;Curva";Não;3;0;2;0;0;1;2;1;-29,26193025;-51,50478451;SPRF-RS;DEL06/RS;UOP01-DEL06-RS
761420;28/03/2026;sábado;19:55:00;RS;116;149,1;CAXIAS DO SUL;Manobra de mudança de faixa;Colisão lateral mesmo sentido;Com Vítimas Feridas;Plena Noite;Crescente;Céu Claro;Dupla;Curva;Não;2;0;1;0;1;0;1;2;-29,162083;-51,156685;SPRF-RS;DEL05/RS;UOP01-DEL05-RS
762014;31/03/2026;terça-feira;18:30:00;RS;470;213;BENTO GONCALVES;Acessar a via sem observar a presença dos outros veículos;Colisão transversal;Com Vítimas Feridas;Pleno dia;Crescente;Céu Claro;Dupla;Curva;Não;4;0;0;1;3;0;1;2;-29,14489855;-51,5331715;SPRF-RS;DEL06/RS;UOP01-DEL06-RS
762033;31/03/2026;terça-feira;18:50:00;RS;116;153;CAXIAS DO SUL;Condutor deixou de manter distância do veículo da frente;Colisão traseira;Com Vítimas Feridas;Plena Noite;Crescente;Céu Claro;Dupla;Rotatória;Não;2;0;1;0;1;0;1;2;-29,18793321;-51,18294809;SPRF-RS;DEL05/RS;UOP01-DEL05-RS
762320;02/04/2026;quinta-feira;07:19:00;RS;116;150,6;CAXIAS DO SUL;Manobra de mudança de faixa;Colisão lateral mesmo sentido;Com Vítimas Feridas;Pleno dia;Decrescente;Céu Claro;Dupla;Reta;Sim;4;0;2;0;2;0;2;4;-29,17391054;-51,16090033;SPRF-RS;DEL05/RS;UOP01-DEL05-RS
762332;02/04/2026;quinta-feira;07:40:00;RS;116;143,2;CAXIAS DO SUL;Ausência de reação do condutor;Engavetamento;Sem Vítimas;Pleno dia;Crescente;Céu Claro;Dupla;Reta;Sim;4;0;0;0;4;0;0;3;-29,1229726;-51,1228264;SPRF-RS;DEL05/RS;UOP01-DEL05-RS
762432;02/04/2026;quinta-feira;16:50:00;RS;116;146,4;CAXIAS DO SUL;Ausência de reação do condutor;Colisão traseira;Com Vítimas Feridas;Pleno dia;Decrescente;Céu Claro;Dupla;Reta;Sim;2;0;0;1;1;0;1;2;-29,146283;-51,140178;SPRF-RS;DEL05/RS;UOP01-DEL05-RS
762461;02/04/2026;quinta-feira;17:30:00;RS;116;141;CAXIAS DO SUL;Ultrapassagem Indevida;Colisão lateral mesmo sentido;Com Vítimas Feridas;Pleno dia;Decrescente;Céu Claro;Simples;Curva;Não;3;0;0;1;1;1;1;3;-29,114504;-51,109873;SPRF-RS;DEL05/RS;UOP01-DEL05-RS
762853;04/04/2026;sábado;18:00:00;RS;116;182,8;NOVA PETROPOLIS;Condutor deixou de manter distância do veículo da frente;Colisão traseira;Com Vítimas Feridas;Pleno dia;Decrescente;Céu Claro;Simples;Reta;Não;2;0;0;1;1;0;1;2;-29,37889741;-51,12717088;SPRF-RS;DEL05/RS;UOP02-DEL05-RS
762877;04/04/2026;sábado;20:00:00;RS;116;139,3;CAXIAS DO SUL;Demais falhas mecânicas ou elétricas;Incêndio;Sem Vítimas;Plena Noite;Crescente;Céu Claro;Simples;"Aclive;Reta";Não;1;0;0;0;1;0;0;1;-29,100578;-51,108498;SPRF-RS;DEL05/RS;UOP01-DEL05-RS
762894;04/04/2026;sábado;20:55:00;RS;116;146;CAXIAS DO SUL;Ausência de reação do condutor;Queda de ocupante de veículo;Com Vítimas Feridas;Plena Noite;Decrescente;Céu Claro;Dupla;"Interseção de Vias;Reta";Não;2;0;1;0;1;0;1;1;-29,14297242;-51,13710816;SPRF-RS;DEL05/RS;UOP01-DEL05-RS
762916;04/04/2026;sábado;21:40:00;RS;470;173;VERANOPOLIS;Condutor deixou de manter distância do veículo da frente;Colisão traseira;Com Vítimas Feridas;Plena Noite;Crescente;Céu Claro;Simples;Reta;Não;3;0;1;0;2;0;1;2;-28,90949258;-51,54523222;SPRF-RS;DEL06/RS;UOP02-DEL06-RS
763695;08/04/2026;quarta-feira;07:30:00;RS;470;225;GARIBALDI;Acessar a via sem observar a presença dos outros veículos;Colisão transversal;Com Vítimas Feridas;Pleno dia;Decrescente;Céu Claro;Simples;Rotatória;Sim;2;0;1;0;1;0;1;2;-29,24291878;-51,51725141;SPRF-RS;DEL06/RS;UOP01-DEL06-RS
763814;08/04/2026;quarta-feira;19:20:00;RS;116;148,5;CAXIAS DO SUL;Trafegar com motocicleta (ou similar) entre as faixas;Colisão traseira;Com Vítimas Feridas;Plena Noite;Crescente;Céu Claro;Dupla;"Aclive;Reta";Sim;3;0;1;0;2;0;1;3;-29,158038;-51,153623;SPRF-RS;DEL05/RS;UOP01-DEL05-RS
763821;08/04/2026;quarta-feira;19:40:00;RS;470;228;SAO MARCOS;Acessar a via sem observar a presença dos outros veículos;Colisão transversal;Com Vítimas Feridas;Plena Noite;Crescente;Céu Claro;Simples;Reta;Não;2;0;1;0;1;0;1;2;-29;-51;SPRF-RS;DEL06/RS;UOP01-DEL06-RS
763898;09/04/2026;quinta-feira;10:15:00;RS;116;148,3;CAXIAS DO SUL;Ausência de reação do condutor;Colisão com objeto;Com Vítimas Feridas;Pleno dia;Crescente;Garoa/Chuvisco;Dupla;Curva;Sim;5;0;0;1;3;1;1;4;-29,1573047;-51,1516022;SPRF-RS;DEL05/RS;UOP01-DEL05-RS
764292;11/04/2026;sábado;05:40:00;RS;470;222,5;GARIBALDI;Reação tardia ou ineficiente do condutor;Colisão com objeto;Com Vítimas Feridas;Plena Noite;Crescente;Céu Claro;Dupla;Reta;Sim;1;0;1;0;0;0;1;1;-29,22145058;-51,51675789;SPRF-RS;DEL06/RS;UOP01-DEL06-RS
764791;13/04/2026;segunda-feira;11:15:00;RS;116;146;CAXIAS DO SUL;Condutor desrespeitou a iluminação vermelha do semáforo;Colisão transversal;Com Vítimas Feridas;Pleno dia;Crescente;Céu Claro;Dupla;Interseção de Vias;Sim;2;0;1;1;0;0;2;2;-29,14291383;-51,13723869;SPRF-RS;DEL05/RS;UOP01-DEL05-RS
765323;15/04/2026;quarta-feira;21:30:00;RS;116;145;CAXIAS DO SUL;Reação tardia ou ineficiente do condutor;Colisão lateral mesmo sentido;Sem Vítimas;Plena Noite;Decrescente;Céu Claro;Dupla;Reta;Sim;3;0;0;0;3;0;0;2;-29,14298271;-51,1371824;SPRF-RS;DEL05/RS;UOP01-DEL05-RS
765360;16/04/2026;quinta-feira;07:20:00;RS;116;147;CAXIAS DO SUL;Acumulo de óleo sobre o pavimento;Tombamento;Com Vítimas Feridas;Pleno dia;Crescente;Céu Claro;Dupla;Curva;Sim;1;0;1;0;0;0;1;1;-29,1529807;-51,14825455;SPRF-RS;DEL05/RS;UOP01-DEL05-RS
765423;16/04/2026;quinta-feira;11:20:00;RS;116;153,5;CAXIAS DO SUL;Reação tardia ou ineficiente do condutor;Colisão lateral mesmo sentido;Com Vítimas Feridas;Pleno dia;Crescente;Céu Claro;Dupla;Rotatória;Sim;2;0;1;0;1;0;1;2;-29,187783;-51,182388;SPRF-RS;DEL05/RS;UOP01-DEL05-RS
765473;16/04/2026;quinta-feira;17:40:00;RS;470;159;NOVA PRATA;Acessar a via sem observar a presença dos outros veículos;Colisão transversal;Com Vítimas Feridas;Pleno dia;Crescente;Céu Claro;Simples;Reta;Sim;2;0;2;0;0;0;2;2;-28,80800584;-51,60346683;SPRF-RS;DEL06/RS;UOP02-DEL06-RS
765844;18/04/2026;sábado;07:48:00;RS;470;212;BENTO GONCALVES;Transitar na contramão;Colisão frontal;Com Vítimas Feridas;Pleno dia;Decrescente;Céu Claro;Simples;Curva;Sim;6;0;4;2;0;0;6;2;-29,14299545;-51,53638713;SPRF-RS;DEL06/RS;UOP01-DEL06-RS
765970;18/04/2026;sábado;17:05:00;RS;470;219;BENTO GONCALVES;Ultrapassagem Indevida;Colisão transversal;Com Vítimas Feridas;Pleno dia;Crescente;Céu Claro;Simples;Curva;Sim;4;0;0;2;1;1;2;3;-29,196028;-51,518998;SPRF-RS;DEL06/RS;UOP01-DEL06-RS
766129;19/04/2026;domingo;10:00:00;RS;470;232,5;CARLOS BARBOSA;Desrespeitar a preferência no cruzamento;Colisão transversal;Com Vítimas Feridas;Pleno dia;Crescente;Céu Claro;Simples;Interseção de Vias;Não;3;0;1;0;2;0;1;2;-29,29866077;-51,48065535;SPRF-RS;DEL06/RS;UOP01-DEL06-RS
766375;20/04/2026;segunda-feira;13:55:00;RS;470;161;NOVA PRATA;Acumulo de óleo sobre o pavimento;Tombamento;Com Vítimas Feridas;Pleno dia;Decrescente;Céu Claro;Simples;Rotatória;Sim;2;0;1;0;1;0;1;2;-28,80143426;-51,60998976;SPRF-RS;DEL06/RS;UOP02-DEL06-RS
766387;20/04/2026;segunda-feira;07:30:00;RS;116;161,3;CAXIAS DO SUL;Reação tardia ou ineficiente do condutor;Colisão traseira;Com Vítimas Feridas;Pleno dia;Decrescente;Céu Claro;Simples;"Desvio Temporário;Em Obras;Reta";Não;2;0;1;0;1;0;1;2;-29,23767196;-51,15840554;SPRF-RS;DEL05/RS;UOP01-DEL05-RS
767321;25/04/2026;sábado;10:00:00;RS;116;97,5;SAO MARCOS;Reação tardia ou ineficiente do condutor;Colisão com objeto;Com Vítimas Feridas;Pleno dia;Decrescente;Nublado;Simples;Curva;Não;1;0;1;0;0;0;1;1;-28,8877439;-51,14260197;SPRF-RS;DEL05/RS;UOP01-DEL05-RS
767780;27/04/2026;segunda-feira;13:05:00;RS;116;149,2;CAXIAS DO SUL;Manobra de mudança de faixa;Colisão lateral mesmo sentido;Com Vítimas Feridas;Pleno dia;Crescente;Céu Claro;Dupla;Reta;Sim;2;0;1;0;1;0;1;2;-29,162006;-51,15707;SPRF-RS;DEL05/RS;UOP01-DEL05-RS
767804;27/04/2026;segunda-feira;14:30:00;RS;116;114,9;SAO MARCOS;Desrespeitar a preferência no cruzamento;Colisão transversal;Com Vítimas Feridas;Pleno dia;Crescente;Céu Claro;Simples;Rotatória;Sim;2;0;1;0;1;0;1;2;-28,969963;-51,07124;SPRF-RS;DEL05/RS;UOP01-DEL05-RS
767871;27/04/2026;segunda-feira;15:00:00;RS;116;189;PICADA CAFE;Reação tardia ou ineficiente do condutor;Tombamento;Com Vítimas Feridas;Pleno dia;Crescente;Céu Claro;Simples;Curva;Não;1;0;1;0;0;0;1;1;-29,44959926;-51,13787591;SPRF-RS;DEL05/RS;UOP02-DEL05-RS
767885;27/04/2026;segunda-feira;22:20:00;RS;470;217;BENTO GONCALVES;Acessar a via sem observar a presença dos outros veículos;Colisão transversal;Com Vítimas Feridas;Plena Noite;Decrescente;Céu Claro;Simples;"Retorno Regulamentado;Rotatória;Interseção de Vias;Curva";Sim;3;0;1;0;2;0;1;2;-29,17479111;-51,52344195;SPRF-RS;DEL06/RS;UOP01-DEL06-RS
767890;27/04/2026;segunda-feira;21:30:00;RS;116;191;PICADA CAFE;Reação tardia ou ineficiente do condutor;Tombamento;Com Vítimas Feridas;Plena Noite;Crescente;Céu Claro;Simples;Curva;Não;1;0;0;1;0;0;1;1;-29,44900133;-51,13821924;SPRF-RS;DEL05/RS;UOP02-DEL05-RS
767924;28/04/2026;terça-feira;07:30:00;RS;116;154;CAXIAS DO SUL;Acessar a via sem observar a presença dos outros veículos;Colisão transversal;Com Vítimas Feridas;Pleno dia;Decrescente;Céu Claro;Simples;Interseção de Vias;Não;2;0;1;0;1;0;1;2;-29,19092109;-51,18062345;SPRF-RS;DEL05/RS;UOP01-DEL05-RS
767972;28/04/2026;terça-feira;09:40:00;RS;116;145,5;CAXIAS DO SUL;Condutor deixou de manter distância do veículo da frente;Colisão traseira;Com Vítimas Feridas;Pleno dia;Decrescente;Céu Claro;Dupla;Reta;Sim;2;0;0;1;1;0;1;2;-29,140007;-51,134042;SPRF-RS;DEL05/RS;UOP01-DEL05-RS
768421;30/04/2026;quinta-feira;12:00:00;RS;470;213;BENTO GONCALVES;Entrada inopinada do pedestre;Atropelamento de Pedestre;Com Vítimas Feridas;Pleno dia;Decrescente;Céu Claro;Simples;"Curva;Interseção de Vias";Sim;3;0;0;1;1;1;1;2;-29,145159;-51,532732;SPRF-RS;DEL06/RS;UOP01-DEL06-RS
768594;30/04/2026;quinta-feira;23:00:00;RS;116;152;CAXIAS DO SUL;Ingestão de álcool pelo condutor;Colisão lateral mesmo sentido;Sem Vítimas;Plena Noite;Decrescente;Céu Claro;Múltipla;Reta;Não;2;0;0;0;2;0;0;2;-29,18707149;-51,17889611;SPRF-RS;DEL05/RS;UOP01-DEL05-RS
768597;01/05/2026;sexta-feira;00:10:00;RS;470;176;VERANOPOLIS;Transitar na contramão;Colisão frontal;Com Vítimas Feridas;Plena Noite;Crescente;Nublado;Simples;Reta;Sim;3;0;3;0;0;0;3;2;-28,9303987;-51,5423701;SPRF-RS;DEL06/RS;UOP02-DEL06-RS
768727;01/05/2026;sexta-feira;13:40:00;RS;116;215,2;MORRO REUTER;Manobra de mudança de faixa;Colisão lateral mesmo sentido;Com Vítimas Feridas;Pleno dia;Decrescente;Céu Claro;Simples;Reta;Não;3;0;1;1;1;0;2;2;-29,540485;-51,077938;SPRF-RS;DEL05/RS;UOP02-DEL05-RS
768815;01/05/2026;sexta-feira;21:10:00;RS;470;176,9;VERANOPOLIS;Ausência de reação do condutor;Colisão frontal;Com Vítimas Feridas;Plena Noite;Crescente;Chuva;Simples;"Curva;Interseção de Vias";Sim;2;0;0;1;1;0;1;2;-28,9314886;-51,54160881;SPRF-RS;DEL06/RS;UOP02-DEL06-RS
769387;04/05/2026;segunda-feira;08:00:00;RS;116;112;SAO MARCOS;Acessar a via sem observar a presença dos outros veículos;Colisão transversal;Com Vítimas Feridas;Pleno dia;Crescente;Céu Claro;Simples;Reta;Não;2;0;1;0;1;0;1;2;-28,95621593;-51,08027665;SPRF-RS;DEL05/RS;UOP01-DEL05-RS
769443;04/05/2026;segunda-feira;12:40:00;RS;116;149;CAXIAS DO SUL;Ingestão de álcool pelo condutor;Atropelamento de Pedestre;Com Vítimas Feridas;Pleno dia;Decrescente;Céu Claro;Dupla;Reta;Não;2;0;0;1;1;0;1;2;-29,1643924;-51,15853278;SPRF-RS;DEL05/RS;UOP01-DEL05-RS
769599;05/05/2026;terça-feira;11:45:00;RS;116;150,1;CAXIAS DO SUL;Ausência de reação do condutor;Colisão traseira;Com Vítimas Feridas;Pleno dia;Crescente;Céu Claro;Dupla;Reta;Não;2;0;1;0;1;0;1;2;-29,171053;-51,159835;SPRF-RS;DEL05/RS;UOP01-DEL05-RS
769768;06/05/2026;quarta-feira;08:30:00;RS;116;143,4;CAXIAS DO SUL;Reação tardia ou ineficiente do condutor;Colisão lateral mesmo sentido;Com Vítimas Feridas;Pleno dia;Decrescente;Sol;Dupla;Reta;Sim;2;0;1;0;1;0;1;2;-29,1238457;-51,1253015;SPRF-RS;DEL05/RS;UOP01-DEL05-RS
770015;03/05/2026;domingo;10:15:00;RS;116;169,1;CAXIAS DO SUL;Transitar na contramão;Colisão lateral sentido oposto;Com Vítimas Feridas;Pleno dia;Crescente;Céu Claro;Simples;"Declive;Curva";Não;3;0;2;0;1;0;2;2;-29,291039;-51,162221;SPRF-RS;DEL05/RS;UOP02-DEL05-RS
770147;08/05/2026;sexta-feira;04:50:00;RS;470;217;BENTO GONCALVES;Reação tardia ou ineficiente do condutor;Saída de leito carroçável;Com Vítimas Feridas;Plena Noite;Decrescente;Céu Claro;Dupla;"Reta;Aclive";Sim;2;0;1;0;1;0;1;1;-29,17644919;-51,52107088;SPRF-RS;DEL06/RS;UOP01-DEL06-RS
770421;09/05/2026;sábado;06:00:00;RS;470;248;BARAO;Velocidade Incompatível;Saída de leito carroçável;Com Vítimas Feridas;Amanhecer;Decrescente;Céu Claro;Simples;Curva;Não;2;0;1;0;0;1;1;2;-29,397958;-51,496511;SPRF-RS;DEL06/RS;UOP01-DEL06-RS
771214;10/05/2026;domingo;18:40:00;RS;470;205;BENTO GONCALVES;Conversão proibida;Colisão lateral mesmo sentido;Sem Vítimas;Plena Noite;Crescente;Céu Claro;Dupla;"Declive;Reta";Não;5;0;0;0;3;2;0;2;-29,0886176;-51,55688414;SPRF-RS;DEL06/RS;UOP01-DEL06-RS
771347;12/05/2026;terça-feira;19:10:00;RS;470;227;GARIBALDI;Transitar na contramão;Colisão frontal;Com Vítimas Feridas;Plena Noite;Crescente;Céu Claro;Simples;"Reta;Declive";Não;4;0;3;0;0;1;3;3;-29,26168266;-51,50621295;SPRF-RS;DEL06/RS;UOP01-DEL06-RS
771825;15/05/2026;sexta-feira;11:30:00;RS;116;153,9;CAXIAS DO SUL;Reação tardia ou ineficiente do condutor;Colisão traseira;Com Vítimas Feridas;Plena Noite;Crescente;Céu Claro;Simples;Reta;Sim;3;0;2;0;1;0;2;2;-29,19156312;-51,18036747;SPRF-RS;DEL05/RS;UOP01-DEL05-RS
771921;15/05/2026;sexta-feira;22:20:00;RS;470;177,3;VERANOPOLIS;Desrespeitar a preferência no cruzamento;Colisão transversal;Com Vítimas Feridas;Plena Noite;Crescente;Céu Claro;Simples;"Reta;Interseção de Vias;Aclive";Sim;2;0;1;0;1;0;1;2;-28,93900698;-51,54528586;SPRF-RS;DEL06/RS;UOP02-DEL06-RS
771950;16/05/2026;sábado;01:20:00;RS;116;150,6;CAXIAS DO SUL;Ingestão de álcool pelo condutor;Colisão com objeto;Sem Vítimas;Plena Noite;Decrescente;Céu Claro;Dupla;"Viaduto;Reta;Aclive;Interseção de Vias";Sim;1;0;0;0;1;0;0;1;-29,17461;-51,1611;SPRF-RS;DEL05/RS;UOP01-DEL05-RS
772242;17/05/2026;domingo;06:00:00;RS;470;195,7;BENTO GONCALVES;Ausência de reação do condutor;Saída de leito carroçável;Sem Vítimas;Amanhecer;Decrescente;Nublado;Simples;Reta;Não;1;0;0;0;0;1;0;1;-29,052302;-51,596261;SPRF-RS;DEL06/RS;UOP02-DEL06-RS
772254;17/05/2026;domingo;07:00:00;RS;470;248;BARAO;Velocidade Incompatível;Saída de leito carroçável;Com Vítimas Feridas;Amanhecer;Crescente;Nevoeiro/Neblina;Simples;"Declive;Reta";Não;1;0;1;0;0;0;1;1;-29,40046637;-51,5039055;SPRF-RS;DEL06/RS;UOP01-DEL06-RS
772800;19/05/2026;terça-feira;16:40:00;RS;470;217;BENTO GONCALVES;Acessar a via sem observar a presença dos outros veículos;Colisão transversal;Sem Vítimas;Pleno dia;Crescente;Céu Claro;Dupla;Rotatória;Sim;4;0;0;0;4;0;0;2;-29,17506278;-51,52295915;SPRF-RS;DEL06/RS;UOP01-DEL06-RS
772802;19/05/2026;terça-feira;14:50:00;RS;116;154;CAXIAS DO SUL;Reação tardia ou ineficiente do condutor;Colisão frontal;Com Vítimas Feridas;Pleno dia;Crescente;Céu Claro;Simples;Reta;Sim;2;0;1;0;1;0;1;2;-29,19712138;-51,17782323;SPRF-RS;DEL05/RS;UOP01-DEL05-RS
772975;20/05/2026;quarta-feira;17:05:00;RS;470;217,4;BENTO GONCALVES;Pedestre cruzava a pista fora da faixa;Atropelamento de Pedestre;Com Vítimas Feridas;Pleno dia;Crescente;Céu Claro;Simples;"Declive;Curva";Não;5;0;0;1;0;4;1;2;-29,178674;-51,518374;SPRF-RS;DEL06/RS;UOP01-DEL06-RS
773034;20/05/2026;quarta-feira;17:10:00;RS;470;225;GARIBALDI;Ausência de reação do condutor;Engavetamento;Com Vítimas Feridas;Anoitecer;Decrescente;Céu Claro;Simples;Reta;Não;3;0;1;0;2;0;1;3;-29,248472;-51,514663;SPRF-RS;DEL06/RS;UOP01-DEL06-RS
773086;21/05/2026;quinta-feira;06:20:00;RS;116;193;PICADA CAFE;Reação tardia ou ineficiente do condutor;Colisão frontal;Com Vítimas Feridas;Amanhecer;Crescente;Céu Claro;Simples;Curva;Não;2;0;2;0;0;0;2;2;-29,4435727;-51,14013283;SPRF-RS;DEL05/RS;UOP02-DEL05-RS
773191;21/05/2026;quinta-feira;17:35:00;RS;116;151,4;CAXIAS DO SUL;Manobra de mudança de faixa;Colisão lateral mesmo sentido;Com Vítimas Feridas;Plena Noite;Crescente;Céu Claro;Dupla;Curva;Sim;2;0;1;0;1;0;1;2;-29,180707;-51,164838;SPRF-RS;DEL05/RS;UOP01-DEL05-RS
773449;22/05/2026;sexta-feira;21:30:00;RS;116;122,1;SAO MARCOS;Reação tardia ou ineficiente do condutor;Saída de leito carroçável;Com Vítimas Feridas;Plena Noite;Decrescente;Garoa/Chuvisco;Simples;Curva;Não;2;0;2;0;0;0;2;1;-29,01161;-51,07447;SPRF-RS;DEL05/RS;UOP01-DEL05-RS
773571;23/05/2026;sábado;13:20:00;RS;116;144,3;CAXIAS DO SUL;Mal súbito do condutor;Tombamento;Com Vítimas Feridas;Pleno dia;Decrescente;Nublado;Dupla;"Reta;Declive";Sim;2;0;1;0;0;1;1;2;-29,1303503;-51,1280576;SPRF-RS;DEL05/RS;UOP01-DEL05-RS
773849;24/05/2026;domingo;16:00:00;RS;116;134;CAXIAS DO SUL;Ausência de reação do condutor;Colisão com objeto;Com Vítimas Feridas;Pleno dia;Decrescente;Céu Claro;Simples;Curva;Não;1;0;1;0;0;0;1;1;-29,07169428;-51,10253898;SPRF-RS;DEL05/RS;UOP01-DEL05-RS
774032;25/05/2026;segunda-feira;11:00:00;RS;116;145;CAXIAS DO SUL;Manobra de mudança de faixa;Colisão lateral mesmo sentido;Com Vítimas Feridas;Pleno dia;Crescente;Nublado;Dupla;Reta;Sim;2;0;1;0;1;0;1;2;-29,13593575;-51,13085238;SPRF-RS;DEL05/RS;UOP01-DEL05-RS
774125;25/05/2026;segunda-feira;17:30:00;RS;470;210;BENTO GONCALVES;Transitar na contramão;Colisão frontal;Com Vítimas Feridas;Anoitecer;Crescente;Chuva;Simples;Curva;Não;7;0;3;0;4;0;3;2;-29,12823973;-51,54147595;SPRF-RS;DEL06/RS;UOP01-DEL06-RS
774141;25/05/2026;segunda-feira;15:50:00;RS;470;211;BENTO GONCALVES;Transitar na contramão;Colisão frontal;Com Vítimas Fatais;Pleno dia;Decrescente;Chuva;Simples;Curva;Não;3;1;1;0;0;1;1;3;-29,13472845;-51,54483542;SPRF-RS;DEL06/RS;UOP01-DEL06-RS
774272;26/05/2026;terça-feira;15:30:00;RS;116;148;CAXIAS DO SUL;Ingestão de álcool pelo condutor;Colisão lateral mesmo sentido;Com Vítimas Feridas;Pleno dia;Decrescente;Garoa/Chuvisco;Dupla;Curva;Sim;3;0;1;0;2;0;1;2;-29,15290323;-51,14810798;SPRF-RS;DEL05/RS;UOP01-DEL05-RS
774674;24/05/2026;domingo;14:50:00;RS;470;232;CARLOS BARBOSA;Desrespeitar a preferência no cruzamento;Colisão transversal;Com Vítimas Feridas;Pleno dia;Decrescente;Céu Claro;Simples;"Reta;Aclive";Não;6;0;1;0;5;0;1;2;-29,29859;-51,480643;SPRF-RS;DEL06/RS;UOP01-DEL06-RS
774807;29/05/2026;sexta-feira;01:00:00;RS;116;130;SAO MARCOS;Condutor Dormindo;Saída de leito carroçável;Com Vítimas Feridas;Plena Noite;Crescente;Céu Claro;Simples;Curva;Não;1;0;1;0;0;0;1;1;-29,03642832;-51,09155148;SPRF-RS;DEL05/RS;UOP01-DEL05-RS
775001;29/05/2026;sexta-feira;19:00:00;RS;470;178;VERANOPOLIS;Acessar a via sem observar a presença dos outros veículos;Colisão transversal;Com Vítimas Feridas;Plena Noite;Crescente;Chuva;Simples;Reta;Sim;2;0;1;0;1;0;1;2;-28,94680822;-51,55287266;SPRF-RS;DEL06/RS;UOP02-DEL06-RS
775283;30/05/2026;sábado;18:05:00;RS;470;246;BARAO;Reação tardia ou ineficiente do condutor;Saída de leito carroçável;Com Vítimas Feridas;Plena Noite;Crescente;Céu Claro;Simples;Reta;Não;1;0;1;0;0;0;1;1;-29,383908;-51,492042;SPRF-RS;DEL06/RS;UOP01-DEL06-RS
776395;04/06/2026;quinta-feira;23:50:00;RS;116;149;CAXIAS DO SUL;Manobra de mudança de faixa;Colisão lateral mesmo sentido;Sem Vítimas;Plena Noite;Crescente;Céu Claro;Dupla;Reta;Sim;3;0;0;0;3;0;0;2;-29,168727;-51,158287;SPRF-RS;DEL05/RS;UOP01-DEL05-RS
776409;05/06/2026;sexta-feira;03:00:00;RS;470;221,3;GARIBALDI;Reação tardia ou ineficiente do condutor;Saída de leito carroçável;Com Vítimas Feridas;Plena Noite;Crescente;Céu Claro;Simples;Retorno Regulamentado;Sim;1;0;1;0;0;0;1;1;-29,20866439;-51,51808977;SPRF-RS;DEL06/RS;UOP01-DEL06-RS
776871;07/06/2026;domingo;05:00:00;RS;470;231,3;CARLOS BARBOSA;Reação tardia ou ineficiente do condutor;Capotamento;Com Vítimas Feridas;Plena Noite;Decrescente;Nublado;Simples;"Curva;Aclive";Não;3;0;3;0;0;0;3;1;-29,29652938;-51,48436753;SPRF-RS;DEL06/RS;UOP01-DEL06-RS
777477;09/06/2026;terça-feira;17:40:00;RS;470;177,3;VERANOPOLIS;Acessar a via sem observar a presença dos outros veículos;Colisão transversal;Com Vítimas Feridas;Anoitecer;Crescente;Céu Claro;Simples;"Reta;Interseção de Vias";Sim;3;0;1;0;2;0;1;3;-28,93900698;-51,54528586;SPRF-RS;DEL06/RS;UOP02-DEL06-RS
777693;10/06/2026;quarta-feira;18:25:00;RS;470;217;BENTO GONCALVES;Acessar a via sem observar a presença dos outros veículos;Colisão transversal;Com Vítimas Feridas;Anoitecer;Decrescente;Nublado;Dupla;Curva;Não;3;0;1;0;2;0;1;2;-29,17620563;-51,52137129;SPRF-RS;DEL06/RS;UOP01-DEL06-RS
777718;10/06/2026;quarta-feira;18:00:00;RS;470;173;VERANOPOLIS;Acessar a via sem observar a presença dos outros veículos;Colisão transversal;Com Vítimas Feridas;Anoitecer;Crescente;Céu Claro;Simples;Reta;Não;2;0;1;0;1;0;1;2;-28,9033535;-51,55063502;SPRF-RS;DEL06/RS;UOP02-DEL06-RS
777775;11/06/2026;quinta-feira;06:53:00;RS;470;177,5;VERANOPOLIS;Reação tardia ou ineficiente do condutor;Colisão frontal;Com Vítimas Feridas;Amanhecer;Decrescente;Nublado;Simples;"Reta;Aclive;Interseção de Vias";Sim;3;0;3;0;0;0;3;2;-28,93904828;-51,54527706;SPRF-RS;DEL06/RS;UOP02-DEL06-RS
777875;11/06/2026;quinta-feira;15:45:00;RS;116;159,3;CAXIAS DO SUL;Mal súbito do condutor;Colisão com objeto;Com Vítimas Feridas;Pleno dia;Crescente;Nevoeiro/Neblina;Simples;Reta;Sim;1;0;1;0;0;0;1;1;-29,22714;-51,15935;SPRF-RS;DEL05/RS;UOP01-DEL05-RS
777894;11/06/2026;quinta-feira;15:10:00;RS;470;228;GARIBALDI;Conversão proibida;Colisão lateral mesmo sentido;Com Vítimas Feridas;Pleno dia;Decrescente;Céu Claro;Simples;Curva;Não;2;0;1;0;1;0;1;2;-29,26384299;-51,50222652;SPRF-RS;DEL06/RS;UOP01-DEL06-RS
778193;12/06/2026;sexta-feira;19:10:00;RS;470;247;BARAO;Chuva;Saída de leito carroçável;Com Vítimas Feridas;Plena Noite;Crescente;Chuva;Simples;Curva;Não;1;0;1;0;0;0;1;1;-29,3890088;-51,4948937;NA;NA;NA
778282;13/06/2026;sábado;04:30:00;RS;470;180,4;VERANOPOLIS;Desrespeitar a preferência no cruzamento;Colisão transversal;Com Vítimas Feridas;Plena Noite;Crescente;Garoa/Chuvisco;Simples;"Retorno Regulamentado;Reta";Sim;3;0;1;0;2;0;1;2;-28,96030885;-51,56390039;NA;NA;NA
778388;13/06/2026;sábado;08:35:00;RS;116;155;CAXIAS DO SUL;Acessar a via sem observar a presença dos outros veículos;Colisão transversal;Com Vítimas Feridas;Pleno dia;Crescente;Nublado;Simples;Reta;Sim;2;0;1;0;1;0;1;2;-29,19382512;-51,17965204;NA;NA;NA
778439;13/06/2026;sábado;20:00:00;RS;470;211,3;BENTO GONCALVES;Ingestão de álcool pelo condutor;Saída de leito carroçável;Sem Vítimas;Plena Noite;Decrescente;Céu Claro;Simples;"Declive;Curva";Não;5;0;0;0;5;0;0;1;-29,1341597;-51,5448531;NA;NA;NA
778517;14/06/2026;domingo;05:30:00;RS;470;220;GARIBALDI;Ausência de reação do condutor;Saída de leito carroçável;Sem Vítimas;Plena Noite;Crescente;Céu Claro;Simples;"Curva;Aclive";Não;2;0;0;0;2;0;0;1;-29,201383;-51,518625;NA;NA;NA
778553;14/06/2026;domingo;08:00:00;RS;470;219;BENTO GONCALVES;Reação tardia ou ineficiente do condutor;Saída de leito carroçável;Com Vítimas Feridas;Pleno dia;Decrescente;Céu Claro;Dupla;"Curva;Aclive";Não;3;0;3;0;0;0;3;1;-29,18758533;-51,52113374;NA;NA;NA
778668;14/06/2026;domingo;17:50:00;RS;116;143;CAXIAS DO SUL;Condutor desrespeitou a iluminação vermelha do semáforo;Colisão transversal;Com Vítimas Feridas;Plena Noite;Crescente;Nublado;Dupla;Interseção de Vias;Sim;2;0;1;0;1;0;1;2;-29,12136745;-51,12251507;NA;NA;NA
778698;14/06/2026;domingo;18:00:00;RS;470;221;GARIBALDI;Condutor deixou de manter distância do veículo da frente;Colisão traseira;Com Vítimas Feridas;Anoitecer;Decrescente;Céu Claro;Simples;Reta;Sim;3;0;1;0;2;0;1;2;-29,213177;-51,517949;NA;NA;NA
778717;14/06/2026;domingo;23:00:00;RS;116;147;CAXIAS DO SUL;Ausência de reação do condutor;Colisão com objeto;Sem Vítimas;Plena Noite;Crescente;Céu Claro;Dupla;Reta;Sim;1;0;0;0;1;0;0;1;-29,15000923;-51,14487615;NA;NA;NA
778876;15/06/2026;segunda-feira;17:10:00;RS;470;217;BENTO GONCALVES;Acessar a via sem observar a presença dos outros veículos;Colisão transversal;Com Vítimas Feridas;Pleno dia;Decrescente;Céu Claro;Múltipla;"Retorno Regulamentado;Curva";Não;2;0;0;1;1;0;1;2;-29,17833206;-51,51837794;NA;NA;NA
779309;17/06/2026;quarta-feira;17:32:00;RS;470;172;VERANOPOLIS;Acessar a via sem observar a presença dos outros veículos;Colisão transversal;Com Vítimas Feridas;Pleno dia;Decrescente;Céu Claro;Múltipla;"Interseção de Vias;Reta";Sim;2;0;0;1;1;0;1;2;-28,90950197;-51,54533951;NA;NA;NA
779596;19/06/2026;sexta-feira;07:15:00;RS;470;209;VERANOPOLIS;Acessar a via sem observar a presença dos outros veículos;Colisão transversal;Com Vítimas Feridas;Pleno dia;Crescente;Céu Claro;Simples;Interseção de Vias;Sim;2;0;1;0;1;0;1;2;-28,89134079;-51,54941496;NA;NA;NA
779829;20/06/2026;sábado;02:30:00;RS;116;156,8;CAXIAS DO SUL;Reação tardia ou ineficiente do condutor;Colisão com objeto;Sem Vítimas;Plena Noite;Decrescente;Garoa/Chuvisco;Dupla;Curva;Não;1;0;0;0;0;1;0;1;-29,2523119;-51,15084507;NA;NA;NA
780545;20/06/2026;sábado;05:40:00;RS;116;149,2;CAXIAS DO SUL;Condutor desrespeitou a iluminação vermelha do semáforo;Colisão transversal;Com Vítimas Feridas;Plena Noite;Decrescente;Garoa/Chuvisco;Múltipla;Interseção de Vias;Sim;3;0;1;1;1;0;2;2;-29,16225793;-51,15698212;NA;NA;NA
780859;24/06/2026;quarta-feira;13:20:00;RS;116;145;CAXIAS DO SUL;Ausência de reação do condutor;Colisão traseira;Com Vítimas Feridas;Pleno dia;Crescente;Sol;Dupla;Reta;Sim;2;0;1;0;1;0;1;2;-29,141748;-51,13582;NA;NA;NA
781499;27/06/2026;sábado;12:15:00;RS;116;149,6;CAXIAS DO SUL;Avarias e/ou desgaste excessivo no pneu;Tombamento;Com Vítimas Feridas;Pleno dia;Decrescente;Sol;Dupla;"Aclive;Reta";Sim;2;0;2;0;0;0;2;1;-29,16657;-51,15843;NA;NA;NA
